------------Debug log started ini=0 level=3-----
Tue Sep  8 01:36:31.110 2026 : CtMain::main processing for command= / c0 show  (0 0)
Tue Sep  8 01:36:31.111 2026 : CpControllerMgmt::process Entering version=08.017.000.0008 Mar 06, 2026
Tue Sep  8 01:36:31.111 2026 : CpControllerMgmt::process API version 1:89
Tue Sep  8 01:36:31.111 2026 : CpControllerMgmt::process - Checking the type of command for special processing...
Tue Sep  8 01:36:31.111 2026 : CpControllerMgmt::checkCommand Entering
Tue Sep  8 01:36:31.111 2026 : CpControllerMgmt::process - allowCpRegistration:0
Tue Sep  8 01:36:31.111 2026 : TriModeControllerExplorer::explore - Entering
Tue Sep  8 01:36:31.111 2026 : TriModeControllerExplorer::initLibrary - Entering
Tue Sep  8 01:36:31.125 2026 : TriModeControllerExplorer::initLibrary - Exiting with retCode:0
Tue Sep  8 01:36:31.125 2026 : TriModeControllerExplorer::fillCtrlIdList - Entering
Tue Sep  8 01:36:31.125 2026 : TriModeControllerExplorer::fillCtrlIdList - ctrlCount:1
Tue Sep  8 01:36:31.125 2026 : TriModeControllerExplorer::fillCtrlIdList - Processing controller index:0
Tue Sep  8 01:36:31.126 2026 : TriModeControllerExplorer::getCtrlWorkingState Entering
Tue Sep  8 01:36:31.126 2026 : TriModeControllerExplorer::fillCtrlIdList - CtrlId:0 Controller Overall Working state:0
Tue Sep  8 01:36:31.126 2026 : TriModeControllerExplorer::getControllerMode Entering
Tue Sep  8 01:36:31.126 2026 : StoreLIBFacade::getControllerInfo Entering ctrlId=0

Tue Sep  8 01:36:31.126 2026 : StoreLIBFacade::getControllerInfo DCMD OpCode: 0x1010000
Tue Sep  8 01:36:31.126 2026 : CLI8 : StoreLIBFacade::issueStorelibCmd Entering ctrlId=0

Tue Sep  8 01:36:31.126 2026 : CLI8 : StoreLIBFacade::fireStorelibCommand Entering

Tue Sep  8 01:36:31.127 2026 : CLI8 : StoreLIBFacade::fireStorelibCommand Exiting with retCode:0x0

Tue Sep  8 01:36:31.127 2026 : ResponseHandler::checkSl8Response ENTER
Tue Sep  8 01:36:31.127 2026 : ResponseHandler::clearSl8ResponseData Enter
Tue Sep  8 01:36:31.127 2026 : clear resp data
Tue Sep  8 01:36:31.127 2026 : ResponseHandler::clearSl8ResponseData Exit
Tue Sep  8 01:36:31.127 2026 : ResponseParser::CreateInstance Enter
Tue Sep  8 01:36:31.127 2026 : ResponseParser::CreateInstance Exit
Tue Sep  8 01:36:31.127 2026 : FirmwareFailuresParser::GetErrorStrings Enter SLExtStat=0
Tue Sep  8 01:36:31.127 2026 : FirmwareFailuresParser::IgnoreStatusParser Enter
Tue Sep  8 01:36:31.127 2026 : FirmwareFailuresParser::IgnoreStatusParser Exit
Tue Sep  8 01:36:31.127 2026 : FirmwareFailuresParser::GetErrorStrings Exit
Tue Sep  8 01:36:31.127 2026 : ResponseHandler::checkSl8Response .message string Ignore extended status
Tue Sep  8 01:36:31.127 2026 : ResponseHandler::checkSl8Response EXIT with return code 0x0
Tue Sep  8 01:36:31.127 2026 : ResponseHandler::handleMR8BufferStatus Entering
Tue Sep  8 01:36:31.127 2026 : ResponseHandler::handleMR8BufferStatus dataBufElements:10 cmdType:2 cmd:514
Tue Sep  8 01:36:31.127 2026 : ResponseHandler::handleMR8BufferStatus dataBufElements:10 opCode:0x1010000
Tue Sep  8 01:36:31.127 2026 : ResponseHandler::handleMR8BufferStatus buffer:2 bufStatus:7
Tue Sep  8 01:36:31.127 2026 : ResponseHandler::handleMR8BufferStatus buffer:3 bufStatus:7
Tue Sep  8 01:36:31.127 2026 : ResponseHandler::handleMR8BufferStatus buffer:4 bufStatus:7
Tue Sep  8 01:36:31.127 2026 : ResponseHandler::handleMR8BufferStatus buffer:5 bufStatus:2
Tue Sep  8 01:36:31.127 2026 : ResponseHandler::handleMR8BufferStatus memsettig buffer:5 bufLength:48
Tue Sep  8 01:36:31.127 2026 : ResponseHandler::handleMR8BufferStatus buffer:6 bufStatus:7
Tue Sep  8 01:36:31.127 2026 : ResponseHandler::handleMR8BufferStatus buffer:7 bufStatus:7
Tue Sep  8 01:36:31.127 2026 : ResponseHandler::handleMR8BufferStatus buffer:8 bufStatus:2
Tue Sep  8 01:36:31.127 2026 : ResponseHandler::handleMR8BufferStatus memsettig buffer:8 bufLength:0
Tue Sep  8 01:36:31.127 2026 : ResponseHandler::handleMR8BufferStatus buffer:9 bufStatus:2
Tue Sep  8 01:36:31.127 2026 : ResponseHandler::handleMR8BufferStatus memsettig buffer:9 bufLength:0
Tue Sep  8 01:36:31.127 2026 : ResponseHandler::handleMR8BufferStatus Exiting
Tue Sep  8 01:36:31.127 2026 : CLI8 : StoreLIBFacade::issueStorelibCmd Exiting with retCode:0 cmdExtStatus =0

Tue Sep  8 01:36:31.127 2026 : StoreLIBFacade::getControllerInfo Exiting retCode:0x0
Tue Sep  8 01:36:31.127 2026 : handleUT8CharArray Entering data:SKD1010970 maxBytes:32 charType:0
Tue Sep  8 01:36:31.127 2026 : handleUT8CharArray tempStr:SKD1010970 length:10
Tue Sep  8 01:36:31.127 2026 : handleUT8CharArray Exiting formattedData:SKD1010970
Tue Sep  8 01:36:31.127 2026 : TriModeControllerExplorer::getControllerMode - FW API version 1.0.0.86
Tue Sep  8 01:36:31.127 2026 : TriModeControllerExplorer::getFWCompatibility Entering
Tue Sep  8 01:36:31.127 2026 : TriModeControllerExplorer::getFWCompatibility - Issuing MR8_QUERY_TYPE_QUERY_LIST...
Tue Sep  8 01:36:31.127 2026 : StoreLIBFacade::getQueryList Entering
Tue Sep  8 01:36:31.127 2026 : StoreLIBFacade::getQueryList DCMD OpCode: 0x10000 QueryType:0 QueryValue:0
Tue Sep  8 01:36:31.127 2026 : CLI8 : StoreLIBFacade::issueStorelibCmd Entering ctrlId=0

Tue Sep  8 01:36:31.127 2026 : CLI8 : StoreLIBFacade::fireStorelibCommand Entering

Tue Sep  8 01:36:31.127 2026 : CLI8 : StoreLIBFacade::fireStorelibCommand Exiting with retCode:0x0

Tue Sep  8 01:36:31.127 2026 : ResponseHandler::checkSl8Response ENTER
Tue Sep  8 01:36:31.127 2026 : ResponseHandler::clearSl8ResponseData Enter
Tue Sep  8 01:36:31.127 2026 : clear resp data
Tue Sep  8 01:36:31.127 2026 : ResponseHandler::clearSl8ResponseData Exit
Tue Sep  8 01:36:31.127 2026 : ResponseParser::CreateInstance Enter
Tue Sep  8 01:36:31.127 2026 : ResponseParser::CreateInstance Exit
Tue Sep  8 01:36:31.127 2026 : FirmwareFailuresParser::GetErrorStrings Enter SLExtStat=0
Tue Sep  8 01:36:31.127 2026 : FirmwareFailuresParser::IgnoreStatusParser Enter
Tue Sep  8 01:36:31.127 2026 : FirmwareFailuresParser::IgnoreStatusParser Exit
Tue Sep  8 01:36:31.127 2026 : FirmwareFailuresParser::GetErrorStrings Exit
Tue Sep  8 01:36:31.127 2026 : ResponseHandler::checkSl8Response .message string Ignore extended status
Tue Sep  8 01:36:31.127 2026 : ResponseHandler::checkSl8Response EXIT with return code 0x0
Tue Sep  8 01:36:31.127 2026 : ResponseHandler::handleMR8BufferStatus Entering
Tue Sep  8 01:36:31.127 2026 : ResponseHandler::handleMR8BufferStatus dataBufElements:3 cmdType:2 cmd:514
Tue Sep  8 01:36:31.127 2026 : ResponseHandler::handleMR8BufferStatus dataBufElements:3 opCode:0x10000
Tue Sep  8 01:36:31.127 2026 : ResponseHandler::handleMR8BufferStatus buffer:2 bufStatus:7
Tue Sep  8 01:36:31.127 2026 : ResponseHandler::handleMR8BufferStatus Exiting
Tue Sep  8 01:36:31.127 2026 : CLI8 : StoreLIBFacade::issueStorelibCmd Exiting with retCode:0 cmdExtStatus =0

Tue Sep  8 01:36:31.127 2026 : DEBUG_LOG_HEXDUMP: Entered with dataLength:1024

0000 : 00 01 00 00 07 00 FF 3B 00 00 00 00 0F 00 00 00 
0010 : 00 00 00 00 03 00 00 00 00 00 00 00 00 00 00 00 
0020 : 00 00 00 00 00 00 00 00 00 00 00 00 00 00 00 00 
0030 : 00 00 00 00 00 00 00 00 00 00 00 00 00 00 00 00 
0040 : 00 00 00 00 00 00 00 00 00 00 00 00 00 00 00 00 
0050 : 00 00 00 00 00 00 00 00 00 00 00 00 00 00 00 00 
0060 : 00 00 00 00 00 00 00 00 00 00 00 00 00 00 00 00 
0070 : 00 00 00 00 00 00 00 00 00 00 00 00 00 00 00 00 
0080 : 00 00 00 00 00 00 00 00 00 00 00 00 00 00 00 00 
0090 : 00 00 00 00 00 00 00 00 00 00 00 00 00 00 00 00 
00A0 : 00 00 00 00 00 00 00 00 00 00 00 00 00 00 00 00 
00B0 : 00 00 00 00 00 00 00 00 00 00 00 00 00 00 00 00 
00C0 : 00 00 00 00 00 00 00 00 00 00 00 00 00 00 00 00 
00D0 : 00 00 00 00 00 00 00 00 00 00 00 00 00 00 00 00 
00E0 : 00 00 00 00 00 00 00 00 00 00 00 00 00 00 00 00 
00F0 : 00 00 00 00 00 00 00 00 00 00 00 00 00 00 00 00 
0100 : 00 00 00 00 00 00 00 00 00 00 00 00 00 00 00 00 
0110 : 00 00 00 00 00 00 00 00 00 00 00 00 00 00 00 00 
0120 : 00 00 00 00 00 00 00 00 00 00 00 00 00 00 00 00 
0130 : 00 00 00 00 00 00 00 00 00 00 00 00 00 00 00 00 
0140 : 00 00 00 00 00 00 00 00 00 00 00 00 00 00 00 00 
0150 : 00 00 00 00 00 00 00 00 00 00 00 00 00 00 00 00 
0160 : 00 00 00 00 00 00 00 00 00 00 00 00 00 00 00 00 
0170 : 00 00 00 00 00 00 00 00 00 00 00 00 00 00 00 00 
0180 : 00 00 00 00 00 00 00 00 00 00 00 00 00 00 00 00 
0190 : 00 00 00 00 00 00 00 00 00 00 00 00 00 00 00 00 
01A0 : 00 00 00 00 00 00 00 00 00 00 00 00 00 00 00 00 
01B0 : 00 00 00 00 00 00 00 00 00 00 00 00 00 00 00 00 
01C0 : 00 00 00 00 00 00 00 00 00 00 00 00 00 00 00 00 
01D0 : 00 00 00 00 00 00 00 00 00 00 00 00 00 00 00 00 
01E0 : 00 00 00 00 00 00 00 00 00 00 00 00 00 00 00 00 
01F0 : 00 00 00 00 00 00 00 00 00 00 00 00 00 00 00 00 
0200 : 00 00 00 00 00 00 00 00 00 00 00 00 00 00 00 00 
0210 : 00 00 00 00 00 00 00 00 00 00 00 00 00 00 00 00 
0220 : 00 00 00 00 00 00 00 00 00 00 00 00 00 00 00 00 
0230 : 00 00 00 00 00 00 00 00 00 00 00 00 00 00 00 00 
0240 : 00 00 00 00 00 00 00 00 00 00 00 00 00 00 00 00 
0250 : 00 00 00 00 00 00 00 00 00 00 00 00 00 00 00 00 
0260 : 00 00 00 00 00 00 00 00 00 00 00 00 00 00 00 00 
0270 : 00 00 00 00 00 00 00 00 00 00 00 00 00 00 00 00 
0280 : 00 00 00 00 00 00 00 00 00 00 00 00 00 00 00 00 
0290 : 00 00 00 00 00 00 00 00 00 00 00 00 00 00 00 00 
02A0 : 00 00 00 00 00 00 00 00 00 00 00 00 00 00 00 00 
02B0 : 00 00 00 00 00 00 00 00 00 00 00 00 00 00 00 00 
02C0 : 00 00 00 00 00 00 00 00 00 00 00 00 00 00 00 00 
02D0 : 00 00 00 00 00 00 00 00 00 00 00 00 00 00 00 00 
02E0 : 00 00 00 00 00 00 00 00 00 00 00 00 00 00 00 00 
02F0 : 00 00 00 00 00 00 00 00 00 00 00 00 00 00 00 00 
0300 : 00 00 00 00 00 00 00 00 00 00 00 00 00 00 00 00 
0310 : 00 00 00 00 00 00 00 00 00 00 00 00 00 00 00 00 
0320 : 00 00 00 00 00 00 00 00 00 00 00 00 00 00 00 00 
0330 : 00 00 00 00 00 00 00 00 00 00 00 00 00 00 00 00 
0340 : 00 00 00 00 00 00 00 00 00 00 00 00 00 00 00 00 
0350 : 00 00 00 00 00 00 00 00 00 00 00 00 00 00 00 00 
0360 : 00 00 00 00 00 00 00 00 00 00 00 00 00 00 00 00 
0370 : 00 00 00 00 00 00 00 00 00 00 00 00 00 00 00 00 
0380 : 00 00 00 00 00 00 00 00 00 00 00 00 00 00 00 00 
0390 : 00 00 00 00 00 00 00 00 00 00 00 00 00 00 00 00 
03A0 : 00 00 00 00 00 00 00 00 00 00 00 00 00 00 00 00 
03B0 : 00 00 00 00 00 00 00 00 00 00 00 00 00 00 00 00 
03C0 : 00 00 00 00 00 00 00 00 00 00 00 00 00 00 00 00 
03D0 : 00 00 00 00 00 00 00 00 00 00 00 00 00 00 00 00 
03E0 : 00 00 00 00 00 00 00 00 00 00 00 00 00 00 00 00 
03F0 : 00 00 00 00 00 00 00 00 00 00 00 00 00 00 00 00 
Tue Sep  8 01:36:31.128 2026 : DEBUG_LOG_HEXDUMP: Exiting 

Tue Sep  8 01:36:31.128 2026 : StoreLIBFacade::getQueryList Exiting with retCode:0x0
Tue Sep  8 01:36:31.128 2026 : TriModeControllerExplorer::getFWCompatibility - MR8_QUERY_TYPE_QUERY_LIST retCode:0
Tue Sep  8 01:36:31.128 2026 : TriModeControllerExplorer::getFWCompatibility - Issuing MR8_QUERY_TYPE_FEATURE_COMPATIBILITY_ERROR...
Tue Sep  8 01:36:31.128 2026 : StoreLIBFacade::getQueryList Entering
Tue Sep  8 01:36:31.128 2026 : StoreLIBFacade::getQueryList DCMD OpCode: 0x10000 QueryType:1 QueryValue:0
Tue Sep  8 01:36:31.128 2026 : CLI8 : StoreLIBFacade::issueStorelibCmd Entering ctrlId=0

Tue Sep  8 01:36:31.128 2026 : CLI8 : StoreLIBFacade::fireStorelibCommand Entering

Tue Sep  8 01:36:31.128 2026 : CLI8 : StoreLIBFacade::fireStorelibCommand Exiting with retCode:0x0

Tue Sep  8 01:36:31.128 2026 : ResponseHandler::checkSl8Response ENTER
Tue Sep  8 01:36:31.128 2026 : ResponseHandler::clearSl8ResponseData Enter
Tue Sep  8 01:36:31.128 2026 : clear resp data
Tue Sep  8 01:36:31.128 2026 : ResponseHandler::clearSl8ResponseData Exit
Tue Sep  8 01:36:31.128 2026 : ResponseParser::CreateInstance Enter
Tue Sep  8 01:36:31.128 2026 : ResponseParser::CreateInstance Exit
Tue Sep  8 01:36:31.128 2026 : FirmwareFailuresParser::GetErrorStrings Enter SLExtStat=0
Tue Sep  8 01:36:31.128 2026 : FirmwareFailuresParser::IgnoreStatusParser Enter
Tue Sep  8 01:36:31.128 2026 : FirmwareFailuresParser::IgnoreStatusParser Exit
Tue Sep  8 01:36:31.128 2026 : FirmwareFailuresParser::GetErrorStrings Exit
Tue Sep  8 01:36:31.128 2026 : ResponseHandler::checkSl8Response .message string Ignore extended status
Tue Sep  8 01:36:31.128 2026 : ResponseHandler::checkSl8Response EXIT with return code 0x0
Tue Sep  8 01:36:31.128 2026 : ResponseHandler::handleMR8BufferStatus Entering
Tue Sep  8 01:36:31.128 2026 : ResponseHandler::handleMR8BufferStatus dataBufElements:3 cmdType:2 cmd:514
Tue Sep  8 01:36:31.128 2026 : ResponseHandler::handleMR8BufferStatus dataBufElements:3 opCode:0x10000
Tue Sep  8 01:36:31.128 2026 : ResponseHandler::handleMR8BufferStatus buffer:2 bufStatus:7
Tue Sep  8 01:36:31.128 2026 : ResponseHandler::handleMR8BufferStatus Exiting
Tue Sep  8 01:36:31.128 2026 : CLI8 : StoreLIBFacade::issueStorelibCmd Exiting with retCode:0 cmdExtStatus =0

Tue Sep  8 01:36:31.128 2026 : DEBUG_LOG_HEXDUMP: Entered with dataLength:1024

0000 : 00 01 00 00 00 00 00 00 00 00 00 00 00 00 00 00 
0010 : 00 00 00 00 00 00 00 00 00 00 00 00 00 00 00 00 
0020 : 00 00 00 00 00 00 00 00 00 00 00 00 00 00 00 00 
0030 : 00 00 00 00 00 00 00 00 00 00 00 00 00 00 00 00 
0040 : 00 00 00 00 00 00 00 00 00 00 00 00 00 00 00 00 
0050 : 00 00 00 00 00 00 00 00 00 00 00 00 00 00 00 00 
0060 : 00 00 00 00 00 00 00 00 00 00 00 00 00 00 00 00 
0070 : 00 00 00 00 00 00 00 00 00 00 00 00 00 00 00 00 
0080 : 00 00 00 00 00 00 00 00 00 00 00 00 00 00 00 00 
0090 : 00 00 00 00 00 00 00 00 00 00 00 00 00 00 00 00 
00A0 : 00 00 00 00 00 00 00 00 00 00 00 00 00 00 00 00 
00B0 : 00 00 00 00 00 00 00 00 00 00 00 00 00 00 00 00 
00C0 : 00 00 00 00 00 00 00 00 00 00 00 00 00 00 00 00 
00D0 : 00 00 00 00 00 00 00 00 00 00 00 00 00 00 00 00 
00E0 : 00 00 00 00 00 00 00 00 00 00 00 00 00 00 00 00 
00F0 : 00 00 00 00 00 00 00 00 00 00 00 00 00 00 00 00 
0100 : 00 00 00 00 00 00 00 00 00 00 00 00 00 00 00 00 
0110 : 00 00 00 00 00 00 00 00 00 00 00 00 00 00 00 00 
0120 : 00 00 00 00 00 00 00 00 00 00 00 00 00 00 00 00 
0130 : 00 00 00 00 00 00 00 00 00 00 00 00 00 00 00 00 
0140 : 00 00 00 00 00 00 00 00 00 00 00 00 00 00 00 00 
0150 : 00 00 00 00 00 00 00 00 00 00 00 00 00 00 00 00 
0160 : 00 00 00 00 00 00 00 00 00 00 00 00 00 00 00 00 
0170 : 00 00 00 00 00 00 00 00 00 00 00 00 00 00 00 00 
0180 : 00 00 00 00 00 00 00 00 00 00 00 00 00 00 00 00 
0190 : 00 00 00 00 00 00 00 00 00 00 00 00 00 00 00 00 
01A0 : 00 00 00 00 00 00 00 00 00 00 00 00 00 00 00 00 
01B0 : 00 00 00 00 00 00 00 00 00 00 00 00 00 00 00 00 
01C0 : 00 00 00 00 00 00 00 00 00 00 00 00 00 00 00 00 
01D0 : 00 00 00 00 00 00 00 00 00 00 00 00 00 00 00 00 
01E0 : 00 00 00 00 00 00 00 00 00 00 00 00 00 00 00 00 
01F0 : 00 00 00 00 00 00 00 00 00 00 00 00 00 00 00 00 
0200 : 00 00 00 00 00 00 00 00 00 00 00 00 00 00 00 00 
0210 : 00 00 00 00 00 00 00 00 00 00 00 00 00 00 00 00 
0220 : 00 00 00 00 00 00 00 00 00 00 00 00 00 00 00 00 
0230 : 00 00 00 00 00 00 00 00 00 00 00 00 00 00 00 00 
0240 : 00 00 00 00 00 00 00 00 00 00 00 00 00 00 00 00 
0250 : 00 00 00 00 00 00 00 00 00 00 00 00 00 00 00 00 
0260 : 00 00 00 00 00 00 00 00 00 00 00 00 00 00 00 00 
0270 : 00 00 00 00 00 00 00 00 00 00 00 00 00 00 00 00 
0280 : 00 00 00 00 00 00 00 00 00 00 00 00 00 00 00 00 
0290 : 00 00 00 00 00 00 00 00 00 00 00 00 00 00 00 00 
02A0 : 00 00 00 00 00 00 00 00 00 00 00 00 00 00 00 00 
02B0 : 00 00 00 00 00 00 00 00 00 00 00 00 00 00 00 00 
02C0 : 00 00 00 00 00 00 00 00 00 00 00 00 00 00 00 00 
02D0 : 00 00 00 00 00 00 00 00 00 00 00 00 00 00 00 00 
02E0 : 00 00 00 00 00 00 00 00 00 00 00 00 00 00 00 00 
02F0 : 00 00 00 00 00 00 00 00 00 00 00 00 00 00 00 00 
0300 : 00 00 00 00 00 00 00 00 00 00 00 00 00 00 00 00 
0310 : 00 00 00 00 00 00 00 00 00 00 00 00 00 00 00 00 
0320 : 00 00 00 00 00 00 00 00 00 00 00 00 00 00 00 00 
0330 : 00 00 00 00 00 00 00 00 00 00 00 00 00 00 00 00 
0340 : 00 00 00 00 00 00 00 00 00 00 00 00 00 00 00 00 
0350 : 00 00 00 00 00 00 00 00 00 00 00 00 00 00 00 00 
0360 : 00 00 00 00 00 00 00 00 00 00 00 00 00 00 00 00 
0370 : 00 00 00 00 00 00 00 00 00 00 00 00 00 00 00 00 
0380 : 00 00 00 00 00 00 00 00 00 00 00 00 00 00 00 00 
0390 : 00 00 00 00 00 00 00 00 00 00 00 00 00 00 00 00 
03A0 : 00 00 00 00 00 00 00 00 00 00 00 00 00 00 00 00 
03B0 : 00 00 00 00 00 00 00 00 00 00 00 00 00 00 00 00 
03C0 : 00 00 00 00 00 00 00 00 00 00 00 00 00 00 00 00 
03D0 : 00 00 00 00 00 00 00 00 00 00 00 00 00 00 00 00 
03E0 : 00 00 00 00 00 00 00 00 00 00 00 00 00 00 00 00 
03F0 : 00 00 00 00 00 00 00 00 00 00 00 00 00 00 00 00 
Tue Sep  8 01:36:31.128 2026 : DEBUG_LOG_HEXDUMP: Exiting 

Tue Sep  8 01:36:31.128 2026 : StoreLIBFacade::getQueryList Exiting with retCode:0x0
Tue Sep  8 01:36:31.128 2026 : TriModeControllerExplorer::getFWCompatibility - MR8_QUERY_TYPE_FEATURE_COMPATIBILITY_ERROR retCode:0
Tue Sep  8 01:36:31.128 2026 : TriModeControllerExplorer::getFWCompatibility - numberOfValidBits:256 
Tue Sep  8 01:36:31.128 2026 : TriModeControllerExplorer::getFWCompatibility - Issuing MR8_QUERY_TYPE_FEATURE_COMPATIBILITY_WARNING...
Tue Sep  8 01:36:31.128 2026 : StoreLIBFacade::getQueryList Entering
Tue Sep  8 01:36:31.128 2026 : StoreLIBFacade::getQueryList DCMD OpCode: 0x10000 QueryType:2 QueryValue:0
Tue Sep  8 01:36:31.128 2026 : CLI8 : StoreLIBFacade::issueStorelibCmd Entering ctrlId=0

Tue Sep  8 01:36:31.128 2026 : CLI8 : StoreLIBFacade::fireStorelibCommand Entering

Tue Sep  8 01:36:31.128 2026 : CLI8 : StoreLIBFacade::fireStorelibCommand Exiting with retCode:0x0

Tue Sep  8 01:36:31.128 2026 : ResponseHandler::checkSl8Response ENTER
Tue Sep  8 01:36:31.128 2026 : ResponseHandler::clearSl8ResponseData Enter
Tue Sep  8 01:36:31.128 2026 : clear resp data
Tue Sep  8 01:36:31.128 2026 : ResponseHandler::clearSl8ResponseData Exit
Tue Sep  8 01:36:31.128 2026 : ResponseParser::CreateInstance Enter
Tue Sep  8 01:36:31.128 2026 : ResponseParser::CreateInstance Exit
Tue Sep  8 01:36:31.128 2026 : FirmwareFailuresParser::GetErrorStrings Enter SLExtStat=0
Tue Sep  8 01:36:31.128 2026 : FirmwareFailuresParser::IgnoreStatusParser Enter
Tue Sep  8 01:36:31.128 2026 : FirmwareFailuresParser::IgnoreStatusParser Exit
Tue Sep  8 01:36:31.128 2026 : FirmwareFailuresParser::GetErrorStrings Exit
Tue Sep  8 01:36:31.128 2026 : ResponseHandler::checkSl8Response .message string Ignore extended status
Tue Sep  8 01:36:31.128 2026 : ResponseHandler::checkSl8Response EXIT with return code 0x0
Tue Sep  8 01:36:31.128 2026 : ResponseHandler::handleMR8BufferStatus Entering
Tue Sep  8 01:36:31.128 2026 : ResponseHandler::handleMR8BufferStatus dataBufElements:3 cmdType:2 cmd:514
Tue Sep  8 01:36:31.128 2026 : ResponseHandler::handleMR8BufferStatus dataBufElements:3 opCode:0x10000
Tue Sep  8 01:36:31.128 2026 : ResponseHandler::handleMR8BufferStatus buffer:2 bufStatus:7
Tue Sep  8 01:36:31.128 2026 : ResponseHandler::handleMR8BufferStatus Exiting
Tue Sep  8 01:36:31.128 2026 : CLI8 : StoreLIBFacade::issueStorelibCmd Exiting with retCode:0 cmdExtStatus =0

Tue Sep  8 01:36:31.128 2026 : DEBUG_LOG_HEXDUMP: Entered with dataLength:1024

0000 : 00 01 00 00 02 00 00 00 00 00 00 00 00 00 00 00 
0010 : 00 00 00 00 00 00 00 00 00 00 00 00 00 00 00 00 
0020 : 00 00 00 00 00 00 00 00 00 00 00 00 00 00 00 00 
0030 : 00 00 00 00 00 00 00 00 00 00 00 00 00 00 00 00 
0040 : 00 00 00 00 00 00 00 00 00 00 00 00 00 00 00 00 
0050 : 00 00 00 00 00 00 00 00 00 00 00 00 00 00 00 00 
0060 : 00 00 00 00 00 00 00 00 00 00 00 00 00 00 00 00 
0070 : 00 00 00 00 00 00 00 00 00 00 00 00 00 00 00 00 
0080 : 00 00 00 00 00 00 00 00 00 00 00 00 00 00 00 00 
0090 : 00 00 00 00 00 00 00 00 00 00 00 00 00 00 00 00 
00A0 : 00 00 00 00 00 00 00 00 00 00 00 00 00 00 00 00 
00B0 : 00 00 00 00 00 00 00 00 00 00 00 00 00 00 00 00 
00C0 : 00 00 00 00 00 00 00 00 00 00 00 00 00 00 00 00 
00D0 : 00 00 00 00 00 00 00 00 00 00 00 00 00 00 00 00 
00E0 : 00 00 00 00 00 00 00 00 00 00 00 00 00 00 00 00 
00F0 : 00 00 00 00 00 00 00 00 00 00 00 00 00 00 00 00 
0100 : 00 00 00 00 00 00 00 00 00 00 00 00 00 00 00 00 
0110 : 00 00 00 00 00 00 00 00 00 00 00 00 00 00 00 00 
0120 : 00 00 00 00 00 00 00 00 00 00 00 00 00 00 00 00 
0130 : 00 00 00 00 00 00 00 00 00 00 00 00 00 00 00 00 
0140 : 00 00 00 00 00 00 00 00 00 00 00 00 00 00 00 00 
0150 : 00 00 00 00 00 00 00 00 00 00 00 00 00 00 00 00 
0160 : 00 00 00 00 00 00 00 00 00 00 00 00 00 00 00 00 
0170 : 00 00 00 00 00 00 00 00 00 00 00 00 00 00 00 00 
0180 : 00 00 00 00 00 00 00 00 00 00 00 00 00 00 00 00 
0190 : 00 00 00 00 00 00 00 00 00 00 00 00 00 00 00 00 
01A0 : 00 00 00 00 00 00 00 00 00 00 00 00 00 00 00 00 
01B0 : 00 00 00 00 00 00 00 00 00 00 00 00 00 00 00 00 
01C0 : 00 00 00 00 00 00 00 00 00 00 00 00 00 00 00 00 
01D0 : 00 00 00 00 00 00 00 00 00 00 00 00 00 00 00 00 
01E0 : 00 00 00 00 00 00 00 00 00 00 00 00 00 00 00 00 
01F0 : 00 00 00 00 00 00 00 00 00 00 00 00 00 00 00 00 
0200 : 00 00 00 00 00 00 00 00 00 00 00 00 00 00 00 00 
0210 : 00 00 00 00 00 00 00 00 00 00 00 00 00 00 00 00 
0220 : 00 00 00 00 00 00 00 00 00 00 00 00 00 00 00 00 
0230 : 00 00 00 00 00 00 00 00 00 00 00 00 00 00 00 00 
0240 : 00 00 00 00 00 00 00 00 00 00 00 00 00 00 00 00 
0250 : 00 00 00 00 00 00 00 00 00 00 00 00 00 00 00 00 
0260 : 00 00 00 00 00 00 00 00 00 00 00 00 00 00 00 00 
0270 : 00 00 00 00 00 00 00 00 00 00 00 00 00 00 00 00 
0280 : 00 00 00 00 00 00 00 00 00 00 00 00 00 00 00 00 
0290 : 00 00 00 00 00 00 00 00 00 00 00 00 00 00 00 00 
02A0 : 00 00 00 00 00 00 00 00 00 00 00 00 00 00 00 00 
02B0 : 00 00 00 00 00 00 00 00 00 00 00 00 00 00 00 00 
02C0 : 00 00 00 00 00 00 00 00 00 00 00 00 00 00 00 00 
02D0 : 00 00 00 00 00 00 00 00 00 00 00 00 00 00 00 00 
02E0 : 00 00 00 00 00 00 00 00 00 00 00 00 00 00 00 00 
02F0 : 00 00 00 00 00 00 00 00 00 00 00 00 00 00 00 00 
0300 : 00 00 00 00 00 00 00 00 00 00 00 00 00 00 00 00 
0310 : 00 00 00 00 00 00 00 00 00 00 00 00 00 00 00 00 
0320 : 00 00 00 00 00 00 00 00 00 00 00 00 00 00 00 00 
0330 : 00 00 00 00 00 00 00 00 00 00 00 00 00 00 00 00 
0340 : 00 00 00 00 00 00 00 00 00 00 00 00 00 00 00 00 
0350 : 00 00 00 00 00 00 00 00 00 00 00 00 00 00 00 00 
0360 : 00 00 00 00 00 00 00 00 00 00 00 00 00 00 00 00 
0370 : 00 00 00 00 00 00 00 00 00 00 00 00 00 00 00 00 
0380 : 00 00 00 00 00 00 00 00 00 00 00 00 00 00 00 00 
0390 : 00 00 00 00 00 00 00 00 00 00 00 00 00 00 00 00 
03A0 : 00 00 00 00 00 00 00 00 00 00 00 00 00 00 00 00 
03B0 : 00 00 00 00 00 00 00 00 00 00 00 00 00 00 00 00 
03C0 : 00 00 00 00 00 00 00 00 00 00 00 00 00 00 00 00 
03D0 : 00 00 00 00 00 00 00 00 00 00 00 00 00 00 00 00 
03E0 : 00 00 00 00 00 00 00 00 00 00 00 00 00 00 00 00 
03F0 : 00 00 00 00 00 00 00 00 00 00 00 00 00 00 00 00 
Tue Sep  8 01:36:31.128 2026 : DEBUG_LOG_HEXDUMP: Exiting 

Tue Sep  8 01:36:31.128 2026 : StoreLIBFacade::getQueryList Exiting with retCode:0x0
Tue Sep  8 01:36:31.128 2026 : TriModeControllerExplorer::getFWCompatibility - MR8_QUERY_TYPE_FEATURE_COMPATIBILITY_WARNING retCode:0
Tue Sep  8 01:36:31.128 2026 : TriModeControllerExplorer::fillCtrlIdList - Creating TriModeCtrlId object with personality:2 ctrlOverallState:0 retCode:0x0 isMFSupported=0  ctrlOEM=1
Tue Sep  8 01:36:31.128 2026 : StoreLIBFacade::getPCIInfo Entering
Tue Sep  8 01:36:31.128 2026 : CLI8 : StoreLIBFacade::issueStorelibCmd Entering ctrlId=0

Tue Sep  8 01:36:31.128 2026 : CLI8 : StoreLIBFacade::fireStorelibCommand Entering

Tue Sep  8 01:36:31.134 2026 : CLI8 : StoreLIBFacade::fireStorelibCommand Exiting with retCode:0x0

Tue Sep  8 01:36:31.134 2026 : ResponseHandler::checkSl8Response ENTER
Tue Sep  8 01:36:31.134 2026 : ResponseHandler::clearSl8ResponseData Enter
Tue Sep  8 01:36:31.134 2026 : clear resp data
Tue Sep  8 01:36:31.134 2026 : ResponseHandler::clearSl8ResponseData Exit
Tue Sep  8 01:36:31.134 2026 : ResponseParser::CreateInstance Enter
Tue Sep  8 01:36:31.134 2026 : ResponseParser::CreateInstance Exit
Tue Sep  8 01:36:31.134 2026 : FirmwareFailuresParser::GetErrorStrings Enter SLExtStat=0
Tue Sep  8 01:36:31.134 2026 : FirmwareFailuresParser::IgnoreStatusParser Enter
Tue Sep  8 01:36:31.134 2026 : FirmwareFailuresParser::IgnoreStatusParser Exit
Tue Sep  8 01:36:31.134 2026 : FirmwareFailuresParser::GetErrorStrings Exit
Tue Sep  8 01:36:31.134 2026 : ResponseHandler::checkSl8Response .message string Ignore extended status
Tue Sep  8 01:36:31.134 2026 : ResponseHandler::checkSl8Response EXIT with return code 0x0
Tue Sep  8 01:36:31.134 2026 : ResponseHandler::handleMR8BufferStatus Entering
Tue Sep  8 01:36:31.134 2026 : ResponseHandler::handleMR8BufferStatus dataBufElements:1 cmdType:1 cmd:258
Tue Sep  8 01:36:31.134 2026 : ResponseHandler::handleMR8BufferStatus Exiting
Tue Sep  8 01:36:31.134 2026 : CLI8 : StoreLIBFacade::issueStorelibCmd Exiting with retCode:0 cmdExtStatus =0

Tue Sep  8 01:36:31.134 2026 : StoreLIBFacade::getPCIInfo Exiting - retCode:0x0
Tue Sep  8 01:36:31.134 2026 : TriModeControllerExplorer::fillCtrlIdList - Exiting - retCode:0
Tue Sep  8 01:36:31.134 2026 : CpCtMgmt::getCpController - CtrlMode:2 CtrlOEM:1 CtrlState:0 DisplayId:255 initRetCode:0X0
Tue Sep  8 01:36:31.134 2026 : CpCtMgmt::getCpController - OEM is honoured
Tue Sep  8 01:36:31.134 2026 : CtrlDataManager getInstance Entering

Tue Sep  8 01:36:31.134 2026 : CtrlDataManager::getManufacturingPage - Entering
Tue Sep  8 01:36:31.134 2026 : CtrlDataManager::getManufacturingPage - MFG page:5 action:2 pageType:1
Tue Sep  8 01:36:31.134 2026 : CtrlDataManager::getManufacturingPage - Entering
Tue Sep  8 01:36:31.134 2026 : StoreLIBFacade::issueMPIConfigPagePassthru Entering
Tue Sep  8 01:36:31.134 2026 : CLI8 : StoreLIBFacade::issueStorelibCmd Entering ctrlId=0

Tue Sep  8 01:36:31.134 2026 : CLI8 : StoreLIBFacade::fireStorelibCommand Entering

Tue Sep  8 01:36:31.134 2026 : CLI8 : StoreLIBFacade::fireStorelibCommand Exiting with retCode:0x0

Tue Sep  8 01:36:31.134 2026 : ResponseHandler::checkSl8Response ENTER
Tue Sep  8 01:36:31.134 2026 : ResponseHandler::clearSl8ResponseData Enter
Tue Sep  8 01:36:31.134 2026 : clear resp data
Tue Sep  8 01:36:31.134 2026 : ResponseHandler::clearSl8ResponseData Exit
Tue Sep  8 01:36:31.134 2026 : ResponseParser::CreateInstance Enter
Tue Sep  8 01:36:31.134 2026 : ResponseParser::CreateInstance Exit
Tue Sep  8 01:36:31.134 2026 : FirmwareFailuresParser::GetErrorStrings Enter SLExtStat=0
Tue Sep  8 01:36:31.134 2026 : FirmwareFailuresParser::IgnoreStatusParser Enter
Tue Sep  8 01:36:31.134 2026 : FirmwareFailuresParser::IgnoreStatusParser Exit
Tue Sep  8 01:36:31.134 2026 : FirmwareFailuresParser::GetErrorStrings Exit
Tue Sep  8 01:36:31.134 2026 : ResponseHandler::checkSl8Response .message string Ignore extended status
Tue Sep  8 01:36:31.134 2026 : ResponseHandler::checkSl8Response EXIT with return code 0x0
Tue Sep  8 01:36:31.134 2026 : ResponseHandler::handleMR8BufferStatus Entering
Tue Sep  8 01:36:31.134 2026 : ResponseHandler::handleMR8BufferStatus dataBufElements:2 cmdType:2 cmd:516
Tue Sep  8 01:36:31.134 2026 : ResponseHandler::handleMR8BufferStatus Exiting
Tue Sep  8 01:36:31.134 2026 : CLI8 : StoreLIBFacade::issueStorelibCmd Exiting with retCode:0 cmdExtStatus =0

Tue Sep  8 01:36:31.134 2026 : CtrlDataManager::getManufacturingPage - Exiting retCode:0
Tue Sep  8 01:36:31.134 2026 : CtrlDataManager::getManufacturingPage - Page:5 length:196
Tue Sep  8 01:36:31.134 2026 : CtrlDataManager::readMfgPageData - Entering
Tue Sep  8 01:36:31.134 2026 : StoreLIBFacade::issueMPIConfigPagePassthru Entering
Tue Sep  8 01:36:31.134 2026 : CLI8 : StoreLIBFacade::issueStorelibCmd Entering ctrlId=0

Tue Sep  8 01:36:31.134 2026 : CLI8 : StoreLIBFacade::fireStorelibCommand Entering

Tue Sep  8 01:36:31.134 2026 : CLI8 : StoreLIBFacade::fireStorelibCommand Exiting with retCode:0x0

Tue Sep  8 01:36:31.134 2026 : ResponseHandler::checkSl8Response ENTER
Tue Sep  8 01:36:31.134 2026 : ResponseHandler::clearSl8ResponseData Enter
Tue Sep  8 01:36:31.134 2026 : clear resp data
Tue Sep  8 01:36:31.134 2026 : ResponseHandler::clearSl8ResponseData Exit
Tue Sep  8 01:36:31.134 2026 : ResponseParser::CreateInstance Enter
Tue Sep  8 01:36:31.134 2026 : ResponseParser::CreateInstance Exit
Tue Sep  8 01:36:31.134 2026 : FirmwareFailuresParser::GetErrorStrings Enter SLExtStat=0
Tue Sep  8 01:36:31.134 2026 : FirmwareFailuresParser::IgnoreStatusParser Enter
Tue Sep  8 01:36:31.134 2026 : FirmwareFailuresParser::IgnoreStatusParser Exit
Tue Sep  8 01:36:31.134 2026 : FirmwareFailuresParser::GetErrorStrings Exit
Tue Sep  8 01:36:31.134 2026 : ResponseHandler::checkSl8Response .message string Ignore extended status
Tue Sep  8 01:36:31.134 2026 : ResponseHandler::checkSl8Response EXIT with return code 0x0
Tue Sep  8 01:36:31.134 2026 : ResponseHandler::handleMR8BufferStatus Entering
Tue Sep  8 01:36:31.134 2026 : ResponseHandler::handleMR8BufferStatus dataBufElements:2 cmdType:2 cmd:516
Tue Sep  8 01:36:31.134 2026 : ResponseHandler::handleMR8BufferStatus Exiting
Tue Sep  8 01:36:31.134 2026 : CLI8 : StoreLIBFacade::issueStorelibCmd Exiting with retCode:0 cmdExtStatus =0

Tue Sep  8 01:36:31.134 2026 : CtrlDataManager::readMfgPageData - Exiting retCode:0
Tue Sep  8 01:36:31.134 2026 : CtrlDataManager::getManufacturingPage - Got MFG page - retCode:0
Tue Sep  8 01:36:31.134 2026 : CtrlDataManager getInstance Entering

Tue Sep  8 01:36:31.134 2026 : CtrlDataManager::getManufacturingPage - Entering
Tue Sep  8 01:36:31.134 2026 : CtrlDataManager::getManufacturingPage - MFG page:5 action:2 pageType:1
Tue Sep  8 01:36:31.134 2026 : CtrlDataManager::getManufacturingPage - Entering
Tue Sep  8 01:36:31.134 2026 : StoreLIBFacade::issueMPIConfigPagePassthru Entering
Tue Sep  8 01:36:31.134 2026 : CLI8 : StoreLIBFacade::issueStorelibCmd Entering ctrlId=0

Tue Sep  8 01:36:31.134 2026 : CLI8 : StoreLIBFacade::fireStorelibCommand Entering

Tue Sep  8 01:36:31.134 2026 : CLI8 : StoreLIBFacade::fireStorelibCommand Exiting with retCode:0x0

Tue Sep  8 01:36:31.134 2026 : ResponseHandler::checkSl8Response ENTER
Tue Sep  8 01:36:31.134 2026 : ResponseHandler::clearSl8ResponseData Enter
Tue Sep  8 01:36:31.134 2026 : clear resp data
Tue Sep  8 01:36:31.134 2026 : ResponseHandler::clearSl8ResponseData Exit
Tue Sep  8 01:36:31.134 2026 : ResponseParser::CreateInstance Enter
Tue Sep  8 01:36:31.134 2026 : ResponseParser::CreateInstance Exit
Tue Sep  8 01:36:31.134 2026 : FirmwareFailuresParser::GetErrorStrings Enter SLExtStat=0
Tue Sep  8 01:36:31.134 2026 : FirmwareFailuresParser::IgnoreStatusParser Enter
Tue Sep  8 01:36:31.134 2026 : FirmwareFailuresParser::IgnoreStatusParser Exit
Tue Sep  8 01:36:31.134 2026 : FirmwareFailuresParser::GetErrorStrings Exit
Tue Sep  8 01:36:31.134 2026 : ResponseHandler::checkSl8Response .message string Ignore extended status
Tue Sep  8 01:36:31.134 2026 : ResponseHandler::checkSl8Response EXIT with return code 0x0
Tue Sep  8 01:36:31.134 2026 : ResponseHandler::handleMR8BufferStatus Entering
Tue Sep  8 01:36:31.134 2026 : ResponseHandler::handleMR8BufferStatus dataBufElements:2 cmdType:2 cmd:516
Tue Sep  8 01:36:31.134 2026 : ResponseHandler::handleMR8BufferStatus Exiting
Tue Sep  8 01:36:31.134 2026 : CLI8 : StoreLIBFacade::issueStorelibCmd Exiting with retCode:0 cmdExtStatus =0

Tue Sep  8 01:36:31.134 2026 : CtrlDataManager::getManufacturingPage - Exiting retCode:0
Tue Sep  8 01:36:31.134 2026 : CtrlDataManager::getManufacturingPage - Page:5 length:196
Tue Sep  8 01:36:31.134 2026 : CtrlDataManager::readMfgPageData - Entering
Tue Sep  8 01:36:31.134 2026 : StoreLIBFacade::issueMPIConfigPagePassthru Entering
Tue Sep  8 01:36:31.134 2026 : CLI8 : StoreLIBFacade::issueStorelibCmd Entering ctrlId=0

Tue Sep  8 01:36:31.134 2026 : CLI8 : StoreLIBFacade::fireStorelibCommand Entering

Tue Sep  8 01:36:31.134 2026 : CLI8 : StoreLIBFacade::fireStorelibCommand Exiting with retCode:0x0

Tue Sep  8 01:36:31.134 2026 : ResponseHandler::checkSl8Response ENTER
Tue Sep  8 01:36:31.134 2026 : ResponseHandler::clearSl8ResponseData Enter
Tue Sep  8 01:36:31.134 2026 : clear resp data
Tue Sep  8 01:36:31.134 2026 : ResponseHandler::clearSl8ResponseData Exit
Tue Sep  8 01:36:31.134 2026 : ResponseParser::CreateInstance Enter
Tue Sep  8 01:36:31.134 2026 : ResponseParser::CreateInstance Exit
Tue Sep  8 01:36:31.134 2026 : FirmwareFailuresParser::GetErrorStrings Enter SLExtStat=0
Tue Sep  8 01:36:31.134 2026 : FirmwareFailuresParser::IgnoreStatusParser Enter
Tue Sep  8 01:36:31.134 2026 : FirmwareFailuresParser::IgnoreStatusParser Exit
Tue Sep  8 01:36:31.134 2026 : FirmwareFailuresParser::GetErrorStrings Exit
Tue Sep  8 01:36:31.134 2026 : ResponseHandler::checkSl8Response .message string Ignore extended status
Tue Sep  8 01:36:31.134 2026 : ResponseHandler::checkSl8Response EXIT with return code 0x0
Tue Sep  8 01:36:31.134 2026 : ResponseHandler::handleMR8BufferStatus Entering

Tue Sep  8 01:36:31.134 2026 : ResponseHandler::handleMR8BufferStatus dataBufElements:2 cmdType:2 cmd:516
Tue Sep  8 01:36:31.135 2026 : ResponseHandler::handleMR8BufferStatus Exiting
Tue Sep  8 01:36:31.135 2026 : CLI8 : StoreLIBFacade::issueStorelibCmd Exiting with retCode:0 cmdExtStatus =0

Tue Sep  8 01:36:31.135 2026 : CtrlDataManager::readMfgPageData - Exiting retCode:0
Tue Sep  8 01:36:31.135 2026 : CtrlDataManager::getManufacturingPage - Got MFG page - retCode:0
Tue Sep  8 01:36:31.135 2026 : CpControllerMgmt::getAdapterStatusStr Entering
Tue Sep  8 01:36:31.135 2026 : CpControllerMgmt::getAdapterStatusStr adapterState:0 ctrlDisplayId:0
Tue Sep  8 01:36:31.136 2026 : CpCtrl - CpController::process oem=1
Tue Sep  8 01:36:31.136 2026 : CtrlDataManager getInstance Entering

Tue Sep  8 01:36:31.136 2026 : DriveDataManager getInstance Entering

Tue Sep  8 01:36:31.136 2026 : VolumeDataManager getInstance Entering

Tue Sep  8 01:36:31.136 2026 : ConfigDataManager getInstance Entering

Tue Sep  8 01:36:31.136 2026 : ConfigDataManager Constructor Entering

Tue Sep  8 01:36:31.136 2026 : ConfigDataManager Constructor Exiting

Tue Sep  8 01:36:31.136 2026 : CtrlDataManager readBasicCtrlInfo Entering

Tue Sep  8 01:36:31.136 2026 : CtrlDataManager getMrCtrlInfo - Entering

Tue Sep  8 01:36:31.136 2026 : StoreLIBFacade::getControllerInfo Entering ctrlId=0

Tue Sep  8 01:36:31.136 2026 : StoreLIBFacade::getControllerInfo DCMD OpCode: 0x1010000
Tue Sep  8 01:36:31.136 2026 : CLI8 : StoreLIBFacade::issueStorelibCmd Entering ctrlId=0

Tue Sep  8 01:36:31.136 2026 : CLI8 : StoreLIBFacade::fireStorelibCommand Entering

Tue Sep  8 01:36:31.138 2026 : CLI8 : StoreLIBFacade::fireStorelibCommand Exiting with retCode:0x0

Tue Sep  8 01:36:31.138 2026 : ResponseHandler::checkSl8Response ENTER
Tue Sep  8 01:36:31.138 2026 : ResponseHandler::clearSl8ResponseData Enter
Tue Sep  8 01:36:31.138 2026 : clear resp data
Tue Sep  8 01:36:31.138 2026 : ResponseHandler::clearSl8ResponseData Exit
Tue Sep  8 01:36:31.138 2026 : ResponseParser::CreateInstance Enter
Tue Sep  8 01:36:31.138 2026 : ResponseParser::CreateInstance Exit
Tue Sep  8 01:36:31.138 2026 : FirmwareFailuresParser::GetErrorStrings Enter SLExtStat=0
Tue Sep  8 01:36:31.138 2026 : FirmwareFailuresParser::IgnoreStatusParser Enter
Tue Sep  8 01:36:31.138 2026 : FirmwareFailuresParser::IgnoreStatusParser Exit
Tue Sep  8 01:36:31.138 2026 : FirmwareFailuresParser::GetErrorStrings Exit
Tue Sep  8 01:36:31.138 2026 : ResponseHandler::checkSl8Response .message string Ignore extended status
Tue Sep  8 01:36:31.138 2026 : ResponseHandler::checkSl8Response EXIT with return code 0x0
Tue Sep  8 01:36:31.138 2026 : ResponseHandler::handleMR8BufferStatus Entering
Tue Sep  8 01:36:31.138 2026 : ResponseHandler::handleMR8BufferStatus dataBufElements:10 cmdType:2 cmd:514
Tue Sep  8 01:36:31.138 2026 : ResponseHandler::handleMR8BufferStatus dataBufElements:10 opCode:0x1010000
Tue Sep  8 01:36:31.138 2026 : ResponseHandler::handleMR8BufferStatus buffer:2 bufStatus:7
Tue Sep  8 01:36:31.138 2026 : ResponseHandler::handleMR8BufferStatus buffer:3 bufStatus:7
Tue Sep  8 01:36:31.138 2026 : ResponseHandler::handleMR8BufferStatus buffer:4 bufStatus:7
Tue Sep  8 01:36:31.138 2026 : ResponseHandler::handleMR8BufferStatus buffer:5 bufStatus:2
Tue Sep  8 01:36:31.138 2026 : ResponseHandler::handleMR8BufferStatus memsettig buffer:5 bufLength:48
Tue Sep  8 01:36:31.138 2026 : ResponseHandler::handleMR8BufferStatus buffer:6 bufStatus:7
Tue Sep  8 01:36:31.138 2026 : ResponseHandler::handleMR8BufferStatus buffer:7 bufStatus:7
Tue Sep  8 01:36:31.138 2026 : ResponseHandler::handleMR8BufferStatus buffer:8 bufStatus:7
Tue Sep  8 01:36:31.138 2026 : ResponseHandler::handleMR8BufferStatus buffer:9 bufStatus:7
Tue Sep  8 01:36:31.138 2026 : ResponseHandler::handleMR8BufferStatus Exiting
Tue Sep  8 01:36:31.138 2026 : CLI8 : StoreLIBFacade::issueStorelibCmd Exiting with retCode:0 cmdExtStatus =0

Tue Sep  8 01:36:31.138 2026 : StoreLIBFacade::getControllerInfo Exiting retCode:0x0
Tue Sep  8 01:36:31.138 2026 : CtrlDataManager getMrCtrlInfo - Exiting with retCode:0

Tue Sep  8 01:36:31.138 2026 : CtrlDataManager::getManufacturingPage - Entering
Tue Sep  8 01:36:31.138 2026 : CtrlDataManager::getManufacturingPage - MFG page:0 action:2 pageType:1
Tue Sep  8 01:36:31.138 2026 : CtrlDataManager::getManufacturingPage - Entering
Tue Sep  8 01:36:31.138 2026 : StoreLIBFacade::issueMPIConfigPagePassthru Entering
Tue Sep  8 01:36:31.138 2026 : CLI8 : StoreLIBFacade::issueStorelibCmd Entering ctrlId=0

Tue Sep  8 01:36:31.138 2026 : CLI8 : StoreLIBFacade::fireStorelibCommand Entering

Tue Sep  8 01:36:31.138 2026 : CLI8 : StoreLIBFacade::fireStorelibCommand Exiting with retCode:0x0

Tue Sep  8 01:36:31.138 2026 : ResponseHandler::checkSl8Response ENTER
Tue Sep  8 01:36:31.138 2026 : ResponseHandler::clearSl8ResponseData Enter
Tue Sep  8 01:36:31.138 2026 : clear resp data
Tue Sep  8 01:36:31.138 2026 : ResponseHandler::clearSl8ResponseData Exit
Tue Sep  8 01:36:31.138 2026 : ResponseParser::CreateInstance Enter
Tue Sep  8 01:36:31.138 2026 : ResponseParser::CreateInstance Exit
Tue Sep  8 01:36:31.138 2026 : FirmwareFailuresParser::GetErrorStrings Enter SLExtStat=0
Tue Sep  8 01:36:31.138 2026 : FirmwareFailuresParser::IgnoreStatusParser Enter
Tue Sep  8 01:36:31.138 2026 : FirmwareFailuresParser::IgnoreStatusParser Exit
Tue Sep  8 01:36:31.138 2026 : FirmwareFailuresParser::GetErrorStrings Exit
Tue Sep  8 01:36:31.138 2026 : ResponseHandler::checkSl8Response .message string Ignore extended status
Tue Sep  8 01:36:31.138 2026 : ResponseHandler::checkSl8Response EXIT with return code 0x0
Tue Sep  8 01:36:31.138 2026 : ResponseHandler::handleMR8BufferStatus Entering
Tue Sep  8 01:36:31.138 2026 : ResponseHandler::handleMR8BufferStatus dataBufElements:2 cmdType:2 cmd:516
Tue Sep  8 01:36:31.138 2026 : ResponseHandler::handleMR8BufferStatus Exiting
Tue Sep  8 01:36:31.138 2026 : CLI8 : StoreLIBFacade::issueStorelibCmd Exiting with retCode:0 cmdExtStatus =0

Tue Sep  8 01:36:31.138 2026 : CtrlDataManager::getManufacturingPage - Exiting retCode:0
Tue Sep  8 01:36:31.138 2026 : CtrlDataManager::getManufacturingPage - Page:0 length:112
Tue Sep  8 01:36:31.138 2026 : CtrlDataManager::readMfgPageData - Entering
Tue Sep  8 01:36:31.138 2026 : StoreLIBFacade::issueMPIConfigPagePassthru Entering
Tue Sep  8 01:36:31.138 2026 : CLI8 : StoreLIBFacade::issueStorelibCmd Entering ctrlId=0

Tue Sep  8 01:36:31.138 2026 : CLI8 : StoreLIBFacade::fireStorelibCommand Entering

Tue Sep  8 01:36:31.138 2026 : CLI8 : StoreLIBFacade::fireStorelibCommand Exiting with retCode:0x0

Tue Sep  8 01:36:31.138 2026 : ResponseHandler::checkSl8Response ENTER
Tue Sep  8 01:36:31.138 2026 : ResponseHandler::clearSl8ResponseData Enter
Tue Sep  8 01:36:31.138 2026 : clear resp data
Tue Sep  8 01:36:31.138 2026 : ResponseHandler::clearSl8ResponseData Exit
Tue Sep  8 01:36:31.138 2026 : ResponseParser::CreateInstance Enter
Tue Sep  8 01:36:31.138 2026 : ResponseParser::CreateInstance Exit
Tue Sep  8 01:36:31.138 2026 : FirmwareFailuresParser::GetErrorStrings Enter SLExtStat=0
Tue Sep  8 01:36:31.138 2026 : FirmwareFailuresParser::IgnoreStatusParser Enter
Tue Sep  8 01:36:31.138 2026 : FirmwareFailuresParser::IgnoreStatusParser Exit
Tue Sep  8 01:36:31.138 2026 : FirmwareFailuresParser::GetErrorStrings Exit
Tue Sep  8 01:36:31.138 2026 : ResponseHandler::checkSl8Response .message string Ignore extended status
Tue Sep  8 01:36:31.138 2026 : ResponseHandler::checkSl8Response EXIT with return code 0x0
Tue Sep  8 01:36:31.138 2026 : ResponseHandler::handleMR8BufferStatus Entering
Tue Sep  8 01:36:31.138 2026 : ResponseHandler::handleMR8BufferStatus dataBufElements:2 cmdType:2 cmd:516
Tue Sep  8 01:36:31.138 2026 : ResponseHandler::handleMR8BufferStatus Exiting
Tue Sep  8 01:36:31.138 2026 : CLI8 : StoreLIBFacade::issueStorelibCmd Exiting with retCode:0 cmdExtStatus =0

Tue Sep  8 01:36:31.138 2026 : CtrlDataManager::readMfgPageData - Exiting retCode:0
Tue Sep  8 01:36:31.138 2026 : CtrlDataManager::getManufacturingPage - Got MFG page - retCode:0
Tue Sep  8 01:36:31.138 2026 : CtrlDataManager::getComponentVersionInfo Entering
Tue Sep  8 01:36:31.138 2026 : StoreLIBFacade::readFlashComponentVersionInfo Entering
Tue Sep  8 01:36:31.138 2026 : CLI8 : StoreLIBFacade::issueStorelibCmd Entering ctrlId=0

Tue Sep  8 01:36:31.138 2026 : CLI8 : StoreLIBFacade::fireStorelibCommand Entering

Tue Sep  8 01:36:31.139 2026 : CLI8 : StoreLIBFacade::fireStorelibCommand Exiting with retCode:0x0

Tue Sep  8 01:36:31.139 2026 : ResponseHandler::checkSl8Response ENTER
Tue Sep  8 01:36:31.139 2026 : ResponseHandler::clearSl8ResponseData Enter
Tue Sep  8 01:36:31.139 2026 : clear resp data
Tue Sep  8 01:36:31.139 2026 : ResponseHandler::clearSl8ResponseData Exit
Tue Sep  8 01:36:31.139 2026 : ResponseParser::CreateInstance Enter
Tue Sep  8 01:36:31.139 2026 : ResponseParser::CreateInstance Exit
Tue Sep  8 01:36:31.139 2026 : FirmwareFailuresParser::GetErrorStrings Enter SLExtStat=0
Tue Sep  8 01:36:31.139 2026 : FirmwareFailuresParser::IgnoreStatusParser Enter
Tue Sep  8 01:36:31.139 2026 : FirmwareFailuresParser::IgnoreStatusParser Exit
Tue Sep  8 01:36:31.139 2026 : FirmwareFailuresParser::GetErrorStrings Exit
Tue Sep  8 01:36:31.139 2026 : ResponseHandler::checkSl8Response .message string Ignore extended status
Tue Sep  8 01:36:31.139 2026 : ResponseHandler::checkSl8Response EXIT with return code 0x0
Tue Sep  8 01:36:31.139 2026 : ResponseHandler::handleMR8BufferStatus Entering
Tue Sep  8 01:36:31.139 2026 : ResponseHandler::handleMR8BufferStatus dataBufElements:3 cmdType:1 cmd:265
Tue Sep  8 01:36:31.139 2026 : ResponseHandler::handleMR8BufferStatus Exiting
Tue Sep  8 01:36:31.139 2026 : CLI8 : StoreLIBFacade::issueStorelibCmd Exiting with retCode:0 cmdExtStatus =0

Tue Sep  8 01:36:31.139 2026 : CLI8 : StoreLIBFacade::issueStorelibCmd Entering ctrlId=0

Tue Sep  8 01:36:31.139 2026 : CLI8 : StoreLIBFacade::fireStorelibCommand Entering

Tue Sep  8 01:36:31.141 2026 : CLI8 : StoreLIBFacade::fireStorelibCommand Exiting with retCode:0x0

Tue Sep  8 01:36:31.141 2026 : ResponseHandler::checkSl8Response ENTER
Tue Sep  8 01:36:31.141 2026 : ResponseHandler::clearSl8ResponseData Enter
Tue Sep  8 01:36:31.141 2026 : clear resp data
Tue Sep  8 01:36:31.141 2026 : ResponseHandler::clearSl8ResponseData Exit
Tue Sep  8 01:36:31.141 2026 : ResponseParser::CreateInstance Enter
Tue Sep  8 01:36:31.141 2026 : ResponseParser::CreateInstance Exit
Tue Sep  8 01:36:31.141 2026 : FirmwareFailuresParser::GetErrorStrings Enter SLExtStat=0
Tue Sep  8 01:36:31.141 2026 : FirmwareFailuresParser::IgnoreStatusParser Enter
Tue Sep  8 01:36:31.141 2026 : FirmwareFailuresParser::IgnoreStatusParser Exit
Tue Sep  8 01:36:31.141 2026 : FirmwareFailuresParser::GetErrorStrings Exit
Tue Sep  8 01:36:31.141 2026 : ResponseHandler::checkSl8Response .message string Ignore extended status
Tue Sep  8 01:36:31.141 2026 : ResponseHandler::checkSl8Response EXIT with return code 0x0
Tue Sep  8 01:36:31.141 2026 : ResponseHandler::handleMR8BufferStatus Entering
Tue Sep  8 01:36:31.141 2026 : ResponseHandler::handleMR8BufferStatus dataBufElements:3 cmdType:1 cmd:265
Tue Sep  8 01:36:31.141 2026 : ResponseHandler::handleMR8BufferStatus Exiting
Tue Sep  8 01:36:31.141 2026 : CLI8 : StoreLIBFacade::issueStorelibCmd Exiting with retCode:0 cmdExtStatus =0

Tue Sep  8 01:36:31.141 2026 : CtrlDataManager::getComponentVersionInfo Exiting retCode:0
Tue Sep  8 01:36:31.141 2026 : CtrlDataManager::readBasicCtrlInfo - FlashComponentCount:6
Tue Sep  8 01:36:31.141 2026 : CtrlDataManager::readBasicCtrlInfo - FlashComponentName:APP
Tue Sep  8 01:36:31.141 2026 : CtrlDataManager::readBasicCtrlInfo - FlashComponentName:FMC
Tue Sep  8 01:36:31.141 2026 : CtrlDataManager::readBasicCtrlInfo - FlashComponentName:BSP
Tue Sep  8 01:36:31.141 2026 : CtrlDataManager::readBasicCtrlInfo - FlashComponentName:BIOS
Tue Sep  8 01:36:31.141 2026 : CtrlDataManager::readBasicCtrlInfo - FlashComponentName:HIIM
Tue Sep  8 01:36:31.141 2026 : CtrlDataManager::readBasicCtrlInfo - FlashComponentName:HIIA
Tue Sep  8 01:36:31.141 2026 : CtrlDataManager::getManufacturingPage - Entering
Tue Sep  8 01:36:31.141 2026 : CtrlDataManager::getManufacturingPage - MFG page:0 action:2 pageType:0
Tue Sep  8 01:36:31.141 2026 : CtrlDataManager::getManufacturingPage - Entering
Tue Sep  8 01:36:31.141 2026 : StoreLIBFacade::issueMPIConfigPagePassthru Entering
Tue Sep  8 01:36:31.141 2026 : CLI8 : StoreLIBFacade::issueStorelibCmd Entering ctrlId=0

Tue Sep  8 01:36:31.141 2026 : CLI8 : StoreLIBFacade::fireStorelibCommand Entering

Tue Sep  8 01:36:31.141 2026 : CLI8 : StoreLIBFacade::fireStorelibCommand Exiting with retCode:0x0

Tue Sep  8 01:36:31.141 2026 : ResponseHandler::checkSl8Response ENTER
Tue Sep  8 01:36:31.141 2026 : ResponseHandler::clearSl8ResponseData Enter
Tue Sep  8 01:36:31.141 2026 : clear resp data
Tue Sep  8 01:36:31.141 2026 : ResponseHandler::clearSl8ResponseData Exit
Tue Sep  8 01:36:31.141 2026 : ResponseParser::CreateInstance Enter
Tue Sep  8 01:36:31.141 2026 : ResponseParser::CreateInstance Exit
Tue Sep  8 01:36:31.141 2026 : FirmwareFailuresParser::GetErrorStrings Enter SLExtStat=0
Tue Sep  8 01:36:31.141 2026 : FirmwareFailuresParser::IgnoreStatusParser Enter
Tue Sep  8 01:36:31.141 2026 : FirmwareFailuresParser::IgnoreStatusParser Exit
Tue Sep  8 01:36:31.141 2026 : FirmwareFailuresParser::GetErrorStrings Exit
Tue Sep  8 01:36:31.141 2026 : ResponseHandler::checkSl8Response .message string Ignore extended status
Tue Sep  8 01:36:31.141 2026 : ResponseHandler::checkSl8Response EXIT with return code 0x0
Tue Sep  8 01:36:31.141 2026 : ResponseHandler::handleMR8BufferStatus Entering
Tue Sep  8 01:36:31.141 2026 : ResponseHandler::handleMR8BufferStatus dataBufElements:2 cmdType:2 cmd:516
Tue Sep  8 01:36:31.141 2026 : ResponseHandler::handleMR8BufferStatus Exiting
Tue Sep  8 01:36:31.141 2026 : CLI8 : StoreLIBFacade::issueStorelibCmd Exiting with retCode:0 cmdExtStatus =0

Tue Sep  8 01:36:31.141 2026 : CtrlDataManager::getManufacturingPage - Exiting retCode:0
Tue Sep  8 01:36:31.141 2026 : CtrlDataManager::getManufacturingPage - Page:0 length:6
Tue Sep  8 01:36:31.141 2026 : CtrlDataManager::readMfgPageData - Entering
Tue Sep  8 01:36:31.141 2026 : StoreLIBFacade::issueMPIConfigPagePassthru Entering
Tue Sep  8 01:36:31.141 2026 : CLI8 : StoreLIBFacade::issueStorelibCmd Entering ctrlId=0

Tue Sep  8 01:36:31.141 2026 : CLI8 : StoreLIBFacade::fireStorelibCommand Entering

Tue Sep  8 01:36:31.141 2026 : CLI8 : StoreLIBFacade::fireStorelibCommand Exiting with retCode:0x0

Tue Sep  8 01:36:31.141 2026 : ResponseHandler::checkSl8Response ENTER
Tue Sep  8 01:36:31.141 2026 : ResponseHandler::clearSl8ResponseData Enter
Tue Sep  8 01:36:31.141 2026 : clear resp data
Tue Sep  8 01:36:31.141 2026 : ResponseHandler::clearSl8ResponseData Exit
Tue Sep  8 01:36:31.141 2026 : ResponseParser::CreateInstance Enter
Tue Sep  8 01:36:31.141 2026 : ResponseParser::CreateInstance Exit
Tue Sep  8 01:36:31.141 2026 : FirmwareFailuresParser::GetErrorStrings Enter SLExtStat=0
Tue Sep  8 01:36:31.141 2026 : FirmwareFailuresParser::IgnoreStatusParser Enter
Tue Sep  8 01:36:31.141 2026 : FirmwareFailuresParser::IgnoreStatusParser Exit
Tue Sep  8 01:36:31.141 2026 : FirmwareFailuresParser::GetErrorStrings Exit
Tue Sep  8 01:36:31.141 2026 : ResponseHandler::checkSl8Response .message string Ignore extended status
Tue Sep  8 01:36:31.141 2026 : ResponseHandler::checkSl8Response EXIT with return code 0x0
Tue Sep  8 01:36:31.141 2026 : ResponseHandler::handleMR8BufferStatus Entering
Tue Sep  8 01:36:31.141 2026 : ResponseHandler::handleMR8BufferStatus dataBufElements:2 cmdType:2 cmd:516
Tue Sep  8 01:36:31.141 2026 : ResponseHandler::handleMR8BufferStatus Exiting
Tue Sep  8 01:36:31.141 2026 : CLI8 : StoreLIBFacade::issueStorelibCmd Exiting with retCode:0 cmdExtStatus =0

Tue Sep  8 01:36:31.141 2026 : CtrlDataManager::readMfgPageData - Exiting retCode:0
Tue Sep  8 01:36:31.141 2026 : CtrlDataManager::getManufacturingPage - Got MFG page - retCode:0
Tue Sep  8 01:36:31.141 2026 : CtrlDataManager::getCtrlSASAddress Entering
Tue Sep  8 01:36:31.141 2026 : CtrlDataManager getMrCtrlInfo - Entering

Tue Sep  8 01:36:31.141 2026 : CtrlDataManager getMrCtrlInfo - Returning persisted Static and Dynamic controller info

Tue Sep  8 01:36:31.141 2026 : CtrlDataManager::getCtrlSASAddress Exiting retCode:0
Tue Sep  8 01:36:31.141 2026 : handleUT8CharArray Entering data:SKD1010970 maxBytes:32 charType:0
Tue Sep  8 01:36:31.141 2026 : handleUT8CharArray tempStr:SKD1010970 length:10
Tue Sep  8 01:36:31.141 2026 : handleUT8CharArray Exiting formattedData:SKD1010970
Tue Sep  8 01:36:31.141 2026 : CtrlDataManager::getIOCTimestamp - Entering
Tue Sep  8 01:36:31.141 2026 : StoreLIBFacade::issueMPIMessagePassthru Entering
Tue Sep  8 01:36:31.141 2026 : CLI8 : StoreLIBFacade::issueStorelibCmd Entering ctrlId=0

Tue Sep  8 01:36:31.141 2026 : CLI8 : StoreLIBFacade::fireStorelibCommand Entering

Tue Sep  8 01:36:31.141 2026 : CLI8 : StoreLIBFacade::fireStorelibCommand Exiting with retCode:0x0

Tue Sep  8 01:36:31.141 2026 : ResponseHandler::checkSl8Response ENTER
Tue Sep  8 01:36:31.141 2026 : ResponseHandler::clearSl8ResponseData Enter
Tue Sep  8 01:36:31.141 2026 : clear resp data
Tue Sep  8 01:36:31.141 2026 : ResponseHandler::clearSl8ResponseData Exit
Tue Sep  8 01:36:31.141 2026 : ResponseParser::CreateInstance Enter
Tue Sep  8 01:36:31.141 2026 : ResponseParser::CreateInstance Exit
Tue Sep  8 01:36:31.141 2026 : FirmwareFailuresParser::GetErrorStrings Enter SLExtStat=0
Tue Sep  8 01:36:31.141 2026 : FirmwareFailuresParser::IgnoreStatusParser Enter
Tue Sep  8 01:36:31.141 2026 : FirmwareFailuresParser::IgnoreStatusParser Exit
Tue Sep  8 01:36:31.141 2026 : FirmwareFailuresParser::GetErrorStrings Exit
Tue Sep  8 01:36:31.141 2026 : ResponseHandler::checkSl8Response .message string Ignore extended status
Tue Sep  8 01:36:31.141 2026 : ResponseHandler::checkSl8Response EXIT with return code 0x0
Tue Sep  8 01:36:31.141 2026 : ResponseHandler::handleMR8BufferStatus Entering
Tue Sep  8 01:36:31.141 2026 : ResponseHandler::handleMR8BufferStatus dataBufElements:2 cmdType:2 cmd:517
Tue Sep  8 01:36:31.141 2026 : ResponseHandler::handleMR8BufferStatus Exiting
Tue Sep  8 01:36:31.141 2026 : CLI8 : StoreLIBFacade::issueStorelibCmd Exiting with retCode:0 cmdExtStatus =0

Tue Sep  8 01:36:31.141 2026 : CtrlDataManager::getIOCTimestamp - Exiting retCode:0 timestamp:1788831391141
Tue Sep  8 01:36:31.141 2026 : CtrlDataManager::readBasicCtrlInfo - IOCTimestamp:1788831391141d
Tue Sep  8 01:36:31.141 2026 : CtrlDataManager::getCurrentPersonality Entering
Tue Sep  8 01:36:31.141 2026 : CtrlDataManager::getPersonality Entering
Tue Sep  8 01:36:31.141 2026 : CtrlDataManager getMrCtrlInfo - Entering

Tue Sep  8 01:36:31.141 2026 : CtrlDataManager getMrCtrlInfo - Returning persisted Static and Dynamic controller info

Tue Sep  8 01:36:31.141 2026 : StoreLIBFacade::getControllerPersonality Entering

Tue Sep  8 01:36:31.141 2026 : StoreLIBFacade::getControllerPersonality DCMD OpCode: 0x10A0100
Tue Sep  8 01:36:31.141 2026 : CLI8 : StoreLIBFacade::issueStorelibCmd Entering ctrlId=0

Tue Sep  8 01:36:31.141 2026 : CLI8 : StoreLIBFacade::fireStorelibCommand Entering

Tue Sep  8 01:36:31.141 2026 : CLI8 : StoreLIBFacade::fireStorelibCommand Exiting with retCode:0x0

Tue Sep  8 01:36:31.141 2026 : ResponseHandler::checkSl8Response ENTER
Tue Sep  8 01:36:31.141 2026 : ResponseHandler::clearSl8ResponseData Enter
Tue Sep  8 01:36:31.141 2026 : clear resp data
Tue Sep  8 01:36:31.141 2026 : ResponseHandler::clearSl8ResponseData Exit
Tue Sep  8 01:36:31.141 2026 : ResponseParser::CreateInstance Enter
Tue Sep  8 01:36:31.141 2026 : ResponseParser::CreateInstance Exit
Tue Sep  8 01:36:31.141 2026 : FirmwareFailuresParser::GetErrorStrings Enter SLExtStat=0
Tue Sep  8 01:36:31.141 2026 : FirmwareFailuresParser::IgnoreStatusParser Enter
Tue Sep  8 01:36:31.141 2026 : FirmwareFailuresParser::IgnoreStatusParser Exit
Tue Sep  8 01:36:31.141 2026 : FirmwareFailuresParser::GetErrorStrings Exit
Tue Sep  8 01:36:31.141 2026 : ResponseHandler::checkSl8Response .message string Ignore extended status
Tue Sep  8 01:36:31.141 2026 : ResponseHandler::checkSl8Response EXIT with return code 0x0
Tue Sep  8 01:36:31.141 2026 : ResponseHandler::handleMR8BufferStatus Entering
Tue Sep  8 01:36:31.141 2026 : ResponseHandler::handleMR8BufferStatus dataBufElements:3 cmdType:2 cmd:514
Tue Sep  8 01:36:31.141 2026 : ResponseHandler::handleMR8BufferStatus dataBufElements:3 opCode:0x10a0100
Tue Sep  8 01:36:31.141 2026 : ResponseHandler::handleMR8BufferStatus buffer:2 bufStatus:7
Tue Sep  8 01:36:31.141 2026 : ResponseHandler::handleMR8BufferStatus Exiting
Tue Sep  8 01:36:31.141 2026 : CLI8 : StoreLIBFacade::issueStorelibCmd Exiting with retCode:0 cmdExtStatus =0

Tue Sep  8 01:36:31.141 2026 : StoreLIBFacade::getControllerPersonality retCode:0x0
Tue Sep  8 01:36:31.141 2026 : CtrlDataManager::getPersonality Exiting retCode:0
Tue Sep  8 01:36:31.141 2026 : CtrlDataManager::getCurrentPersonality PersonalityCount:1
Tue Sep  8 01:36:31.141 2026 : handleUT8CharArray Entering data:RAID maxBytes:32 charType:0
Tue Sep  8 01:36:31.141 2026 : handleUT8CharArray tempStr:RAID length:4
Tue Sep  8 01:36:31.141 2026 : handleUT8CharArray Exiting formattedData:RAID
Tue Sep  8 01:36:31.141 2026 : CtrlDataManager::getCurrentPersonality Personality Found! PersonalityId:2 CurrentPersonalityName:RAID
Tue Sep  8 01:36:31.141 2026 : CtrlDataManager::getCurrentPersonality Exiting - Personality:2
Tue Sep  8 01:36:31.141 2026 : CtrlDataManager getMrCtrlInfo - Entering

Tue Sep  8 01:36:31.141 2026 : CtrlDataManager getMrCtrlInfo - Returning persisted Static and Dynamic controller info

Tue Sep  8 01:36:31.141 2026 : CtrlDataManager::readPCIInformation Entering
Tue Sep  8 01:36:31.141 2026 : StoreLIBFacade::getPCIInfo Entering
Tue Sep  8 01:36:31.141 2026 : CLI8 : StoreLIBFacade::issueStorelibCmd Entering ctrlId=0

Tue Sep  8 01:36:31.141 2026 : CLI8 : StoreLIBFacade::fireStorelibCommand Entering

Tue Sep  8 01:36:31.147 2026 : CLI8 : StoreLIBFacade::fireStorelibCommand Exiting with retCode:0x0

Tue Sep  8 01:36:31.147 2026 : ResponseHandler::checkSl8Response ENTER
Tue Sep  8 01:36:31.147 2026 : ResponseHandler::clearSl8ResponseData Enter
Tue Sep  8 01:36:31.147 2026 : clear resp data
Tue Sep  8 01:36:31.147 2026 : ResponseHandler::clearSl8ResponseData Exit
Tue Sep  8 01:36:31.147 2026 : ResponseParser::CreateInstance Enter
Tue Sep  8 01:36:31.147 2026 : ResponseParser::CreateInstance Exit
Tue Sep  8 01:36:31.147 2026 : FirmwareFailuresParser::GetErrorStrings Enter SLExtStat=0
Tue Sep  8 01:36:31.147 2026 : FirmwareFailuresParser::IgnoreStatusParser Enter
Tue Sep  8 01:36:31.147 2026 : FirmwareFailuresParser::IgnoreStatusParser Exit
Tue Sep  8 01:36:31.147 2026 : FirmwareFailuresParser::GetErrorStrings Exit
Tue Sep  8 01:36:31.147 2026 : ResponseHandler::checkSl8Response .message string Ignore extended status
Tue Sep  8 01:36:31.147 2026 : ResponseHandler::checkSl8Response EXIT with return code 0x0
Tue Sep  8 01:36:31.147 2026 : ResponseHandler::handleMR8BufferStatus Entering
Tue Sep  8 01:36:31.147 2026 : ResponseHandler::handleMR8BufferStatus dataBufElements:1 cmdType:1 cmd:258
Tue Sep  8 01:36:31.147 2026 : ResponseHandler::handleMR8BufferStatus Exiting
Tue Sep  8 01:36:31.147 2026 : CLI8 : StoreLIBFacade::issueStorelibCmd Exiting with retCode:0 cmdExtStatus =0

Tue Sep  8 01:36:31.147 2026 : StoreLIBFacade::getPCIInfo Exiting - retCode:0x0
Tue Sep  8 01:36:31.147 2026 : CtrlDataManager::readCtrlBus - m_mrPopulatedDynamicCtrlInfo_->hostInterface.currentPciLinkSpeed:255
Tue Sep  8 01:36:31.147 2026 : CtrlDataManager::getPlatformSecurityInfo Entering
Tue Sep  8 01:36:31.147 2026 : StoreLIBFacade::getSPDMPsecInfo Entering

Tue Sep  8 01:36:31.147 2026 : CLI8 : StoreLIBFacade::issueStorelibCmd Entering ctrlId=0

Tue Sep  8 01:36:31.147 2026 : CLI8 : StoreLIBFacade::fireStorelibCommand Entering

Tue Sep  8 01:36:31.147 2026 : CLI8 : StoreLIBFacade::fireStorelibCommand Exiting with retCode:0x0

Tue Sep  8 01:36:31.147 2026 : ResponseHandler::checkSl8Response ENTER
Tue Sep  8 01:36:31.148 2026 : ResponseHandler::clearSl8ResponseData Enter
Tue Sep  8 01:36:31.148 2026 : clear resp data
Tue Sep  8 01:36:31.148 2026 : ResponseHandler::clearSl8ResponseData Exit
Tue Sep  8 01:36:31.148 2026 : ResponseParser::CreateInstance Enter
Tue Sep  8 01:36:31.148 2026 : ResponseParser::CreateInstance Exit
Tue Sep  8 01:36:31.148 2026 : FirmwareFailuresParser::GetErrorStrings Enter SLExtStat=0
Tue Sep  8 01:36:31.148 2026 : FirmwareFailuresParser::IgnoreStatusParser Enter
Tue Sep  8 01:36:31.148 2026 : FirmwareFailuresParser::IgnoreStatusParser Exit
Tue Sep  8 01:36:31.148 2026 : FirmwareFailuresParser::GetErrorStrings Exit
Tue Sep  8 01:36:31.148 2026 : ResponseHandler::checkSl8Response .message string Ignore extended status
Tue Sep  8 01:36:31.148 2026 : ResponseHandler::checkSl8Response EXIT with return code 0x0
Tue Sep  8 01:36:31.148 2026 : ResponseHandler::handleMR8BufferStatus Entering
Tue Sep  8 01:36:31.148 2026 : ResponseHandler::handleMR8BufferStatus dataBufElements:7 cmdType:2 cmd:514
Tue Sep  8 01:36:31.148 2026 : ResponseHandler::handleMR8BufferStatus dataBufElements:7 opCode:0x1060100
Tue Sep  8 01:36:31.148 2026 : ResponseHandler::handleMR8BufferStatus buffer:2 bufStatus:7
Tue Sep  8 01:36:31.148 2026 : ResponseHandler::handleMR8BufferStatus buffer:3 bufStatus:7
Tue Sep  8 01:36:31.148 2026 : ResponseHandler::handleMR8BufferStatus buffer:4 bufStatus:7
Tue Sep  8 01:36:31.148 2026 : ResponseHandler::handleMR8BufferStatus buffer:5 bufStatus:7
Tue Sep  8 01:36:31.148 2026 : ResponseHandler::handleMR8BufferStatus buffer:6 bufStatus:7
Tue Sep  8 01:36:31.148 2026 : ResponseHandler::handleMR8BufferStatus Exiting
Tue Sep  8 01:36:31.148 2026 : CLI8 : StoreLIBFacade::issueStorelibCmd Exiting with retCode:0 cmdExtStatus =0

Tue Sep  8 01:36:31.148 2026 : StoreLIBFacade::getSPDMPsecInfo issueStorelibCmd retCode:0x0
Tue Sep  8 01:36:31.148 2026 : CtrlDataManager::getPlatformSecurityInfo - retCode:0 
Tue Sep  8 01:36:31.148 2026 : CtrlDataManager::getPlatformSecurityInfo - certificateProvisioned:2 
Tue Sep  8 01:36:31.148 2026 : CtrlDataManager::getPlatformSecurityInfo Exiting retCode=0
Tue Sep  8 01:36:31.148 2026 : CtrlDataManager::getSecureEKMSDetails - reading host information
Tue Sep  8 01:36:31.148 2026 : StoreLIBFacade::getHostInformation Entering

Tue Sep  8 01:36:31.148 2026 : StoreLIBFacade::getHostInformation DCMD OpCode: 0x10D0100
Tue Sep  8 01:36:31.148 2026 : CLI8 : StoreLIBFacade::issueStorelibCmd Entering ctrlId=0

Tue Sep  8 01:36:31.148 2026 : CLI8 : StoreLIBFacade::fireStorelibCommand Entering

Tue Sep  8 01:36:31.148 2026 : CLI8 : StoreLIBFacade::fireStorelibCommand Exiting with retCode:0x0

Tue Sep  8 01:36:31.148 2026 : ResponseHandler::checkSl8Response ENTER
Tue Sep  8 01:36:31.148 2026 : ResponseHandler::clearSl8ResponseData Enter
Tue Sep  8 01:36:31.148 2026 : clear resp data
Tue Sep  8 01:36:31.148 2026 : ResponseHandler::clearSl8ResponseData Exit
Tue Sep  8 01:36:31.148 2026 : ResponseParser::CreateInstance Enter
Tue Sep  8 01:36:31.148 2026 : ResponseParser::CreateInstance Exit
Tue Sep  8 01:36:31.148 2026 : FirmwareFailuresParser::GetErrorStrings Enter SLExtStat=0
Tue Sep  8 01:36:31.148 2026 : FirmwareFailuresParser::IgnoreStatusParser Enter
Tue Sep  8 01:36:31.148 2026 : FirmwareFailuresParser::IgnoreStatusParser Exit
Tue Sep  8 01:36:31.148 2026 : FirmwareFailuresParser::GetErrorStrings Exit
Tue Sep  8 01:36:31.148 2026 : ResponseHandler::checkSl8Response .message string Ignore extended status
Tue Sep  8 01:36:31.148 2026 : ResponseHandler::checkSl8Response EXIT with return code 0x0
Tue Sep  8 01:36:31.148 2026 : ResponseHandler::handleMR8BufferStatus Entering
Tue Sep  8 01:36:31.148 2026 : ResponseHandler::handleMR8BufferStatus dataBufElements:4 cmdType:2 cmd:514
Tue Sep  8 01:36:31.148 2026 : ResponseHandler::handleMR8BufferStatus dataBufElements:4 opCode:0x10d0100
Tue Sep  8 01:36:31.148 2026 : ResponseHandler::handleMR8BufferStatus buffer:2 bufStatus:7
Tue Sep  8 01:36:31.148 2026 : ResponseHandler::handleMR8BufferStatus buffer:3 bufStatus:7
Tue Sep  8 01:36:31.148 2026 : ResponseHandler::handleMR8BufferStatus Exiting
Tue Sep  8 01:36:31.148 2026 : CLI8 : StoreLIBFacade::issueStorelibCmd Exiting with retCode:0 cmdExtStatus =0

Tue Sep  8 01:36:31.148 2026 : StoreLIBFacade::getHostInformation Exiting with retCode : 0

Tue Sep  8 01:36:31.148 2026 : CtrlDataManager::getHostInformation - reading host information supportpciSegment=0 pciSlotNumber=3 pciSegment=0
Tue Sep  8 01:36:31.148 2026 : CtrlDataManager readBasicCtrlInfo Exiting with retCode:0

Tue Sep  8 01:36:31.148 2026 : ForeignCp::process_show - Entering

Tue Sep  8 01:36:31.148 2026 : ForeignCp::showBasicForeignConfig - Entering

Tue Sep  8 01:36:31.148 2026 : CtrlDataManager getInstance Entering

Tue Sep  8 01:36:31.148 2026 : ConfigDataManager getInstance Entering

Tue Sep  8 01:36:31.148 2026 : CtrlDataManager getSupportedSizeBaseUnits Entering
Tue Sep  8 01:36:31.148 2026 : CtrlDataManager getMrCtrlInfo - Entering

Tue Sep  8 01:36:31.148 2026 : CtrlDataManager getMrCtrlInfo - Returning persisted Static and Dynamic controller info

Tue Sep  8 01:36:31.148 2026 : CtrlDataManager getSupportedSizeBaseUnits Exiting - retCode :0 *baseUnits:0
Tue Sep  8 01:36:31.148 2026 : CtrlDataManager::isForeignImportSupported Entering
Tue Sep  8 01:36:31.148 2026 : CtrlDataManager getMrCtrlInfo - Entering

Tue Sep  8 01:36:31.148 2026 : CtrlDataManager getMrCtrlInfo - Returning persisted Static and Dynamic controller info

Tue Sep  8 01:36:31.148 2026 : CtrlDataManager::isForeignImportSupported isSupported:1 Exiting retCode:0
Tue Sep  8 01:36:31.148 2026 : ConfigDataManager::updateConfig Entered
Tue Sep  8 01:36:31.148 2026 : DriveDataManager getInstance Entering

Tue Sep  8 01:36:31.148 2026 : CtrlDataManager getInstance Entering

Tue Sep  8 01:36:31.148 2026 : ConfigDataManager getInstance Entering

Tue Sep  8 01:36:31.148 2026 : StoreLIBFacade::getEnclInfo Entering
Tue Sep  8 01:36:31.148 2026 : StoreLIBFacade::getEnclInfo DCMD OpCode: 0x5010000
Tue Sep  8 01:36:31.148 2026 : CLI8 : StoreLIBFacade::issueStorelibCmd Entering ctrlId=0

Tue Sep  8 01:36:31.148 2026 : CLI8 : StoreLIBFacade::fireStorelibCommand Entering

Tue Sep  8 01:36:31.148 2026 : CLI8 : StoreLIBFacade::fireStorelibCommand Exiting with retCode:0x0

Tue Sep  8 01:36:31.148 2026 : ResponseHandler::checkSl8Response ENTER
Tue Sep  8 01:36:31.148 2026 : ResponseHandler::clearSl8ResponseData Enter
Tue Sep  8 01:36:31.148 2026 : clear resp data
Tue Sep  8 01:36:31.148 2026 : ResponseHandler::clearSl8ResponseData Exit
Tue Sep  8 01:36:31.148 2026 : ResponseParser::CreateInstance Enter
Tue Sep  8 01:36:31.148 2026 : ResponseParser::CreateInstance Exit
Tue Sep  8 01:36:31.148 2026 : FirmwareFailuresParser::GetErrorStrings Enter SLExtStat=0
Tue Sep  8 01:36:31.148 2026 : FirmwareFailuresParser::IgnoreStatusParser Enter
Tue Sep  8 01:36:31.148 2026 : FirmwareFailuresParser::IgnoreStatusParser Exit
Tue Sep  8 01:36:31.148 2026 : FirmwareFailuresParser::GetErrorStrings Exit
Tue Sep  8 01:36:31.148 2026 : ResponseHandler::checkSl8Response .message string Ignore extended status
Tue Sep  8 01:36:31.148 2026 : ResponseHandler::checkSl8Response EXIT with return code 0x0
Tue Sep  8 01:36:31.148 2026 : ResponseHandler::handleMR8BufferStatus Entering
Tue Sep  8 01:36:31.148 2026 : ResponseHandler::handleMR8BufferStatus dataBufElements:7 cmdType:2 cmd:514
Tue Sep  8 01:36:31.148 2026 : ResponseHandler::handleMR8BufferStatus dataBufElements:7 opCode:0x5010000
Tue Sep  8 01:36:31.148 2026 : ResponseHandler::handleMR8BufferStatus buffer:2 bufStatus:7
Tue Sep  8 01:36:31.148 2026 : ResponseHandler::handleMR8BufferStatus buffer:3 bufStatus:7
Tue Sep  8 01:36:31.148 2026 : ResponseHandler::handleMR8BufferStatus buffer:4 bufStatus:7
Tue Sep  8 01:36:31.148 2026 : ResponseHandler::handleMR8BufferStatus buffer:5 bufStatus:7
Tue Sep  8 01:36:31.148 2026 : ResponseHandler::handleMR8BufferStatus buffer:6 bufStatus:7
Tue Sep  8 01:36:31.148 2026 : ResponseHandler::handleMR8BufferStatus Exiting
Tue Sep  8 01:36:31.148 2026 : CLI8 : StoreLIBFacade::issueStorelibCmd Exiting with retCode:0 cmdExtStatus =0

Tue Sep  8 01:36:31.148 2026 : StoreLIBFacade::getEnclList Exiting with retCode:0x0
Tue Sep  8 01:36:31.148 2026 : DriveDataManager::checkEnclPartnerPersistentIdTable Entering enclPid:344

Tue Sep  8 01:36:31.148 2026 : DriveDataManager::isEnclosureInMultipath - Entering - enclPID:344
Tue Sep  8 01:36:31.148 2026 : DriveDataManager::GetEnclosureInfo Entering
Tue Sep  8 01:36:31.148 2026 : StoreLIBFacade::getEnclInfo Entering
Tue Sep  8 01:36:31.148 2026 : StoreLIBFacade::getEnclInfo DCMD OpCode: 0x5010000
Tue Sep  8 01:36:31.148 2026 : CLI8 : StoreLIBFacade::issueStorelibCmd Entering ctrlId=0

Tue Sep  8 01:36:31.148 2026 : CLI8 : StoreLIBFacade::fireStorelibCommand Entering

Tue Sep  8 01:36:31.149 2026 : CLI8 : StoreLIBFacade::fireStorelibCommand Exiting with retCode:0x0

Tue Sep  8 01:36:31.149 2026 : ResponseHandler::checkSl8Response ENTER
Tue Sep  8 01:36:31.149 2026 : ResponseHandler::clearSl8ResponseData Enter
Tue Sep  8 01:36:31.149 2026 : clear resp data
Tue Sep  8 01:36:31.149 2026 : ResponseHandler::clearSl8ResponseData Exit
Tue Sep  8 01:36:31.149 2026 : ResponseParser::CreateInstance Enter
Tue Sep  8 01:36:31.149 2026 : ResponseParser::CreateInstance Exit
Tue Sep  8 01:36:31.149 2026 : FirmwareFailuresParser::GetErrorStrings Enter SLExtStat=0
Tue Sep  8 01:36:31.149 2026 : FirmwareFailuresParser::IgnoreStatusParser Enter
Tue Sep  8 01:36:31.149 2026 : FirmwareFailuresParser::IgnoreStatusParser Exit
Tue Sep  8 01:36:31.149 2026 : FirmwareFailuresParser::GetErrorStrings Exit
Tue Sep  8 01:36:31.149 2026 : ResponseHandler::checkSl8Response .message string Ignore extended status
Tue Sep  8 01:36:31.149 2026 : ResponseHandler::checkSl8Response EXIT with return code 0x0
Tue Sep  8 01:36:31.149 2026 : ResponseHandler::handleMR8BufferStatus Entering
Tue Sep  8 01:36:31.149 2026 : ResponseHandler::handleMR8BufferStatus dataBufElements:7 cmdType:2 cmd:514
Tue Sep  8 01:36:31.149 2026 : ResponseHandler::handleMR8BufferStatus dataBufElements:7 opCode:0x5010000
Tue Sep  8 01:36:31.149 2026 : ResponseHandler::handleMR8BufferStatus buffer:2 bufStatus:7
Tue Sep  8 01:36:31.149 2026 : ResponseHandler::handleMR8BufferStatus buffer:3 bufStatus:7
Tue Sep  8 01:36:31.149 2026 : ResponseHandler::handleMR8BufferStatus buffer:4 bufStatus:7
Tue Sep  8 01:36:31.149 2026 : ResponseHandler::handleMR8BufferStatus buffer:5 bufStatus:7
Tue Sep  8 01:36:31.149 2026 : ResponseHandler::handleMR8BufferStatus buffer:6 bufStatus:7
Tue Sep  8 01:36:31.149 2026 : ResponseHandler::handleMR8BufferStatus Exiting
Tue Sep  8 01:36:31.149 2026 : CLI8 : StoreLIBFacade::issueStorelibCmd Exiting with retCode:0 cmdExtStatus =0

Tue Sep  8 01:36:31.149 2026 : StoreLIBFacade::getEnclList Exiting with retCode:0x0
Tue Sep  8 01:36:31.149 2026 : DriveDataManager::GetEnclosureInfo Exiting - retCode:0
Tue Sep  8 01:36:31.149 2026 : DriveDataManager::isEnclosureInMultipath - enclPartnerListCount:2
Tue Sep  8 01:36:31.149 2026 : DriveDataManager::isEnclosureInMultipath - enclPartnerCount:1
Tue Sep  8 01:36:31.149 2026 : DriveDataManager::isEnclosureInMultipath - enclPartnerId:344
Tue Sep  8 01:36:31.149 2026 : DriveDataManager::isEnclosureInMultipath - enclPartnerCount:1
Tue Sep  8 01:36:31.149 2026 : DriveDataManager::isEnclosureInMultipath - enclPartnerId:356
Tue Sep  8 01:36:31.149 2026 : DriveDataManager::isEnclosureInMultipath - Exiting - isMultipath:0
Tue Sep  8 01:36:31.149 2026 : DriveDataManager::checkEnclPartnerPersistentIdTable Exiting retCode:0 isDisplayable=1
Tue Sep  8 01:36:31.149 2026 : DriveDataManager::checkEnclPartnerPersistentIdTable Entering enclPid:356
Tue Sep  8 01:36:31.149 2026 : DriveDataManager::isEnclosureInMultipath - Entering - enclPID:356
Tue Sep  8 01:36:31.149 2026 : DriveDataManager::GetEnclosureInfo Entering
Tue Sep  8 01:36:31.149 2026 : DriveDataManager::isEnclosureInMultipath - enclPartnerListCount:2
Tue Sep  8 01:36:31.149 2026 : DriveDataManager::isEnclosureInMultipath - enclPartnerCount:1
Tue Sep  8 01:36:31.149 2026 : DriveDataManager::isEnclosureInMultipath - enclPartnerId:344
Tue Sep  8 01:36:31.149 2026 : DriveDataManager::isEnclosureInMultipath - enclPartnerCount:1
Tue Sep  8 01:36:31.149 2026 : DriveDataManager::isEnclosureInMultipath - enclPartnerId:356
Tue Sep  8 01:36:31.149 2026 : DriveDataManager::isEnclosureInMultipath - Exiting - isMultipath:0
Tue Sep  8 01:36:31.149 2026 : DriveDataManager::checkEnclPartnerPersistentIdTable Exiting retCode:0 isDisplayable=1
Tue Sep  8 01:36:31.149 2026 : ConfigDataManager::updateConfig - isAnyEnclFaulty :0
Tue Sep  8 01:36:31.149 2026 : ConfigDataManager::updateConfig - enclPersistentId:344 slotNumber:0 drivePID:319 
Tue Sep  8 01:36:31.149 2026 : CLI8 - ConfigDataManager::createPd Entering

Tue Sep  8 01:36:31.149 2026 : CLI8 - ConfigDataManager::createPd Exiting - returning pd pointer

Tue Sep  8 01:36:31.149 2026 : ConfigDataManager::updateConfig - enclPersistentId:344 slotNumber:1 drivePID:320 
Tue Sep  8 01:36:31.149 2026 : CLI8 - ConfigDataManager::createPd Entering

Tue Sep  8 01:36:31.149 2026 : CLI8 - ConfigDataManager::createPd Exiting - returning pd pointer

Tue Sep  8 01:36:31.149 2026 : ConfigDataManager::updateConfig - enclPersistentId:344 slotNumber:2 drivePID:321 
Tue Sep  8 01:36:31.149 2026 : CLI8 - ConfigDataManager::createPd Entering

Tue Sep  8 01:36:31.149 2026 : CLI8 - ConfigDataManager::createPd Exiting - returning pd pointer

Tue Sep  8 01:36:31.149 2026 : ConfigDataManager::updateConfig - enclPersistentId:344 slotNumber:3 drivePID:322 
Tue Sep  8 01:36:31.149 2026 : CLI8 - ConfigDataManager::createPd Entering

Tue Sep  8 01:36:31.149 2026 : CLI8 - ConfigDataManager::createPd Exiting - returning pd pointer

Tue Sep  8 01:36:31.149 2026 : ConfigDataManager::updateConfig - enclPersistentId:356 slotNumber:0 drivePID:345 
Tue Sep  8 01:36:31.149 2026 : CLI8 - ConfigDataManager::createPd Entering

Tue Sep  8 01:36:31.149 2026 : CLI8 - ConfigDataManager::createPd Exiting - returning pd pointer

Tue Sep  8 01:36:31.149 2026 : ConfigDataManager::updateConfig - enclPersistentId:356 slotNumber:1 drivePID:346 
Tue Sep  8 01:36:31.149 2026 : CLI8 - ConfigDataManager::createPd Entering

Tue Sep  8 01:36:31.149 2026 : CLI8 - ConfigDataManager::createPd Exiting - returning pd pointer

Tue Sep  8 01:36:31.149 2026 : ConfigDataManager::updateConfig - enclPersistentId:356 slotNumber:2 drivePID:347 
Tue Sep  8 01:36:31.149 2026 : CLI8 - ConfigDataManager::createPd Entering

Tue Sep  8 01:36:31.149 2026 : CLI8 - ConfigDataManager::createPd Exiting - returning pd pointer

Tue Sep  8 01:36:31.149 2026 : ConfigDataManager::updateConfig - enclPersistentId:356 slotNumber:3 drivePID:348 
Tue Sep  8 01:36:31.149 2026 : CLI8 - ConfigDataManager::createPd Entering

Tue Sep  8 01:36:31.149 2026 : CLI8 - ConfigDataManager::createPd Exiting - returning pd pointer

Tue Sep  8 01:36:31.149 2026 : ConfigDataManager::updateConfig - enclPersistentId:356 slotNumber:4 drivePID:349 
Tue Sep  8 01:36:31.149 2026 : CLI8 - ConfigDataManager::createPd Entering

Tue Sep  8 01:36:31.149 2026 : CLI8 - ConfigDataManager::createPd Exiting - returning pd pointer

Tue Sep  8 01:36:31.149 2026 : ConfigDataManager::updateConfig - enclPersistentId:356 slotNumber:5 drivePID:350 
Tue Sep  8 01:36:31.149 2026 : CLI8 - ConfigDataManager::createPd Entering

Tue Sep  8 01:36:31.149 2026 : CLI8 - ConfigDataManager::createPd Exiting - returning pd pointer

Tue Sep  8 01:36:31.149 2026 : ConfigDataManager::updateConfig - enclPersistentId:356 slotNumber:6 drivePID:351 
Tue Sep  8 01:36:31.149 2026 : CLI8 - ConfigDataManager::createPd Entering

Tue Sep  8 01:36:31.149 2026 : CLI8 - ConfigDataManager::createPd Exiting - returning pd pointer

Tue Sep  8 01:36:31.149 2026 : ConfigDataManager::updateConfig - enclPersistentId:356 slotNumber:7 drivePID:352 
Tue Sep  8 01:36:31.149 2026 : CLI8 - ConfigDataManager::createPd Entering

Tue Sep  8 01:36:31.149 2026 : CLI8 - ConfigDataManager::createPd Exiting - returning pd pointer

Tue Sep  8 01:36:31.149 2026 : StoreLIBFacadeMR::getConfigInfo Entering

Tue Sep  8 01:36:31.149 2026 : StoreLIBFacadeMR::getConfigInfo DCMD OpCode: 0x4010000
Tue Sep  8 01:36:31.149 2026 : CLI8 : StoreLIBFacade::issueStorelibCmd Entering ctrlId=0

Tue Sep  8 01:36:31.149 2026 : CLI8 : StoreLIBFacade::fireStorelibCommand Entering

Tue Sep  8 01:36:31.149 2026 : CLI8 : StoreLIBFacade::fireStorelibCommand Exiting with retCode:0x0

Tue Sep  8 01:36:31.149 2026 : ResponseHandler::checkSl8Response ENTER
Tue Sep  8 01:36:31.149 2026 : ResponseHandler::clearSl8ResponseData Enter
Tue Sep  8 01:36:31.149 2026 : clear resp data
Tue Sep  8 01:36:31.149 2026 : ResponseHandler::clearSl8ResponseData Exit
Tue Sep  8 01:36:31.149 2026 : ResponseParser::CreateInstance Enter
Tue Sep  8 01:36:31.149 2026 : ResponseParser::CreateInstance Exit
Tue Sep  8 01:36:31.149 2026 : FirmwareFailuresParser::GetErrorStrings Enter SLExtStat=0
Tue Sep  8 01:36:31.149 2026 : FirmwareFailuresParser::IgnoreStatusParser Enter
Tue Sep  8 01:36:31.149 2026 : FirmwareFailuresParser::IgnoreStatusParser Exit
Tue Sep  8 01:36:31.149 2026 : FirmwareFailuresParser::GetErrorStrings Exit
Tue Sep  8 01:36:31.149 2026 : ResponseHandler::checkSl8Response .message string Ignore extended status
Tue Sep  8 01:36:31.149 2026 : ResponseHandler::checkSl8Response EXIT with return code 0x0
Tue Sep  8 01:36:31.149 2026 : ResponseHandler::handleMR8BufferStatus Entering
Tue Sep  8 01:36:31.149 2026 : ResponseHandler::handleMR8BufferStatus dataBufElements:14 cmdType:2 cmd:514
Tue Sep  8 01:36:31.149 2026 : ResponseHandler::handleMR8BufferStatus dataBufElements:14 opCode:0x4010000
Tue Sep  8 01:36:31.149 2026 : ResponseHandler::handleMR8BufferStatus buffer:2 bufStatus:7
Tue Sep  8 01:36:31.149 2026 : ResponseHandler::handleMR8BufferStatus buffer:3 bufStatus:7
Tue Sep  8 01:36:31.149 2026 : ResponseHandler::handleMR8BufferStatus buffer:4 bufStatus:7
Tue Sep  8 01:36:31.149 2026 : ResponseHandler::handleMR8BufferStatus buffer:5 bufStatus:7
Tue Sep  8 01:36:31.149 2026 : ResponseHandler::handleMR8BufferStatus buffer:6 bufStatus:7
Tue Sep  8 01:36:31.149 2026 : ResponseHandler::handleMR8BufferStatus buffer:7 bufStatus:7
Tue Sep  8 01:36:31.149 2026 : ResponseHandler::handleMR8BufferStatus buffer:8 bufStatus:7
Tue Sep  8 01:36:31.149 2026 : ResponseHandler::handleMR8BufferStatus buffer:9 bufStatus:7
Tue Sep  8 01:36:31.149 2026 : ResponseHandler::handleMR8BufferStatus buffer:10 bufStatus:7
Tue Sep  8 01:36:31.149 2026 : ResponseHandler::handleMR8BufferStatus buffer:11 bufStatus:7
Tue Sep  8 01:36:31.149 2026 : ResponseHandler::handleMR8BufferStatus buffer:12 bufStatus:7
Tue Sep  8 01:36:31.149 2026 : ResponseHandler::handleMR8BufferStatus buffer:13 bufStatus:2
Tue Sep  8 01:36:31.149 2026 : ResponseHandler::handleMR8BufferStatus memsettig buffer:13 bufLength:0
Tue Sep  8 01:36:31.149 2026 : ResponseHandler::handleMR8BufferStatus Exiting
Tue Sep  8 01:36:31.149 2026 : CLI8 : StoreLIBFacade::issueStorelibCmd Exiting with retCode:0 cmdExtStatus =0

Tue Sep  8 01:36:31.149 2026 : StoreLIBFacadeMR::getConfigInfo DCMD OpCode: 0x4010000
Tue Sep  8 01:36:31.149 2026 : CLI8 : StoreLIBFacade::issueStorelibCmd Entering ctrlId=0

Tue Sep  8 01:36:31.149 2026 : CLI8 : StoreLIBFacade::fireStorelibCommand Entering

Tue Sep  8 01:36:31.149 2026 : CLI8 : StoreLIBFacade::fireStorelibCommand Exiting with retCode:0x0

Tue Sep  8 01:36:31.149 2026 : ResponseHandler::checkSl8Response ENTER
Tue Sep  8 01:36:31.149 2026 : ResponseHandler::clearSl8ResponseData Enter
Tue Sep  8 01:36:31.149 2026 : clear resp data
Tue Sep  8 01:36:31.149 2026 : ResponseHandler::clearSl8ResponseData Exit
Tue Sep  8 01:36:31.149 2026 : ResponseParser::CreateInstance Enter
Tue Sep  8 01:36:31.149 2026 : ResponseParser::CreateInstance Exit
Tue Sep  8 01:36:31.149 2026 : FirmwareFailuresParser::GetErrorStrings Enter SLExtStat=0
Tue Sep  8 01:36:31.149 2026 : FirmwareFailuresParser::IgnoreStatusParser Enter
Tue Sep  8 01:36:31.149 2026 : FirmwareFailuresParser::IgnoreStatusParser Exit
Tue Sep  8 01:36:31.149 2026 : FirmwareFailuresParser::GetErrorStrings Exit
Tue Sep  8 01:36:31.149 2026 : ResponseHandler::checkSl8Response .message string Ignore extended status
Tue Sep  8 01:36:31.149 2026 : ResponseHandler::checkSl8Response EXIT with return code 0x0
Tue Sep  8 01:36:31.149 2026 : ResponseHandler::handleMR8BufferStatus Entering
Tue Sep  8 01:36:31.149 2026 : ResponseHandler::handleMR8BufferStatus dataBufElements:14 cmdType:2 cmd:514
Tue Sep  8 01:36:31.149 2026 : ResponseHandler::handleMR8BufferStatus dataBufElements:14 opCode:0x4010000
Tue Sep  8 01:36:31.149 2026 : ResponseHandler::handleMR8BufferStatus buffer:2 bufStatus:7
Tue Sep  8 01:36:31.149 2026 : ResponseHandler::handleMR8BufferStatus buffer:3 bufStatus:7
Tue Sep  8 01:36:31.149 2026 : ResponseHandler::handleMR8BufferStatus buffer:4 bufStatus:7
Tue Sep  8 01:36:31.149 2026 : ResponseHandler::handleMR8BufferStatus buffer:5 bufStatus:7
Tue Sep  8 01:36:31.149 2026 : ResponseHandler::handleMR8BufferStatus buffer:6 bufStatus:7
Tue Sep  8 01:36:31.149 2026 : ResponseHandler::handleMR8BufferStatus buffer:7 bufStatus:7
Tue Sep  8 01:36:31.149 2026 : ResponseHandler::handleMR8BufferStatus buffer:8 bufStatus:7
Tue Sep  8 01:36:31.149 2026 : ResponseHandler::handleMR8BufferStatus buffer:9 bufStatus:7
Tue Sep  8 01:36:31.149 2026 : ResponseHandler::handleMR8BufferStatus buffer:10 bufStatus:7
Tue Sep  8 01:36:31.149 2026 : ResponseHandler::handleMR8BufferStatus buffer:11 bufStatus:7
Tue Sep  8 01:36:31.149 2026 : ResponseHandler::handleMR8BufferStatus buffer:12 bufStatus:7
Tue Sep  8 01:36:31.149 2026 : ResponseHandler::handleMR8BufferStatus buffer:13 bufStatus:2
Tue Sep  8 01:36:31.149 2026 : ResponseHandler::handleMR8BufferStatus memsettig buffer:13 bufLength:0
Tue Sep  8 01:36:31.149 2026 : ResponseHandler::handleMR8BufferStatus Exiting
Tue Sep  8 01:36:31.149 2026 : CLI8 : StoreLIBFacade::issueStorelibCmd Exiting with retCode:0 cmdExtStatus =0

Tue Sep  8 01:36:31.149 2026 : StoreLIBFacadeMR::getConfigInfo Exiting with retCode:0x0

Tue Sep  8 01:36:31.149 2026 : ConfigDataManager::saveConfig Entering
Tue Sep  8 01:36:31.149 2026 : VolumeDataManager getInstance Entering

Tue Sep  8 01:36:31.149 2026 : ConfigDataManager getInstance Entering

Tue Sep  8 01:36:31.149 2026 : Entering VolumeDataManager::vdSortFunc
Tue Sep  8 01:36:31.149 2026 : Exiting VolumeDataManager::vdSortFunc
Tue Sep  8 01:36:31.149 2026 : Entering VolumeDataManager::vdSortFunc
Tue Sep  8 01:36:31.149 2026 : Exiting VolumeDataManager::vdSortFunc
Tue Sep  8 01:36:31.149 2026 : ConfigDataManager::saveConfig - vdCount:3
Tue Sep  8 01:36:31.149 2026 : ConfigDataManager::saveConfig - LdPIDInSpan:1 ArrayRefInSpan:0
Tue Sep  8 01:36:31.149 2026 : ConfigDataManager::assignPdToArray Getting drive for DeviceId:319 EnclId:344 SlotNumber:0
Tue Sep  8 01:36:31.149 2026 : CLI8 - ConfigDataManager::getPd - DeviceId - Entering DeviceId:319 esid=344:65535
Tue Sep  8 01:36:31.149 2026 : ConfigDataManager::searchPd - DeviceId -Entering deviceId=319, enclId=344
Tue Sep  8 01:36:31.149 2026 : ConfigDataManager getInstance Entering

Tue Sep  8 01:36:31.149 2026 : ConfigDataManager::searchPd - DeviceId - Exiting
Tue Sep  8 01:36:31.149 2026 : CLI8 - ConfigDataManager::getPd Exiting

Tue Sep  8 01:36:31.149 2026 : ConfigDataManager::assignPdToArray Getting drive for DeviceId:320 EnclId:344 SlotNumber:1
Tue Sep  8 01:36:31.149 2026 : CLI8 - ConfigDataManager::getPd - DeviceId - Entering DeviceId:320 esid=344:65535
Tue Sep  8 01:36:31.149 2026 : ConfigDataManager::searchPd - DeviceId -Entering deviceId=320, enclId=344
Tue Sep  8 01:36:31.149 2026 : ConfigDataManager getInstance Entering

Tue Sep  8 01:36:31.149 2026 : ConfigDataManager::searchPd - DeviceId - Exiting
Tue Sep  8 01:36:31.149 2026 : CLI8 - ConfigDataManager::getPd Exiting

Tue Sep  8 01:36:31.149 2026 : ConfigDataManager::assignPdToArray Getting drive for DeviceId:321 EnclId:344 SlotNumber:2
Tue Sep  8 01:36:31.149 2026 : CLI8 - ConfigDataManager::getPd - DeviceId - Entering DeviceId:321 esid=344:65535
Tue Sep  8 01:36:31.149 2026 : ConfigDataManager::searchPd - DeviceId -Entering deviceId=321, enclId=344
Tue Sep  8 01:36:31.149 2026 : ConfigDataManager getInstance Entering

Tue Sep  8 01:36:31.149 2026 : ConfigDataManager::searchPd - DeviceId - Exiting
Tue Sep  8 01:36:31.149 2026 : CLI8 - ConfigDataManager::getPd Exiting

Tue Sep  8 01:36:31.149 2026 : ConfigDataManager::assignPdToArray Getting drive for DeviceId:322 EnclId:344 SlotNumber:3
Tue Sep  8 01:36:31.149 2026 : CLI8 - ConfigDataManager::getPd - DeviceId - Entering DeviceId:322 esid=344:65535
Tue Sep  8 01:36:31.149 2026 : ConfigDataManager::searchPd - DeviceId -Entering deviceId=322, enclId=344
Tue Sep  8 01:36:31.149 2026 : ConfigDataManager getInstance Entering

Tue Sep  8 01:36:31.149 2026 : ConfigDataManager::searchPd - DeviceId - Exiting
Tue Sep  8 01:36:31.149 2026 : CLI8 - ConfigDataManager::getPd Exiting

Tue Sep  8 01:36:31.149 2026 : ConfigDataManager::saveConfig - LdPIDInSpan:2 ArrayRefInSpan:1
Tue Sep  8 01:36:31.149 2026 : ConfigDataManager::saveConfig - LdPIDInSpan:3 ArrayRefInSpan:2
Tue Sep  8 01:36:31.149 2026 : ConfigDataManager::saveConfig - LdPIDInSpan:1 ArrayRefInSpan:0
Tue Sep  8 01:36:31.149 2026 : ConfigDataManager::saveConfig - LdPIDInSpan:2 ArrayRefInSpan:1
Tue Sep  8 01:36:31.149 2026 : ConfigDataManager::assignPdToArray Getting drive for DeviceId:345 EnclId:356 SlotNumber:0
Tue Sep  8 01:36:31.149 2026 : CLI8 - ConfigDataManager::getPd - DeviceId - Entering DeviceId:345 esid=356:65535
Tue Sep  8 01:36:31.149 2026 : ConfigDataManager::searchPd - DeviceId -Entering deviceId=345, enclId=356
Tue Sep  8 01:36:31.149 2026 : ConfigDataManager getInstance Entering

Tue Sep  8 01:36:31.149 2026 : ConfigDataManager::searchPd - DeviceId - Exiting
Tue Sep  8 01:36:31.149 2026 : CLI8 - ConfigDataManager::getPd Exiting

Tue Sep  8 01:36:31.149 2026 : ConfigDataManager::assignPdToArray Getting drive for DeviceId:346 EnclId:356 SlotNumber:1
Tue Sep  8 01:36:31.150 2026 : CLI8 - ConfigDataManager::getPd - DeviceId - Entering DeviceId:346 esid=356:65535
Tue Sep  8 01:36:31.150 2026 : ConfigDataManager::searchPd - DeviceId -Entering deviceId=346, enclId=356
Tue Sep  8 01:36:31.150 2026 : ConfigDataManager getInstance Entering

Tue Sep  8 01:36:31.150 2026 : ConfigDataManager::searchPd - DeviceId - Exiting
Tue Sep  8 01:36:31.150 2026 : CLI8 - ConfigDataManager::getPd Exiting

Tue Sep  8 01:36:31.150 2026 : ConfigDataManager::saveConfig - LdPIDInSpan:3 ArrayRefInSpan:2
Tue Sep  8 01:36:31.150 2026 : ConfigDataManager::saveConfig - LdPIDInSpan:1 ArrayRefInSpan:0
Tue Sep  8 01:36:31.150 2026 : ConfigDataManager::saveConfig - LdPIDInSpan:2 ArrayRefInSpan:1
Tue Sep  8 01:36:31.150 2026 : ConfigDataManager::saveConfig - LdPIDInSpan:3 ArrayRefInSpan:2
Tue Sep  8 01:36:31.150 2026 : ConfigDataManager::assignPdToArray Getting drive for DeviceId:347 EnclId:356 SlotNumber:2
Tue Sep  8 01:36:31.150 2026 : CLI8 - ConfigDataManager::getPd - DeviceId - Entering DeviceId:347 esid=356:65535
Tue Sep  8 01:36:31.150 2026 : ConfigDataManager::searchPd - DeviceId -Entering deviceId=347, enclId=356
Tue Sep  8 01:36:31.150 2026 : ConfigDataManager getInstance Entering

Tue Sep  8 01:36:31.150 2026 : ConfigDataManager::searchPd - DeviceId - Exiting
Tue Sep  8 01:36:31.150 2026 : CLI8 - ConfigDataManager::getPd Exiting

Tue Sep  8 01:36:31.150 2026 : ConfigDataManager::assignPdToArray Getting drive for DeviceId:348 EnclId:356 SlotNumber:3
Tue Sep  8 01:36:31.150 2026 : CLI8 - ConfigDataManager::getPd - DeviceId - Entering DeviceId:348 esid=356:65535
Tue Sep  8 01:36:31.150 2026 : ConfigDataManager::searchPd - DeviceId -Entering deviceId=348, enclId=356
Tue Sep  8 01:36:31.150 2026 : ConfigDataManager getInstance Entering

Tue Sep  8 01:36:31.150 2026 : ConfigDataManager::searchPd - DeviceId - Exiting
Tue Sep  8 01:36:31.150 2026 : CLI8 - ConfigDataManager::getPd Exiting

Tue Sep  8 01:36:31.150 2026 : ConfigDataManager::saveConfig - vdListPtr->getCount():3
Tue Sep  8 01:36:31.150 2026 : ConfigDataManager::SaveConfig - targetId:1
Tue Sep  8 01:36:31.150 2026 : Array::isArrMissing Entering
Tue Sep  8 01:36:31.150 2026 : Array::isArrMissing Getting the array pd list
Tue Sep  8 01:36:31.150 2026 : Array::isArrMissing pd list count:4
Tue Sep  8 01:36:31.150 2026 : Array::isArrMissing pd list count:4
Tue Sep  8 01:36:31.150 2026 : PdDataMfi::getMrPdInfo Entering - getAUInfo:0 getAUInquiryBuffers:0
Tue Sep  8 01:36:31.150 2026 : PdDataMfi::getMrPdInfo - Reading drive information - Drive PID:319
Tue Sep  8 01:36:31.150 2026 : StoreLIBFacade::getDriveInfo Entering - Drive PID:319
Tue Sep  8 01:36:31.150 2026 : StoreLIBFacade::getDriveInfo DCMD OpCode: 0x2010000
Tue Sep  8 01:36:31.150 2026 : CLI8 : StoreLIBFacade::issueStorelibCmd Entering ctrlId=0

Tue Sep  8 01:36:31.150 2026 : CLI8 : StoreLIBFacade::fireStorelibCommand Entering

Tue Sep  8 01:36:31.150 2026 : CLI8 : StoreLIBFacade::fireStorelibCommand Exiting with retCode:0x0

Tue Sep  8 01:36:31.150 2026 : ResponseHandler::checkSl8Response ENTER
Tue Sep  8 01:36:31.150 2026 : ResponseHandler::clearSl8ResponseData Enter
Tue Sep  8 01:36:31.150 2026 : clear resp data
Tue Sep  8 01:36:31.150 2026 : ResponseHandler::clearSl8ResponseData Exit
Tue Sep  8 01:36:31.150 2026 : ResponseParser::CreateInstance Enter
Tue Sep  8 01:36:31.150 2026 : ResponseParser::CreateInstance Exit
Tue Sep  8 01:36:31.150 2026 : FirmwareFailuresParser::GetErrorStrings Enter SLExtStat=0
Tue Sep  8 01:36:31.150 2026 : FirmwareFailuresParser::IgnoreStatusParser Enter
Tue Sep  8 01:36:31.150 2026 : FirmwareFailuresParser::IgnoreStatusParser Exit
Tue Sep  8 01:36:31.150 2026 : FirmwareFailuresParser::GetErrorStrings Exit
Tue Sep  8 01:36:31.150 2026 : ResponseHandler::checkSl8Response .message string Ignore extended status
Tue Sep  8 01:36:31.150 2026 : ResponseHandler::checkSl8Response EXIT with return code 0x0
Tue Sep  8 01:36:31.150 2026 : ResponseHandler::handleMR8BufferStatus Entering
Tue Sep  8 01:36:31.150 2026 : ResponseHandler::handleMR8BufferStatus dataBufElements:10 cmdType:2 cmd:514
Tue Sep  8 01:36:31.150 2026 : ResponseHandler::handleMR8BufferStatus dataBufElements:10 opCode:0x2010000
Tue Sep  8 01:36:31.150 2026 : ResponseHandler::handleMR8BufferStatus buffer:2 bufStatus:7
Tue Sep  8 01:36:31.150 2026 : ResponseHandler::handleMR8BufferStatus buffer:3 bufStatus:7
Tue Sep  8 01:36:31.150 2026 : ResponseHandler::handleMR8BufferStatus buffer:4 bufStatus:7
Tue Sep  8 01:36:31.150 2026 : ResponseHandler::handleMR8BufferStatus buffer:5 bufStatus:7
Tue Sep  8 01:36:31.150 2026 : ResponseHandler::handleMR8BufferStatus buffer:6 bufStatus:7
Tue Sep  8 01:36:31.150 2026 : ResponseHandler::handleMR8BufferStatus buffer:7 bufStatus:7
Tue Sep  8 01:36:31.150 2026 : ResponseHandler::handleMR8BufferStatus buffer:8 bufStatus:7
Tue Sep  8 01:36:31.150 2026 : ResponseHandler::handleMR8BufferStatus buffer:9 bufStatus:2
Tue Sep  8 01:36:31.150 2026 : ResponseHandler::handleMR8BufferStatus memsettig buffer:9 bufLength:544
Tue Sep  8 01:36:31.150 2026 : ResponseHandler::handleMR8BufferStatus Exiting
Tue Sep  8 01:36:31.150 2026 : CLI8 : StoreLIBFacade::issueStorelibCmd Exiting with retCode:0 cmdExtStatus =0

Tue Sep  8 01:36:31.150 2026 : StoreLIBFacade::getDriveInfo - SL returns cmdExtStatus:0x0, reasonCode:0x0
Tue Sep  8 01:36:31.150 2026 : StoreLIBFacade::getDriveInfo Exiting - retCode:0

Tue Sep  8 01:36:31.150 2026 : PdDataMfi::getMrPdInfo - Reading drive information - Drive PID:319 retCode:0
Tue Sep  8 01:36:31.150 2026 : PdDataMf::getMrPdInfo - Exiting with retCode:0
Tue Sep  8 01:36:31.150 2026 : Array::isArrMissing isDrvMissing:0
Tue Sep  8 01:36:31.150 2026 : PdDataMfi::getMrPdInfo Entering - getAUInfo:0 getAUInquiryBuffers:0
Tue Sep  8 01:36:31.150 2026 : PdDataMfi::getMrPdInfo Entering - getAUInfo:0 getAUInquiryBuffers:0
Tue Sep  8 01:36:31.150 2026 : PdDataMfi::getMrPdInfo Entering - getAUInfo:0 getAUInquiryBuffers:0
Tue Sep  8 01:36:31.150 2026 : PdDataMfi::getMrPdInfo - Reading drive information - Drive PID:320
Tue Sep  8 01:36:31.150 2026 : StoreLIBFacade::getDriveInfo Entering - Drive PID:320
Tue Sep  8 01:36:31.150 2026 : StoreLIBFacade::getDriveInfo DCMD OpCode: 0x2010000
Tue Sep  8 01:36:31.150 2026 : CLI8 : StoreLIBFacade::issueStorelibCmd Entering ctrlId=0

Tue Sep  8 01:36:31.150 2026 : CLI8 : StoreLIBFacade::fireStorelibCommand Entering

Tue Sep  8 01:36:31.150 2026 : CLI8 : StoreLIBFacade::fireStorelibCommand Exiting with retCode:0x0

Tue Sep  8 01:36:31.150 2026 : ResponseHandler::checkSl8Response ENTER
Tue Sep  8 01:36:31.150 2026 : ResponseHandler::clearSl8ResponseData Enter
Tue Sep  8 01:36:31.150 2026 : clear resp data
Tue Sep  8 01:36:31.150 2026 : ResponseHandler::clearSl8ResponseData Exit
Tue Sep  8 01:36:31.150 2026 : ResponseParser::CreateInstance Enter
Tue Sep  8 01:36:31.150 2026 : ResponseParser::CreateInstance Exit
Tue Sep  8 01:36:31.150 2026 : FirmwareFailuresParser::GetErrorStrings Enter SLExtStat=0
Tue Sep  8 01:36:31.150 2026 : FirmwareFailuresParser::IgnoreStatusParser Enter
Tue Sep  8 01:36:31.150 2026 : FirmwareFailuresParser::IgnoreStatusParser Exit
Tue Sep  8 01:36:31.150 2026 : FirmwareFailuresParser::GetErrorStrings Exit
Tue Sep  8 01:36:31.150 2026 : ResponseHandler::checkSl8Response .message string Ignore extended status
Tue Sep  8 01:36:31.150 2026 : ResponseHandler::checkSl8Response EXIT with return code 0x0
Tue Sep  8 01:36:31.150 2026 : ResponseHandler::handleMR8BufferStatus Entering
Tue Sep  8 01:36:31.150 2026 : ResponseHandler::handleMR8BufferStatus dataBufElements:10 cmdType:2 cmd:514
Tue Sep  8 01:36:31.150 2026 : ResponseHandler::handleMR8BufferStatus dataBufElements:10 opCode:0x2010000
Tue Sep  8 01:36:31.150 2026 : ResponseHandler::handleMR8BufferStatus buffer:2 bufStatus:7
Tue Sep  8 01:36:31.150 2026 : ResponseHandler::handleMR8BufferStatus buffer:3 bufStatus:7
Tue Sep  8 01:36:31.150 2026 : ResponseHandler::handleMR8BufferStatus buffer:4 bufStatus:7
Tue Sep  8 01:36:31.150 2026 : ResponseHandler::handleMR8BufferStatus buffer:5 bufStatus:7
Tue Sep  8 01:36:31.150 2026 : ResponseHandler::handleMR8BufferStatus buffer:6 bufStatus:7
Tue Sep  8 01:36:31.150 2026 : ResponseHandler::handleMR8BufferStatus buffer:7 bufStatus:7
Tue Sep  8 01:36:31.150 2026 : ResponseHandler::handleMR8BufferStatus buffer:8 bufStatus:7
Tue Sep  8 01:36:31.150 2026 : ResponseHandler::handleMR8BufferStatus buffer:9 bufStatus:2
Tue Sep  8 01:36:31.150 2026 : ResponseHandler::handleMR8BufferStatus memsettig buffer:9 bufLength:544
Tue Sep  8 01:36:31.150 2026 : ResponseHandler::handleMR8BufferStatus Exiting
Tue Sep  8 01:36:31.150 2026 : CLI8 : StoreLIBFacade::issueStorelibCmd Exiting with retCode:0 cmdExtStatus =0

Tue Sep  8 01:36:31.150 2026 : StoreLIBFacade::getDriveInfo - SL returns cmdExtStatus:0x0, reasonCode:0x0
Tue Sep  8 01:36:31.150 2026 : StoreLIBFacade::getDriveInfo Exiting - retCode:0

Tue Sep  8 01:36:31.150 2026 : PdDataMfi::getMrPdInfo - Reading drive information - Drive PID:320 retCode:0
Tue Sep  8 01:36:31.150 2026 : PdDataMf::getMrPdInfo - Exiting with retCode:0
Tue Sep  8 01:36:31.150 2026 : PdDataMfi::getMrPdInfo Entering - getAUInfo:0 getAUInquiryBuffers:0
Tue Sep  8 01:36:31.150 2026 : PdDataMfi::getMrPdInfo Entering - getAUInfo:0 getAUInquiryBuffers:0
Tue Sep  8 01:36:31.150 2026 : PdDataMfi::getMrPdInfo - Reading drive information - Drive PID:321
Tue Sep  8 01:36:31.150 2026 : StoreLIBFacade::getDriveInfo Entering - Drive PID:321
Tue Sep  8 01:36:31.150 2026 : StoreLIBFacade::getDriveInfo DCMD OpCode: 0x2010000
Tue Sep  8 01:36:31.150 2026 : CLI8 : StoreLIBFacade::issueStorelibCmd Entering ctrlId=0

Tue Sep  8 01:36:31.150 2026 : CLI8 : StoreLIBFacade::fireStorelibCommand Entering

Tue Sep  8 01:36:31.151 2026 : CLI8 : StoreLIBFacade::fireStorelibCommand Exiting with retCode:0x0

Tue Sep  8 01:36:31.151 2026 : ResponseHandler::checkSl8Response ENTER
Tue Sep  8 01:36:31.151 2026 : ResponseHandler::clearSl8ResponseData Enter
Tue Sep  8 01:36:31.151 2026 : clear resp data
Tue Sep  8 01:36:31.151 2026 : ResponseHandler::clearSl8ResponseData Exit
Tue Sep  8 01:36:31.151 2026 : ResponseParser::CreateInstance Enter
Tue Sep  8 01:36:31.151 2026 : ResponseParser::CreateInstance Exit
Tue Sep  8 01:36:31.151 2026 : FirmwareFailuresParser::GetErrorStrings Enter SLExtStat=0
Tue Sep  8 01:36:31.151 2026 : FirmwareFailuresParser::IgnoreStatusParser Enter
Tue Sep  8 01:36:31.151 2026 : FirmwareFailuresParser::IgnoreStatusParser Exit
Tue Sep  8 01:36:31.151 2026 : FirmwareFailuresParser::GetErrorStrings Exit
Tue Sep  8 01:36:31.151 2026 : ResponseHandler::checkSl8Response .message string Ignore extended status
Tue Sep  8 01:36:31.151 2026 : ResponseHandler::checkSl8Response EXIT with return code 0x0
Tue Sep  8 01:36:31.151 2026 : ResponseHandler::handleMR8BufferStatus Entering
Tue Sep  8 01:36:31.151 2026 : ResponseHandler::handleMR8BufferStatus dataBufElements:10 cmdType:2 cmd:514
Tue Sep  8 01:36:31.151 2026 : ResponseHandler::handleMR8BufferStatus dataBufElements:10 opCode:0x2010000
Tue Sep  8 01:36:31.151 2026 : ResponseHandler::handleMR8BufferStatus buffer:2 bufStatus:7
Tue Sep  8 01:36:31.151 2026 : ResponseHandler::handleMR8BufferStatus buffer:3 bufStatus:7
Tue Sep  8 01:36:31.151 2026 : ResponseHandler::handleMR8BufferStatus buffer:4 bufStatus:7
Tue Sep  8 01:36:31.151 2026 : ResponseHandler::handleMR8BufferStatus buffer:5 bufStatus:7
Tue Sep  8 01:36:31.151 2026 : ResponseHandler::handleMR8BufferStatus buffer:6 bufStatus:7
Tue Sep  8 01:36:31.151 2026 : ResponseHandler::handleMR8BufferStatus buffer:7 bufStatus:7
Tue Sep  8 01:36:31.151 2026 : ResponseHandler::handleMR8BufferStatus buffer:8 bufStatus:7
Tue Sep  8 01:36:31.151 2026 : ResponseHandler::handleMR8BufferStatus buffer:9 bufStatus:2
Tue Sep  8 01:36:31.151 2026 : ResponseHandler::handleMR8BufferStatus memsettig buffer:9 bufLength:544
Tue Sep  8 01:36:31.151 2026 : ResponseHandler::handleMR8BufferStatus Exiting
Tue Sep  8 01:36:31.151 2026 : CLI8 : StoreLIBFacade::issueStorelibCmd Exiting with retCode:0 cmdExtStatus =0

Tue Sep  8 01:36:31.151 2026 : StoreLIBFacade::getDriveInfo - SL returns cmdExtStatus:0x0, reasonCode:0x0
Tue Sep  8 01:36:31.151 2026 : StoreLIBFacade::getDriveInfo Exiting - retCode:0

Tue Sep  8 01:36:31.151 2026 : PdDataMfi::getMrPdInfo - Reading drive information - Drive PID:321 retCode:0
Tue Sep  8 01:36:31.151 2026 : PdDataMf::getMrPdInfo - Exiting with retCode:0
Tue Sep  8 01:36:31.151 2026 : PdDataMfi::getMrPdInfo Entering - getAUInfo:0 getAUInquiryBuffers:0
Tue Sep  8 01:36:31.151 2026 : PdDataMfi::getMrPdInfo Entering - getAUInfo:0 getAUInquiryBuffers:0
Tue Sep  8 01:36:31.151 2026 : PdDataMfi::getMrPdInfo - Reading drive information - Drive PID:322
Tue Sep  8 01:36:31.151 2026 : StoreLIBFacade::getDriveInfo Entering - Drive PID:322
Tue Sep  8 01:36:31.151 2026 : StoreLIBFacade::getDriveInfo DCMD OpCode: 0x2010000
Tue Sep  8 01:36:31.151 2026 : CLI8 : StoreLIBFacade::issueStorelibCmd Entering ctrlId=0

Tue Sep  8 01:36:31.151 2026 : CLI8 : StoreLIBFacade::fireStorelibCommand Entering

Tue Sep  8 01:36:31.151 2026 : CLI8 : StoreLIBFacade::fireStorelibCommand Exiting with retCode:0x0

Tue Sep  8 01:36:31.151 2026 : ResponseHandler::checkSl8Response ENTER
Tue Sep  8 01:36:31.151 2026 : ResponseHandler::clearSl8ResponseData Enter
Tue Sep  8 01:36:31.151 2026 : clear resp data
Tue Sep  8 01:36:31.151 2026 : ResponseHandler::clearSl8ResponseData Exit
Tue Sep  8 01:36:31.151 2026 : ResponseParser::CreateInstance Enter
Tue Sep  8 01:36:31.151 2026 : ResponseParser::CreateInstance Exit
Tue Sep  8 01:36:31.151 2026 : FirmwareFailuresParser::GetErrorStrings Enter SLExtStat=0
Tue Sep  8 01:36:31.151 2026 : FirmwareFailuresParser::IgnoreStatusParser Enter
Tue Sep  8 01:36:31.151 2026 : FirmwareFailuresParser::IgnoreStatusParser Exit
Tue Sep  8 01:36:31.151 2026 : FirmwareFailuresParser::GetErrorStrings Exit
Tue Sep  8 01:36:31.151 2026 : ResponseHandler::checkSl8Response .message string Ignore extended status
Tue Sep  8 01:36:31.151 2026 : ResponseHandler::checkSl8Response EXIT with return code 0x0
Tue Sep  8 01:36:31.151 2026 : ResponseHandler::handleMR8BufferStatus Entering
Tue Sep  8 01:36:31.151 2026 : ResponseHandler::handleMR8BufferStatus dataBufElements:10 cmdType:2 cmd:514
Tue Sep  8 01:36:31.151 2026 : ResponseHandler::handleMR8BufferStatus dataBufElements:10 opCode:0x2010000
Tue Sep  8 01:36:31.151 2026 : ResponseHandler::handleMR8BufferStatus buffer:2 bufStatus:7
Tue Sep  8 01:36:31.151 2026 : ResponseHandler::handleMR8BufferStatus buffer:3 bufStatus:7
Tue Sep  8 01:36:31.151 2026 : ResponseHandler::handleMR8BufferStatus buffer:4 bufStatus:7
Tue Sep  8 01:36:31.151 2026 : ResponseHandler::handleMR8BufferStatus buffer:5 bufStatus:7
Tue Sep  8 01:36:31.151 2026 : ResponseHandler::handleMR8BufferStatus buffer:6 bufStatus:7

Tue Sep  8 01:36:31.151 2026 : ResponseHandler::handleMR8BufferStatus buffer:7 bufStatus:7
Tue Sep  8 01:36:31.151 2026 : ResponseHandler::handleMR8BufferStatus buffer:8 bufStatus:7
Tue Sep  8 01:36:31.151 2026 : ResponseHandler::handleMR8BufferStatus buffer:9 bufStatus:2
Tue Sep  8 01:36:31.151 2026 : ResponseHandler::handleMR8BufferStatus memsettig buffer:9 bufLength:544
Tue Sep  8 01:36:31.151 2026 : ResponseHandler::handleMR8BufferStatus Exiting
Tue Sep  8 01:36:31.151 2026 : CLI8 : StoreLIBFacade::issueStorelibCmd Exiting with retCode:0 cmdExtStatus =0

Tue Sep  8 01:36:31.151 2026 : StoreLIBFacade::getDriveInfo - SL returns cmdExtStatus:0x0, reasonCode:0x0
Tue Sep  8 01:36:31.151 2026 : StoreLIBFacade::getDriveInfo Exiting - retCode:0

Tue Sep  8 01:36:31.151 2026 : PdDataMfi::getMrPdInfo - Reading drive information - Drive PID:322 retCode:0
Tue Sep  8 01:36:31.151 2026 : PdDataMf::getMrPdInfo - Exiting with retCode:0
Tue Sep  8 01:36:31.151 2026 : PdDataMfi::getMrPdInfo Entering - getAUInfo:0 getAUInquiryBuffers:0
Tue Sep  8 01:36:31.151 2026 : ConfigDataManager::saveConfig - isVdForeign - isForeign:0
Tue Sep  8 01:36:31.151 2026 : ConfigDataManager::SaveConfig - targetId:2
Tue Sep  8 01:36:31.151 2026 : Array::isArrMissing Entering
Tue Sep  8 01:36:31.151 2026 : Array::isArrMissing Getting the array pd list
Tue Sep  8 01:36:31.151 2026 : Array::isArrMissing pd list count:2
Tue Sep  8 01:36:31.151 2026 : Array::isArrMissing pd list count:2
Tue Sep  8 01:36:31.151 2026 : PdDataMfi::getMrPdInfo Entering - getAUInfo:0 getAUInquiryBuffers:0
Tue Sep  8 01:36:31.151 2026 : PdDataMfi::getMrPdInfo - Reading drive information - Drive PID:345
Tue Sep  8 01:36:31.151 2026 : StoreLIBFacade::getDriveInfo Entering - Drive PID:345
Tue Sep  8 01:36:31.151 2026 : StoreLIBFacade::getDriveInfo DCMD OpCode: 0x2010000
Tue Sep  8 01:36:31.151 2026 : CLI8 : StoreLIBFacade::issueStorelibCmd Entering ctrlId=0

Tue Sep  8 01:36:31.151 2026 : CLI8 : StoreLIBFacade::fireStorelibCommand Entering

Tue Sep  8 01:36:31.152 2026 : CLI8 : StoreLIBFacade::fireStorelibCommand Exiting with retCode:0x0

Tue Sep  8 01:36:31.152 2026 : ResponseHandler::checkSl8Response ENTER
Tue Sep  8 01:36:31.152 2026 : ResponseHandler::clearSl8ResponseData Enter
Tue Sep  8 01:36:31.152 2026 : clear resp data
Tue Sep  8 01:36:31.152 2026 : ResponseHandler::clearSl8ResponseData Exit
Tue Sep  8 01:36:31.152 2026 : ResponseParser::CreateInstance Enter
Tue Sep  8 01:36:31.152 2026 : ResponseParser::CreateInstance Exit
Tue Sep  8 01:36:31.152 2026 : FirmwareFailuresParser::GetErrorStrings Enter SLExtStat=0
Tue Sep  8 01:36:31.152 2026 : FirmwareFailuresParser::IgnoreStatusParser Enter
Tue Sep  8 01:36:31.152 2026 : FirmwareFailuresParser::IgnoreStatusParser Exit
Tue Sep  8 01:36:31.152 2026 : FirmwareFailuresParser::GetErrorStrings Exit
Tue Sep  8 01:36:31.152 2026 : ResponseHandler::checkSl8Response .message string Ignore extended status
Tue Sep  8 01:36:31.152 2026 : ResponseHandler::checkSl8Response EXIT with return code 0x0
Tue Sep  8 01:36:31.152 2026 : ResponseHandler::handleMR8BufferStatus Entering
Tue Sep  8 01:36:31.152 2026 : ResponseHandler::handleMR8BufferStatus dataBufElements:10 cmdType:2 cmd:514
Tue Sep  8 01:36:31.152 2026 : ResponseHandler::handleMR8BufferStatus dataBufElements:10 opCode:0x2010000
Tue Sep  8 01:36:31.152 2026 : ResponseHandler::handleMR8BufferStatus buffer:2 bufStatus:7
Tue Sep  8 01:36:31.152 2026 : ResponseHandler::handleMR8BufferStatus buffer:3 bufStatus:7
Tue Sep  8 01:36:31.152 2026 : ResponseHandler::handleMR8BufferStatus buffer:4 bufStatus:7
Tue Sep  8 01:36:31.152 2026 : ResponseHandler::handleMR8BufferStatus buffer:5 bufStatus:7
Tue Sep  8 01:36:31.152 2026 : ResponseHandler::handleMR8BufferStatus buffer:6 bufStatus:7
Tue Sep  8 01:36:31.152 2026 : ResponseHandler::handleMR8BufferStatus buffer:7 bufStatus:7
Tue Sep  8 01:36:31.152 2026 : ResponseHandler::handleMR8BufferStatus buffer:8 bufStatus:7
Tue Sep  8 01:36:31.152 2026 : ResponseHandler::handleMR8BufferStatus buffer:9 bufStatus:2
Tue Sep  8 01:36:31.152 2026 : ResponseHandler::handleMR8BufferStatus memsettig buffer:9 bufLength:544
Tue Sep  8 01:36:31.152 2026 : ResponseHandler::handleMR8BufferStatus Exiting
Tue Sep  8 01:36:31.152 2026 : CLI8 : StoreLIBFacade::issueStorelibCmd Exiting with retCode:0 cmdExtStatus =0

Tue Sep  8 01:36:31.152 2026 : StoreLIBFacade::getDriveInfo - SL returns cmdExtStatus:0x0, reasonCode:0x0
Tue Sep  8 01:36:31.152 2026 : StoreLIBFacade::getDriveInfo Exiting - retCode:0

Tue Sep  8 01:36:31.152 2026 : PdDataMfi::getMrPdInfo - Reading drive information - Drive PID:345 retCode:0
Tue Sep  8 01:36:31.152 2026 : PdDataMf::getMrPdInfo - Exiting with retCode:0
Tue Sep  8 01:36:31.152 2026 : Array::isArrMissing isDrvMissing:0
Tue Sep  8 01:36:31.152 2026 : PdDataMfi::getMrPdInfo Entering - getAUInfo:0 getAUInquiryBuffers:0
Tue Sep  8 01:36:31.152 2026 : PdDataMfi::getMrPdInfo Entering - getAUInfo:0 getAUInquiryBuffers:0
Tue Sep  8 01:36:31.152 2026 : PdDataMfi::getMrPdInfo Entering - getAUInfo:0 getAUInquiryBuffers:0
Tue Sep  8 01:36:31.152 2026 : PdDataMfi::getMrPdInfo - Reading drive information - Drive PID:346
Tue Sep  8 01:36:31.152 2026 : StoreLIBFacade::getDriveInfo Entering - Drive PID:346
Tue Sep  8 01:36:31.152 2026 : StoreLIBFacade::getDriveInfo DCMD OpCode: 0x2010000
Tue Sep  8 01:36:31.152 2026 : CLI8 : StoreLIBFacade::issueStorelibCmd Entering ctrlId=0

Tue Sep  8 01:36:31.152 2026 : CLI8 : StoreLIBFacade::fireStorelibCommand Entering

Tue Sep  8 01:36:31.152 2026 : CLI8 : StoreLIBFacade::fireStorelibCommand Exiting with retCode:0x0

Tue Sep  8 01:36:31.152 2026 : ResponseHandler::checkSl8Response ENTER
Tue Sep  8 01:36:31.152 2026 : ResponseHandler::clearSl8ResponseData Enter
Tue Sep  8 01:36:31.152 2026 : clear resp data
Tue Sep  8 01:36:31.152 2026 : ResponseHandler::clearSl8ResponseData Exit
Tue Sep  8 01:36:31.152 2026 : ResponseParser::CreateInstance Enter
Tue Sep  8 01:36:31.152 2026 : ResponseParser::CreateInstance Exit
Tue Sep  8 01:36:31.152 2026 : FirmwareFailuresParser::GetErrorStrings Enter SLExtStat=0
Tue Sep  8 01:36:31.152 2026 : FirmwareFailuresParser::IgnoreStatusParser Enter
Tue Sep  8 01:36:31.152 2026 : FirmwareFailuresParser::IgnoreStatusParser Exit
Tue Sep  8 01:36:31.152 2026 : FirmwareFailuresParser::GetErrorStrings Exit
Tue Sep  8 01:36:31.152 2026 : ResponseHandler::checkSl8Response .message string Ignore extended status
Tue Sep  8 01:36:31.152 2026 : ResponseHandler::checkSl8Response EXIT with return code 0x0
Tue Sep  8 01:36:31.152 2026 : ResponseHandler::handleMR8BufferStatus Entering
Tue Sep  8 01:36:31.152 2026 : ResponseHandler::handleMR8BufferStatus dataBufElements:10 cmdType:2 cmd:514
Tue Sep  8 01:36:31.152 2026 : ResponseHandler::handleMR8BufferStatus dataBufElements:10 opCode:0x2010000
Tue Sep  8 01:36:31.152 2026 : ResponseHandler::handleMR8BufferStatus buffer:2 bufStatus:7
Tue Sep  8 01:36:31.152 2026 : ResponseHandler::handleMR8BufferStatus buffer:3 bufStatus:7
Tue Sep  8 01:36:31.152 2026 : ResponseHandler::handleMR8BufferStatus buffer:4 bufStatus:7
Tue Sep  8 01:36:31.152 2026 : ResponseHandler::handleMR8BufferStatus buffer:5 bufStatus:7
Tue Sep  8 01:36:31.152 2026 : ResponseHandler::handleMR8BufferStatus buffer:6 bufStatus:7
Tue Sep  8 01:36:31.152 2026 : ResponseHandler::handleMR8BufferStatus buffer:7 bufStatus:7
Tue Sep  8 01:36:31.152 2026 : ResponseHandler::handleMR8BufferStatus buffer:8 bufStatus:7
Tue Sep  8 01:36:31.152 2026 : ResponseHandler::handleMR8BufferStatus buffer:9 bufStatus:2
Tue Sep  8 01:36:31.152 2026 : ResponseHandler::handleMR8BufferStatus memsettig buffer:9 bufLength:544
Tue Sep  8 01:36:31.152 2026 : ResponseHandler::handleMR8BufferStatus Exiting
Tue Sep  8 01:36:31.152 2026 : CLI8 : StoreLIBFacade::issueStorelibCmd Exiting with retCode:0 cmdExtStatus =0

Tue Sep  8 01:36:31.152 2026 : StoreLIBFacade::getDriveInfo - SL returns cmdExtStatus:0x0, reasonCode:0x0
Tue Sep  8 01:36:31.152 2026 : StoreLIBFacade::getDriveInfo Exiting - retCode:0

Tue Sep  8 01:36:31.152 2026 : PdDataMfi::getMrPdInfo - Reading drive information - Drive PID:346 retCode:0
Tue Sep  8 01:36:31.152 2026 : PdDataMf::getMrPdInfo - Exiting with retCode:0
Tue Sep  8 01:36:31.152 2026 : PdDataMfi::getMrPdInfo Entering - getAUInfo:0 getAUInquiryBuffers:0
Tue Sep  8 01:36:31.152 2026 : ConfigDataManager::saveConfig - isVdForeign - isForeign:0
Tue Sep  8 01:36:31.152 2026 : ConfigDataManager::SaveConfig - targetId:3
Tue Sep  8 01:36:31.152 2026 : Array::isArrMissing Entering
Tue Sep  8 01:36:31.152 2026 : Array::isArrMissing Getting the array pd list
Tue Sep  8 01:36:31.152 2026 : Array::isArrMissing pd list count:2
Tue Sep  8 01:36:31.152 2026 : Array::isArrMissing pd list count:2
Tue Sep  8 01:36:31.152 2026 : PdDataMfi::getMrPdInfo Entering - getAUInfo:0 getAUInquiryBuffers:0
Tue Sep  8 01:36:31.152 2026 : PdDataMfi::getMrPdInfo - Reading drive information - Drive PID:347
Tue Sep  8 01:36:31.152 2026 : StoreLIBFacade::getDriveInfo Entering - Drive PID:347
Tue Sep  8 01:36:31.152 2026 : StoreLIBFacade::getDriveInfo DCMD OpCode: 0x2010000
Tue Sep  8 01:36:31.152 2026 : CLI8 : StoreLIBFacade::issueStorelibCmd Entering ctrlId=0

Tue Sep  8 01:36:31.152 2026 : CLI8 : StoreLIBFacade::fireStorelibCommand Entering

Tue Sep  8 01:36:31.152 2026 : CLI8 : StoreLIBFacade::fireStorelibCommand Exiting with retCode:0x0

Tue Sep  8 01:36:31.152 2026 : ResponseHandler::checkSl8Response ENTER
Tue Sep  8 01:36:31.152 2026 : ResponseHandler::clearSl8ResponseData Enter
Tue Sep  8 01:36:31.152 2026 : clear resp data
Tue Sep  8 01:36:31.152 2026 : ResponseHandler::clearSl8ResponseData Exit
Tue Sep  8 01:36:31.152 2026 : ResponseParser::CreateInstance Enter
Tue Sep  8 01:36:31.153 2026 : ResponseParser::CreateInstance Exit
Tue Sep  8 01:36:31.153 2026 : FirmwareFailuresParser::GetErrorStrings Enter SLExtStat=0
Tue Sep  8 01:36:31.153 2026 : FirmwareFailuresParser::IgnoreStatusParser Enter
Tue Sep  8 01:36:31.153 2026 : FirmwareFailuresParser::IgnoreStatusParser Exit
Tue Sep  8 01:36:31.153 2026 : FirmwareFailuresParser::GetErrorStrings Exit
Tue Sep  8 01:36:31.153 2026 : ResponseHandler::checkSl8Response .message string Ignore extended status
Tue Sep  8 01:36:31.153 2026 : ResponseHandler::checkSl8Response EXIT with return code 0x0
Tue Sep  8 01:36:31.153 2026 : ResponseHandler::handleMR8BufferStatus Entering
Tue Sep  8 01:36:31.153 2026 : ResponseHandler::handleMR8BufferStatus dataBufElements:10 cmdType:2 cmd:514
Tue Sep  8 01:36:31.153 2026 : ResponseHandler::handleMR8BufferStatus dataBufElements:10 opCode:0x2010000
Tue Sep  8 01:36:31.153 2026 : ResponseHandler::handleMR8BufferStatus buffer:2 bufStatus:7
Tue Sep  8 01:36:31.153 2026 : ResponseHandler::handleMR8BufferStatus buffer:3 bufStatus:7
Tue Sep  8 01:36:31.153 2026 : ResponseHandler::handleMR8BufferStatus buffer:4 bufStatus:7
Tue Sep  8 01:36:31.153 2026 : ResponseHandler::handleMR8BufferStatus buffer:5 bufStatus:7
Tue Sep  8 01:36:31.153 2026 : ResponseHandler::handleMR8BufferStatus buffer:6 bufStatus:7
Tue Sep  8 01:36:31.153 2026 : ResponseHandler::handleMR8BufferStatus buffer:7 bufStatus:7
Tue Sep  8 01:36:31.153 2026 : ResponseHandler::handleMR8BufferStatus buffer:8 bufStatus:7
Tue Sep  8 01:36:31.153 2026 : ResponseHandler::handleMR8BufferStatus buffer:9 bufStatus:2
Tue Sep  8 01:36:31.153 2026 : ResponseHandler::handleMR8BufferStatus memsettig buffer:9 bufLength:544
Tue Sep  8 01:36:31.153 2026 : ResponseHandler::handleMR8BufferStatus Exiting
Tue Sep  8 01:36:31.153 2026 : CLI8 : StoreLIBFacade::issueStorelibCmd Exiting with retCode:0 cmdExtStatus =0

Tue Sep  8 01:36:31.153 2026 : StoreLIBFacade::getDriveInfo - SL returns cmdExtStatus:0x0, reasonCode:0x0
Tue Sep  8 01:36:31.153 2026 : StoreLIBFacade::getDriveInfo Exiting - retCode:0

Tue Sep  8 01:36:31.153 2026 : PdDataMfi::getMrPdInfo - Reading drive information - Drive PID:347 retCode:0
Tue Sep  8 01:36:31.153 2026 : PdDataMf::getMrPdInfo - Exiting with retCode:0
Tue Sep  8 01:36:31.153 2026 : Array::isArrMissing isDrvMissing:0
Tue Sep  8 01:36:31.153 2026 : PdDataMfi::getMrPdInfo Entering - getAUInfo:0 getAUInquiryBuffers:0
Tue Sep  8 01:36:31.153 2026 : PdDataMfi::getMrPdInfo Entering - getAUInfo:0 getAUInquiryBuffers:0
Tue Sep  8 01:36:31.153 2026 : PdDataMfi::getMrPdInfo Entering - getAUInfo:0 getAUInquiryBuffers:0
Tue Sep  8 01:36:31.153 2026 : PdDataMfi::getMrPdInfo - Reading drive information - Drive PID:348
Tue Sep  8 01:36:31.153 2026 : StoreLIBFacade::getDriveInfo Entering - Drive PID:348
Tue Sep  8 01:36:31.153 2026 : StoreLIBFacade::getDriveInfo DCMD OpCode: 0x2010000
Tue Sep  8 01:36:31.153 2026 : CLI8 : StoreLIBFacade::issueStorelibCmd Entering ctrlId=0

Tue Sep  8 01:36:31.153 2026 : CLI8 : StoreLIBFacade::fireStorelibCommand Entering

Tue Sep  8 01:36:31.153 2026 : CLI8 : StoreLIBFacade::fireStorelibCommand Exiting with retCode:0x0

Tue Sep  8 01:36:31.153 2026 : ResponseHandler::checkSl8Response ENTER
Tue Sep  8 01:36:31.153 2026 : ResponseHandler::clearSl8ResponseData Enter
Tue Sep  8 01:36:31.153 2026 : clear resp data
Tue Sep  8 01:36:31.153 2026 : ResponseHandler::clearSl8ResponseData Exit
Tue Sep  8 01:36:31.153 2026 : ResponseParser::CreateInstance Enter
Tue Sep  8 01:36:31.153 2026 : ResponseParser::CreateInstance Exit
Tue Sep  8 01:36:31.153 2026 : FirmwareFailuresParser::GetErrorStrings Enter SLExtStat=0
Tue Sep  8 01:36:31.153 2026 : FirmwareFailuresParser::IgnoreStatusParser Enter
Tue Sep  8 01:36:31.153 2026 : FirmwareFailuresParser::IgnoreStatusParser Exit
Tue Sep  8 01:36:31.153 2026 : FirmwareFailuresParser::GetErrorStrings Exit
Tue Sep  8 01:36:31.153 2026 : ResponseHandler::checkSl8Response .message string Ignore extended status
Tue Sep  8 01:36:31.153 2026 : ResponseHandler::checkSl8Response EXIT with return code 0x0
Tue Sep  8 01:36:31.153 2026 : ResponseHandler::handleMR8BufferStatus Entering
Tue Sep  8 01:36:31.153 2026 : ResponseHandler::handleMR8BufferStatus dataBufElements:10 cmdType:2 cmd:514
Tue Sep  8 01:36:31.153 2026 : ResponseHandler::handleMR8BufferStatus dataBufElements:10 opCode:0x2010000
Tue Sep  8 01:36:31.153 2026 : ResponseHandler::handleMR8BufferStatus buffer:2 bufStatus:7
Tue Sep  8 01:36:31.153 2026 : ResponseHandler::handleMR8BufferStatus buffer:3 bufStatus:7
Tue Sep  8 01:36:31.153 2026 : ResponseHandler::handleMR8BufferStatus buffer:4 bufStatus:7
Tue Sep  8 01:36:31.153 2026 : ResponseHandler::handleMR8BufferStatus buffer:5 bufStatus:7
Tue Sep  8 01:36:31.153 2026 : ResponseHandler::handleMR8BufferStatus buffer:6 bufStatus:7
Tue Sep  8 01:36:31.153 2026 : ResponseHandler::handleMR8BufferStatus buffer:7 bufStatus:7
Tue Sep  8 01:36:31.153 2026 : ResponseHandler::handleMR8BufferStatus buffer:8 bufStatus:7
Tue Sep  8 01:36:31.153 2026 : ResponseHandler::handleMR8BufferStatus buffer:9 bufStatus:2
Tue Sep  8 01:36:31.153 2026 : ResponseHandler::handleMR8BufferStatus memsettig buffer:9 bufLength:544
Tue Sep  8 01:36:31.153 2026 : ResponseHandler::handleMR8BufferStatus Exiting
Tue Sep  8 01:36:31.153 2026 : CLI8 : StoreLIBFacade::issueStorelibCmd Exiting with retCode:0 cmdExtStatus =0

Tue Sep  8 01:36:31.153 2026 : StoreLIBFacade::getDriveInfo - SL returns cmdExtStatus:0x0, reasonCode:0x0
Tue Sep  8 01:36:31.153 2026 : StoreLIBFacade::getDriveInfo Exiting - retCode:0

Tue Sep  8 01:36:31.153 2026 : PdDataMfi::getMrPdInfo - Reading drive information - Drive PID:348 retCode:0
Tue Sep  8 01:36:31.153 2026 : PdDataMf::getMrPdInfo - Exiting with retCode:0
Tue Sep  8 01:36:31.153 2026 : PdDataMfi::getMrPdInfo Entering - getAUInfo:0 getAUInquiryBuffers:0
Tue Sep  8 01:36:31.153 2026 : ConfigDataManager::saveConfig - isVdForeign - isForeign:0
Tue Sep  8 01:36:31.153 2026 : ConfigDataManager::saveConfig Exiting - retCode:0

Tue Sep  8 01:36:31.153 2026 : ConfigDataManager::updateConfig Exiting with retCode : 0
Tue Sep  8 01:36:31.153 2026 : ConfigDataManager::scanForeignCfg Entering
Tue Sep  8 01:36:31.153 2026 : StoreLIBFacadeMR::scanForeignConfig - Entering 

Tue Sep  8 01:36:31.153 2026 : StoreLIBFacadeMR::scanForeignConfig DCMD OpCode: 0x4090100
Tue Sep  8 01:36:31.153 2026 : CLI8 : StoreLIBFacade::issueStorelibCmd Entering ctrlId=0

Tue Sep  8 01:36:31.153 2026 : CLI8 : StoreLIBFacade::fireStorelibCommand Entering

Tue Sep  8 01:36:31.184 2026 : CLI8 : StoreLIBFacade::fireStorelibCommand Exiting with retCode:0x0

Tue Sep  8 01:36:31.184 2026 : ResponseHandler::checkSl8Response ENTER
Tue Sep  8 01:36:31.184 2026 : ResponseHandler::clearSl8ResponseData Enter
Tue Sep  8 01:36:31.184 2026 : clear resp data
Tue Sep  8 01:36:31.184 2026 : ResponseHandler::clearSl8ResponseData Exit
Tue Sep  8 01:36:31.184 2026 : ResponseParser::CreateInstance Enter
Tue Sep  8 01:36:31.184 2026 : ResponseParser::CreateInstance Exit
Tue Sep  8 01:36:31.184 2026 : FirmwareFailuresParser::GetErrorStrings Enter SLExtStat=3
Tue Sep  8 01:36:31.184 2026 : FirmwareFailuresParser::DcmdStatusParser Enter
Tue Sep  8 01:36:31.184 2026 : FirmwareFailuresParser::DcmdStatusParser iocStatus:0x0 iocLogInfo:0x0
Tue Sep  8 01:36:31.184 2026 : FirmwareFailuresParser::DcmdStatusParser fwStatus 2
Tue Sep  8 01:36:31.184 2026 : FirmwareFailuresParser::GetFunctionHandle Enter
Tue Sep  8 01:36:31.184 2026 : FirmwareFailuresParser::GetFunctionHandle Exit
Tue Sep  8 01:36:31.184 2026 : FirmwareFailuresParser::HandleStatGeneric Enter
Tue Sep  8 01:36:31.184 2026 : FirmwareFailuresParser::HandleStatRaidStatusExt Enter =5
Tue Sep  8 01:36:31.184 2026 : FirmwareFailuresParser::HandleStatRaidStatusExt Exit
Tue Sep  8 01:36:31.184 2026 : FirmwareFailuresParser::HandleStatGeneric Exit
Tue Sep  8 01:36:31.184 2026 : FirmwareFailuresParser::DcmdStatusParser Exit status=0
Tue Sep  8 01:36:31.184 2026 : FirmwareFailuresParser::GetErrorStrings Exit
Tue Sep  8 01:36:31.184 2026 : ResponseHandler::checkSl8Response .message string Could not find any foreign configuration.
Tue Sep  8 01:36:31.184 2026 : ResponseHandler::checkSl8Response EXIT with return code 0x5
Tue Sep  8 01:36:31.184 2026 : DEBUG_LOG_HEXDUMP: Entered with dataLength:1352

Tue Sep  8 01:36:31.184 2026 : CLI8 : StoreLIBFacade::issueStorelibCmd Exiting with retCode:5 cmdExtStatus =5

Tue Sep  8 01:36:31.184 2026 : StoreLIBFacadeMR::scanForeignConfig Exiting with retCode:0x5

Tue Sep  8 01:36:31.184 2026 : ConfigDataManager::scanForeignCfg - scanForeignConfig retCode:5
Tue Sep  8 01:36:31.184 2026 : ForeignCp::returnStatus Entering - retCode:0

Tue Sep  8 01:36:31.184 2026 : ForeignCp::returnStatus Exiting - retCode:0

Tue Sep  8 01:36:31.184 2026 : ConfigDataManager::getDGInfo Entering
Tue Sep  8 01:36:31.184 2026 : ConfigDataManager getInstance Entering

Tue Sep  8 01:36:31.184 2026 : ConfigDataManager::getDGInfo - Updating the config...
Tue Sep  8 01:36:31.184 2026 : ConfigDataManager::updateConfig Entered
Tue Sep  8 01:36:31.184 2026 : DriveDataManager getInstance Entering

Tue Sep  8 01:36:31.184 2026 : CtrlDataManager getInstance Entering

Tue Sep  8 01:36:31.184 2026 : ConfigDataManager getInstance Entering

Tue Sep  8 01:36:31.184 2026 : ConfigDataManager::getDGInfo Getting DG List
Tue Sep  8 01:36:31.184 2026 : DiskGrp::getDgTopology Entering isforeign:0
Tue Sep  8 01:36:31.184 2026 : ConfigDataManager getInstance Entering

Tue Sep  8 01:36:31.184 2026 : CtrlDataManager getInstance Entering

Tue Sep  8 01:36:31.184 2026 : CtrlDataManager getSupportedSizeBaseUnits Entering
Tue Sep  8 01:36:31.184 2026 : CtrlDataManager getMrCtrlInfo - Entering

Tue Sep  8 01:36:31.184 2026 : CtrlDataManager getMrCtrlInfo - Returning persisted Static and Dynamic controller info

Tue Sep  8 01:36:31.184 2026 : CtrlDataManager getSupportedSizeBaseUnits Exiting - retCode :0 *baseUnits:0
Tue Sep  8 01:36:31.184 2026 : DiskGrp::getDgTopology baseUnits:0
Tue Sep  8 01:36:31.184 2026 : DiskGrp::getDgTopology getArrayList retCode:0
Tue Sep  8 01:36:31.184 2026 : Array::getArrBlockSize Entering
Tue Sep  8 01:36:31.184 2026 : Array::isArrMissing Entering
Tue Sep  8 01:36:31.184 2026 : Array::isArrMissing Getting the array pd list
Tue Sep  8 01:36:31.184 2026 : Array::isArrMissing pd list count:4
Tue Sep  8 01:36:31.184 2026 : Array::isArrMissing pd list count:4
Tue Sep  8 01:36:31.184 2026 : PdDataMfi::getMrPdInfo Entering - getAUInfo:0 getAUInquiryBuffers:0
Tue Sep  8 01:36:31.184 2026 : Array::isArrMissing isDrvMissing:0
Tue Sep  8 01:36:31.184 2026 : Array::getArrBlockSize isArrMissing retCode:0 missing:0
Tue Sep  8 01:36:31.184 2026 : Array::getArrBlockSize getPdList retCode:0
Tue Sep  8 01:36:31.184 2026 : Array::getArrBlockSize pd list count:4
Tue Sep  8 01:36:31.184 2026 : PdDataMfi::getMrPdInfo Entering - getAUInfo:1 getAUInquiryBuffers:0
Tue Sep  8 01:36:31.184 2026 : PdDataMfi::getMrPdInfo - Reading drive's AU information - Drive PID:319 getAUInfo:1 getAUInquiryBuffers:0
Tue Sep  8 01:36:31.184 2026 : StoreLIBFacade::getDriveAUInfo Entering - Drive PID:319 getAUInfo:1 getAUInquiryBuffers:0
Tue Sep  8 01:36:31.184 2026 : StoreLIBFacade::getDriveAUInfo DCMD OpCode: 0x2020000
Tue Sep  8 01:36:31.184 2026 : CLI8 : StoreLIBFacade::issueStorelibCmd Entering ctrlId=0

Tue Sep  8 01:36:31.184 2026 : CLI8 : StoreLIBFacade::fireStorelibCommand Entering

Tue Sep  8 01:36:31.184 2026 : CLI8 : StoreLIBFacade::fireStorelibCommand Exiting with retCode:0x0

Tue Sep  8 01:36:31.184 2026 : ResponseHandler::checkSl8Response ENTER
Tue Sep  8 01:36:31.184 2026 : ResponseHandler::clearSl8ResponseData Enter
Tue Sep  8 01:36:31.184 2026 : clear resp data
Tue Sep  8 01:36:31.184 2026 : ResponseHandler::clearSl8ResponseData Exit
Tue Sep  8 01:36:31.184 2026 : ResponseParser::CreateInstance Enter
Tue Sep  8 01:36:31.184 2026 : ResponseParser::CreateInstance Exit
Tue Sep  8 01:36:31.184 2026 : FirmwareFailuresParser::GetErrorStrings Enter SLExtStat=0
Tue Sep  8 01:36:31.184 2026 : FirmwareFailuresParser::IgnoreStatusParser Enter
Tue Sep  8 01:36:31.184 2026 : FirmwareFailuresParser::IgnoreStatusParser Exit
Tue Sep  8 01:36:31.184 2026 : FirmwareFailuresParser::GetErrorStrings Exit
Tue Sep  8 01:36:31.184 2026 : ResponseHandler::checkSl8Response .message string Ignore extended status
Tue Sep  8 01:36:31.184 2026 : ResponseHandler::checkSl8Response EXIT with return code 0x0
Tue Sep  8 01:36:31.184 2026 : ResponseHandler::handleMR8BufferStatus Entering
Tue Sep  8 01:36:31.184 2026 : ResponseHandler::handleMR8BufferStatus dataBufElements:10 cmdType:2 cmd:514
Tue Sep  8 01:36:31.184 2026 : ResponseHandler::handleMR8BufferStatus dataBufElements:10 opCode:0x2020000
Tue Sep  8 01:36:31.184 2026 : ResponseHandler::handleMR8BufferStatus buffer:2 bufStatus:7
Tue Sep  8 01:36:31.184 2026 : ResponseHandler::handleMR8BufferStatus buffer:3 bufStatus:7
Tue Sep  8 01:36:31.184 2026 : ResponseHandler::handleMR8BufferStatus buffer:4 bufStatus:2
Tue Sep  8 01:36:31.184 2026 : ResponseHandler::handleMR8BufferStatus memsettig buffer:4 bufLength:0
Tue Sep  8 01:36:31.184 2026 : ResponseHandler::handleMR8BufferStatus buffer:5 bufStatus:2
Tue Sep  8 01:36:31.184 2026 : ResponseHandler::handleMR8BufferStatus memsettig buffer:5 bufLength:0
Tue Sep  8 01:36:31.184 2026 : ResponseHandler::handleMR8BufferStatus buffer:6 bufStatus:2
Tue Sep  8 01:36:31.184 2026 : ResponseHandler::handleMR8BufferStatus memsettig buffer:6 bufLength:0
Tue Sep  8 01:36:31.184 2026 : ResponseHandler::handleMR8BufferStatus buffer:7 bufStatus:2
Tue Sep  8 01:36:31.184 2026 : ResponseHandler::handleMR8BufferStatus memsettig buffer:7 bufLength:0
Tue Sep  8 01:36:31.184 2026 : ResponseHandler::handleMR8BufferStatus buffer:8 bufStatus:7
Tue Sep  8 01:36:31.184 2026 : ResponseHandler::handleMR8BufferStatus buffer:9 bufStatus:0
Tue Sep  8 01:36:31.184 2026 : ResponseHandler::handleMR8BufferStatus memsettig buffer:9 bufLength:1024
Tue Sep  8 01:36:31.184 2026 : ResponseHandler::handleMR8BufferStatus Exiting
Tue Sep  8 01:36:31.184 2026 : CLI8 : StoreLIBFacade::issueStorelibCmd Exiting with retCode:0 cmdExtStatus =0

Tue Sep  8 01:36:31.184 2026 : StoreLIBFacade::getDriveAUInfo - SL returns cmdExtStatus:0x0, reasonCode:0x0
Tue Sep  8 01:36:31.184 2026 : StoreLIBFacade::getDriveAUInfo Exiting - retCode:0

Tue Sep  8 01:36:31.184 2026 : PdDataMfi::getMrPdInfo - Reading drive's AU information - Drive PID:319 retCode:0
Tue Sep  8 01:36:31.184 2026 : PdDataMfi::getMrPdInfo - AU Count:1
Tue Sep  8 01:36:31.184 2026 : PdDataMfi::computeCoercedSizeFromLun Entering
Tue Sep  8 01:36:31.184 2026 : PdDataMfi::computeCoercedSizeFromLun - AU Count:1
Tue Sep  8 01:36:31.184 2026 : PdDataMf::computteCoercedSizeFromLun - allCoercedSizePopulated:1 minCoercedSize:936640512
Tue Sep  8 01:36:31.184 2026 : PdDataMfi::getMrPdInfo - coercedSize:936640512 nonCoercedSize:0 rawSize:937703088
Tue Sep  8 01:36:31.184 2026 : PdDataMf::getMrPdInfo - Exiting with retCode:0
Tue Sep  8 01:36:31.184 2026 : DiskGrp::getDgTopology - ArrayBlockSize:512
Tue Sep  8 01:36:31.184 2026 : CtrlDataManager getInstance Entering

Tue Sep  8 01:36:31.184 2026 : CtrlDataManager getSupportedSizeBaseUnits Entering
Tue Sep  8 01:36:31.184 2026 : CtrlDataManager getMrCtrlInfo - Entering

Tue Sep  8 01:36:31.184 2026 : CtrlDataManager getMrCtrlInfo - Returning persisted Static and Dynamic controller info

Tue Sep  8 01:36:31.184 2026 : CtrlDataManager getSupportedSizeBaseUnits Exiting - retCode :0 *baseUnits:0
Tue Sep  8 01:36:31.184 2026 : ConfigDataManager getInstance Entering

Tue Sep  8 01:36:31.184 2026 : StoreLIBFacadeMR::getMRLdProperties Entering
Tue Sep  8 01:36:31.184 2026 : StoreLIBFacadeMR::getMRLdProperties DCMD OpCode: 0x3030000
Tue Sep  8 01:36:31.184 2026 : CLI8 : StoreLIBFacade::issueStorelibCmd Entering ctrlId=0

Tue Sep  8 01:36:31.184 2026 : CLI8 : StoreLIBFacade::fireStorelibCommand Entering

Tue Sep  8 01:36:31.185 2026 : CLI8 : StoreLIBFacade::fireStorelibCommand Exiting with retCode:0x0

Tue Sep  8 01:36:31.185 2026 : ResponseHandler::checkSl8Response ENTER
Tue Sep  8 01:36:31.185 2026 : ResponseHandler::clearSl8ResponseData Enter
Tue Sep  8 01:36:31.185 2026 : clear resp data
Tue Sep  8 01:36:31.185 2026 : ResponseHandler::clearSl8ResponseData Exit
Tue Sep  8 01:36:31.185 2026 : ResponseParser::CreateInstance Enter
Tue Sep  8 01:36:31.185 2026 : ResponseParser::CreateInstance Exit
Tue Sep  8 01:36:31.185 2026 : FirmwareFailuresParser::GetErrorStrings Enter SLExtStat=0
Tue Sep  8 01:36:31.185 2026 : FirmwareFailuresParser::IgnoreStatusParser Enter
Tue Sep  8 01:36:31.185 2026 : FirmwareFailuresParser::IgnoreStatusParser Exit
Tue Sep  8 01:36:31.185 2026 : FirmwareFailuresParser::GetErrorStrings Exit
Tue Sep  8 01:36:31.185 2026 : ResponseHandler::checkSl8Response .message string Ignore extended status
Tue Sep  8 01:36:31.185 2026 : ResponseHandler::checkSl8Response EXIT with return code 0x0
Tue Sep  8 01:36:31.185 2026 : ResponseHandler::handleMR8BufferStatus Entering
Tue Sep  8 01:36:31.185 2026 : ResponseHandler::handleMR8BufferStatus dataBufElements:5 cmdType:2 cmd:514
Tue Sep  8 01:36:31.185 2026 : ResponseHandler::handleMR8BufferStatus dataBufElements:5 opCode:0x3030000
Tue Sep  8 01:36:31.185 2026 : ResponseHandler::handleMR8BufferStatus buffer:2 bufStatus:7
Tue Sep  8 01:36:31.185 2026 : ResponseHandler::handleMR8BufferStatus buffer:3 bufStatus:7
Tue Sep  8 01:36:31.185 2026 : ResponseHandler::handleMR8BufferStatus buffer:4 bufStatus:7
Tue Sep  8 01:36:31.185 2026 : ResponseHandler::handleMR8BufferStatus Exiting
Tue Sep  8 01:36:31.185 2026 : CLI8 : StoreLIBFacade::issueStorelibCmd Exiting with retCode:0 cmdExtStatus =0

Tue Sep  8 01:36:31.185 2026 : StoreLIBFacadeMR::getMRLdProperties Exiting - retCode:0x0
Tue Sep  8 01:36:31.185 2026 : VdDataMf::getVdInfo - Calling getDgIndex
Tue Sep  8 01:36:31.185 2026 : VdDataMf::getDgIndex Entering
Tue Sep  8 01:36:31.185 2026 : ConfigDataManager getInstance Entering

Tue Sep  8 01:36:31.185 2026 : VdDataMf::getDgIndex dgList count:3
Tue Sep  8 01:36:31.185 2026 : VdDataMf::getDgIndex dgIndex:0
Tue Sep  8 01:36:31.185 2026 : VdDataMf::getDgIndex arrayList count:1
Tue Sep  8 01:36:31.185 2026 : VdDataMf::getDgIndex VD count:1
Tue Sep  8 01:36:31.185 2026 : VdDataMf::getDgIndex targetId:1 vdIdPtr->getTargetId():1
Tue Sep  8 01:36:31.185 2026 : VdDataMf::getDgIndex dgIndex:1
Tue Sep  8 01:36:31.185 2026 : VdDataMf::getDgIndex arrayList count:1
Tue Sep  8 01:36:31.185 2026 : VdDataMf::getDgIndex VD count:1
Tue Sep  8 01:36:31.185 2026 : VdDataMf::getDgIndex targetId:1 vdIdPtr->getTargetId():2
Tue Sep  8 01:36:31.185 2026 : VdDataMf::getDgIndex dgIndex:2
Tue Sep  8 01:36:31.185 2026 : VdDataMf::getDgIndex arrayList count:1
Tue Sep  8 01:36:31.185 2026 : VdDataMf::getDgIndex VD count:1
Tue Sep  8 01:36:31.185 2026 : VdDataMf::getDgIndex targetId:1 vdIdPtr->getTargetId():3
Tue Sep  8 01:36:31.185 2026 : handleUT8CharArray Entering data:ubuntu26 maxBytes:16 charType:1
Tue Sep  8 01:36:31.185 2026 : handleUT8CharArray tempStr:ubuntu26 length:8
Tue Sep  8 01:36:31.185 2026 : handleUT8CharArray Exiting formattedData:ubuntu26
Tue Sep  8 01:36:31.185 2026 : Array::isArrMissing Entering
Tue Sep  8 01:36:31.185 2026 : Array::isArrMissing Getting the array pd list
Tue Sep  8 01:36:31.185 2026 : Array::isArrMissing pd list count:4
Tue Sep  8 01:36:31.185 2026 : Array::isArrMissing pd list count:4
Tue Sep  8 01:36:31.185 2026 : PdDataMfi::getMrPdInfo Entering - getAUInfo:0 getAUInquiryBuffers:0
Tue Sep  8 01:36:31.185 2026 : Array::isArrMissing isDrvMissing:0
Tue Sep  8 01:36:31.185 2026 : Array::getSize Entering
Tue Sep  8 01:36:31.185 2026 : Array::getSize Entering arrayIndex:0
Tue Sep  8 01:36:31.185 2026 : Array::isArrMissing Entering
Tue Sep  8 01:36:31.185 2026 : Array::isArrMissing Getting the array pd list
Tue Sep  8 01:36:31.185 2026 : Array::isArrMissing pd list count:4
Tue Sep  8 01:36:31.185 2026 : Array::isArrMissing pd list count:4
Tue Sep  8 01:36:31.185 2026 : PdDataMfi::getMrPdInfo Entering - getAUInfo:0 getAUInquiryBuffers:0
Tue Sep  8 01:36:31.185 2026 : Array::isArrMissing isDrvMissing:0
Tue Sep  8 01:36:31.185 2026 : Array::getSize isArrMissing retCode:0 missing:0
Tue Sep  8 01:36:31.185 2026 : Array::getSize Entering
Tue Sep  8 01:36:31.185 2026 : Array::getSize Entering arrayIndex:0
Tue Sep  8 01:36:31.185 2026 : Array::isArrMissing Entering
Tue Sep  8 01:36:31.185 2026 : Array::isArrMissing Getting the array pd list
Tue Sep  8 01:36:31.185 2026 : Array::isArrMissing pd list count:4
Tue Sep  8 01:36:31.185 2026 : Array::isArrMissing pd list count:4
Tue Sep  8 01:36:31.185 2026 : PdDataMfi::getMrPdInfo Entering - getAUInfo:0 getAUInquiryBuffers:0
Tue Sep  8 01:36:31.185 2026 : Array::isArrMissing isDrvMissing:0
Tue Sep  8 01:36:31.185 2026 : Array::getSize isArrMissing retCode:0 missing:0
Tue Sep  8 01:36:31.185 2026 : DiskGroup::getTotalSize lowersize:1873281024
Tue Sep  8 01:36:31.185 2026 : DiskGroup::getTotalSize TotalSize:1873281024
Tue Sep  8 01:36:31.185 2026 : VdDataMfi::getBlockSizeOfVd - Entering
Tue Sep  8 01:36:31.185 2026 : VdDataMfi::getBlockSizeOfVd - Exiting blocksizeOfVd=4096 sizeInBlocks=234160128
Tue Sep  8 01:36:31.185 2026 : VdDataMfi::getProgress - Entering
Tue Sep  8 01:36:31.185 2026 : CLI8 : StoreLIBFacade::getMRLdProgress Entering - ldPersistentID:1

Tue Sep  8 01:36:31.185 2026 : StoreLIBFacade::getMRLdProgress DCMD OpCode: 0x3080100
Tue Sep  8 01:36:31.185 2026 : CLI8 : StoreLIBFacade::issueStorelibCmd Entering ctrlId=0

Tue Sep  8 01:36:31.185 2026 : CLI8 : StoreLIBFacade::fireStorelibCommand Entering

Tue Sep  8 01:36:31.185 2026 : CLI8 : StoreLIBFacade::fireStorelibCommand Exiting with retCode:0x0

Tue Sep  8 01:36:31.185 2026 : ResponseHandler::checkSl8Response ENTER
Tue Sep  8 01:36:31.185 2026 : ResponseHandler::clearSl8ResponseData Enter
Tue Sep  8 01:36:31.185 2026 : clear resp data
Tue Sep  8 01:36:31.185 2026 : ResponseHandler::clearSl8ResponseData Exit
Tue Sep  8 01:36:31.185 2026 : ResponseParser::CreateInstance Enter
Tue Sep  8 01:36:31.185 2026 : ResponseParser::CreateInstance Exit
Tue Sep  8 01:36:31.185 2026 : FirmwareFailuresParser::GetErrorStrings Enter SLExtStat=0
Tue Sep  8 01:36:31.185 2026 : FirmwareFailuresParser::IgnoreStatusParser Enter
Tue Sep  8 01:36:31.185 2026 : FirmwareFailuresParser::IgnoreStatusParser Exit
Tue Sep  8 01:36:31.185 2026 : FirmwareFailuresParser::GetErrorStrings Exit
Tue Sep  8 01:36:31.185 2026 : ResponseHandler::checkSl8Response .message string Ignore extended status
Tue Sep  8 01:36:31.185 2026 : ResponseHandler::checkSl8Response EXIT with return code 0x0
Tue Sep  8 01:36:31.185 2026 : ResponseHandler::handleMR8BufferStatus Entering
Tue Sep  8 01:36:31.185 2026 : ResponseHandler::handleMR8BufferStatus dataBufElements:3 cmdType:2 cmd:514
Tue Sep  8 01:36:31.185 2026 : ResponseHandler::handleMR8BufferStatus dataBufElements:3 opCode:0x3080100

Tue Sep  8 01:36:31.185 2026 : ResponseHandler::handleMR8BufferStatus buffer:2 bufStatus:7
Tue Sep  8 01:36:31.185 2026 : ResponseHandler::handleMR8BufferStatus Exiting
Tue Sep  8 01:36:31.185 2026 : CLI8 : StoreLIBFacade::issueStorelibCmd Exiting with retCode:0 cmdExtStatus =0

Tue Sep  8 01:36:31.185 2026 : CLI8 : StoreLIBFacade::getMRLdProgress Exiting - retCode:0x0

Tue Sep  8 01:36:31.185 2026 : VdDataMfi::getProgress - Exiting with retCode:0
Tue Sep  8 01:36:31.185 2026 : CtrlDataManager getInstance Entering

Tue Sep  8 01:36:31.185 2026 : CtrlDataManager getSupportedSizeBaseUnits Entering
Tue Sep  8 01:36:31.185 2026 : CtrlDataManager getMrCtrlInfo - Entering

Tue Sep  8 01:36:31.185 2026 : CtrlDataManager getMrCtrlInfo - Returning persisted Static and Dynamic controller info

Tue Sep  8 01:36:31.185 2026 : CtrlDataManager getSupportedSizeBaseUnits Exiting - retCode :0 *baseUnits:0
Tue Sep  8 01:36:31.185 2026 : Array::isArrMissing Entering
Tue Sep  8 01:36:31.185 2026 : Array::isArrMissing Getting the array pd list
Tue Sep  8 01:36:31.185 2026 : Array::isArrMissing pd list count:4
Tue Sep  8 01:36:31.185 2026 : Array::isArrMissing pd list count:4
Tue Sep  8 01:36:31.185 2026 : PdDataMfi::getMrPdInfo Entering - getAUInfo:0 getAUInquiryBuffers:0
Tue Sep  8 01:36:31.185 2026 : Array::isArrMissing isDrvMissing:0
Tue Sep  8 01:36:31.185 2026 : Array::getSpaceUsageInfo - Entering
Tue Sep  8 01:36:31.185 2026 : CtrlDataManager getInstance Entering

Tue Sep  8 01:36:31.185 2026 : CtrlDataManager isSRL03Supported Entering

Tue Sep  8 01:36:31.185 2026 : CtrlDataManager getMrCtrlInfo - Entering

Tue Sep  8 01:36:31.185 2026 : CtrlDataManager getMrCtrlInfo - Returning persisted Static and Dynamic controller info

Tue Sep  8 01:36:31.185 2026 : Array::isArrMissing Entering
Tue Sep  8 01:36:31.185 2026 : Array::isArrMissing Getting the array pd list
Tue Sep  8 01:36:31.185 2026 : Array::isArrMissing pd list count:4
Tue Sep  8 01:36:31.185 2026 : Array::isArrMissing pd list count:4
Tue Sep  8 01:36:31.185 2026 : PdDataMfi::getMrPdInfo Entering - getAUInfo:0 getAUInquiryBuffers:0
Tue Sep  8 01:36:31.185 2026 : Array::isArrMissing isDrvMissing:0
Tue Sep  8 01:36:31.185 2026 : Array::getSpaceUsageInfo - tempVdListPtr->getCount():1
Tue Sep  8 01:36:31.185 2026 : Array::getSpaceUsageInfo - SRL:0
Tue Sep  8 01:36:31.185 2026 : Array::getArrBlockSize Entering
Tue Sep  8 01:36:31.185 2026 : Array::isArrMissing Entering
Tue Sep  8 01:36:31.185 2026 : Array::isArrMissing Getting the array pd list
Tue Sep  8 01:36:31.185 2026 : Array::isArrMissing pd list count:4
Tue Sep  8 01:36:31.185 2026 : Array::isArrMissing pd list count:4
Tue Sep  8 01:36:31.185 2026 : PdDataMfi::getMrPdInfo Entering - getAUInfo:0 getAUInquiryBuffers:0
Tue Sep  8 01:36:31.185 2026 : Array::isArrMissing isDrvMissing:0
Tue Sep  8 01:36:31.185 2026 : Array::getArrBlockSize isArrMissing retCode:0 missing:0
Tue Sep  8 01:36:31.185 2026 : Array::getArrBlockSize getPdList retCode:0
Tue Sep  8 01:36:31.185 2026 : Array::getArrBlockSize pd list count:4
Tue Sep  8 01:36:31.185 2026 : PdDataMfi::getMrPdInfo Entering - getAUInfo:1 getAUInquiryBuffers:0
Tue Sep  8 01:36:31.185 2026 : Array::getSize Entering
Tue Sep  8 01:36:31.185 2026 : Array::getSize Entering arrayIndex:0
Tue Sep  8 01:36:31.185 2026 : Array::isArrMissing Entering
Tue Sep  8 01:36:31.185 2026 : Array::isArrMissing Getting the array pd list
Tue Sep  8 01:36:31.185 2026 : Array::isArrMissing pd list count:4
Tue Sep  8 01:36:31.185 2026 : Array::isArrMissing pd list count:4
Tue Sep  8 01:36:31.185 2026 : PdDataMfi::getMrPdInfo Entering - getAUInfo:0 getAUInquiryBuffers:0
Tue Sep  8 01:36:31.185 2026 : Array::isArrMissing isDrvMissing:0
Tue Sep  8 01:36:31.185 2026 : Array::getSize isArrMissing retCode:0 missing:0
Tue Sep  8 01:36:31.185 2026 : Array::getSpaceUsageInfo - Array BlockSize:512
Tue Sep  8 01:36:31.185 2026 : Array::getSpaceUsageInfo - endBlock:117080064
Tue Sep  8 01:36:31.185 2026 : Array::getSpaceUsageInfo - vdStartBlock:0
Tue Sep  8 01:36:31.185 2026 : VdDataMfi::getArrayBlockSize Entering
Tue Sep  8 01:36:31.185 2026 : ConfigDataManager getInstance Entering

Tue Sep  8 01:36:31.185 2026 : VdDataMfi::getArrayBlockSize Getting ArrayList
Tue Sep  8 01:36:31.185 2026 : VdDataMfi::getArrayBlockSize Got ArrayList
Tue Sep  8 01:36:31.185 2026 : VdDataMfi::getArrayBlockSize LDPid:1 SpanCount:3
Tue Sep  8 01:36:31.185 2026 : VdDataMfi::getArrayBlockSize LDPid:1 arrayRef:0
Tue Sep  8 01:36:31.185 2026 : Array::isArrMissing Entering
Tue Sep  8 01:36:31.185 2026 : Array::isArrMissing Getting the array pd list
Tue Sep  8 01:36:31.185 2026 : Array::isArrMissing pd list count:4
Tue Sep  8 01:36:31.185 2026 : Array::isArrMissing pd list count:4
Tue Sep  8 01:36:31.185 2026 : PdDataMfi::getMrPdInfo Entering - getAUInfo:0 getAUInquiryBuffers:0
Tue Sep  8 01:36:31.185 2026 : Array::isArrMissing isDrvMissing:0
Tue Sep  8 01:36:31.185 2026 : Array::isArrMissing Entering
Tue Sep  8 01:36:31.185 2026 : Array::isArrMissing Getting the array pd list
Tue Sep  8 01:36:31.185 2026 : Array::isArrMissing pd list count:4
Tue Sep  8 01:36:31.185 2026 : Array::isArrMissing pd list count:4
Tue Sep  8 01:36:31.185 2026 : PdDataMfi::getMrPdInfo Entering - getAUInfo:0 getAUInquiryBuffers:0
Tue Sep  8 01:36:31.185 2026 : Array::isArrMissing isDrvMissing:0
Tue Sep  8 01:36:31.185 2026 : VdDataMfi::getArrayBlockSize SpanArrayRef:0 arrRef:0
Tue Sep  8 01:36:31.185 2026 : Array::getArrBlockSize Entering
Tue Sep  8 01:36:31.185 2026 : Array::isArrMissing Entering
Tue Sep  8 01:36:31.185 2026 : Array::isArrMissing Getting the array pd list
Tue Sep  8 01:36:31.185 2026 : Array::isArrMissing pd list count:4
Tue Sep  8 01:36:31.185 2026 : Array::isArrMissing pd list count:4
Tue Sep  8 01:36:31.185 2026 : PdDataMfi::getMrPdInfo Entering - getAUInfo:0 getAUInquiryBuffers:0
Tue Sep  8 01:36:31.185 2026 : Array::isArrMissing isDrvMissing:0
Tue Sep  8 01:36:31.185 2026 : Array::getArrBlockSize isArrMissing retCode:0 missing:0
Tue Sep  8 01:36:31.185 2026 : Array::getArrBlockSize getPdList retCode:0
Tue Sep  8 01:36:31.185 2026 : Array::getArrBlockSize pd list count:4
Tue Sep  8 01:36:31.185 2026 : PdDataMfi::getMrPdInfo Entering - getAUInfo:1 getAUInquiryBuffers:0
Tue Sep  8 01:36:31.185 2026 : VdDataMfi::getArrayBlockSize - ArrayBlockSize:512
Tue Sep  8 01:36:31.185 2026 : VdDataMfi::getArrayBlockSize Exiting driveBlockSize:512
Tue Sep  8 01:36:31.185 2026 : Array::getSpaceUsageInfo - vdSize:234160128
Tue Sep  8 01:36:31.185 2026 : Array::getSpaceUsageInfo - startBlock:0
Tue Sep  8 01:36:31.185 2026 : Array::getSpaceUsageInfo - prlLevel:6
Tue Sep  8 01:36:31.185 2026 : Array::getSpaceUsageInfo - spanDepth:1
Tue Sep  8 01:36:31.185 2026 : Array::getSpaceUsageInfo - spNoOfBlocks:234160128
Tue Sep  8 01:36:31.185 2026 : Array::getSpaceUsageInfo - numOfPd:4
Tue Sep  8 01:36:31.185 2026 : Array::getSpaceUsageInfo - spNoOfBlocks:117080064
Tue Sep  8 01:36:31.185 2026 : Array::getSpaceUsageInfo - spNoOfBlocks(Final):117080064
Tue Sep  8 01:36:31.185 2026 : Array::getSpaceUsageInfo - startBlock(Final):117080064
Tue Sep  8 01:36:31.185 2026 : Array::getSpaceUsageInfo - startBlock:117080064
Tue Sep  8 01:36:31.185 2026 : Array::getSpaceUsageInfo - endBlock:117080064
Tue Sep  8 01:36:31.185 2026 : Array::getSize Entering
Tue Sep  8 01:36:31.185 2026 : Array::getSize Entering arrayIndex:0
Tue Sep  8 01:36:31.185 2026 : Array::isArrMissing Entering
Tue Sep  8 01:36:31.185 2026 : Array::isArrMissing Getting the array pd list
Tue Sep  8 01:36:31.185 2026 : Array::isArrMissing pd list count:4
Tue Sep  8 01:36:31.185 2026 : Array::isArrMissing pd list count:4
Tue Sep  8 01:36:31.185 2026 : PdDataMfi::getMrPdInfo Entering - getAUInfo:0 getAUInquiryBuffers:0
Tue Sep  8 01:36:31.185 2026 : Array::isArrMissing isDrvMissing:0
Tue Sep  8 01:36:31.185 2026 : Array::getSize isArrMissing retCode:0 missing:0
Tue Sep  8 01:36:31.185 2026 : Array::getSize Entering
Tue Sep  8 01:36:31.185 2026 : Array::getSize Entering arrayIndex:0
Tue Sep  8 01:36:31.185 2026 : Array::isArrMissing Entering
Tue Sep  8 01:36:31.185 2026 : Array::isArrMissing Getting the array pd list
Tue Sep  8 01:36:31.185 2026 : Array::isArrMissing pd list count:4
Tue Sep  8 01:36:31.185 2026 : Array::isArrMissing pd list count:4
Tue Sep  8 01:36:31.185 2026 : PdDataMfi::getMrPdInfo Entering - getAUInfo:0 getAUInquiryBuffers:0
Tue Sep  8 01:36:31.185 2026 : Array::isArrMissing isDrvMissing:0
Tue Sep  8 01:36:31.185 2026 : Array::getSize isArrMissing retCode:0 missing:0
Tue Sep  8 01:36:31.185 2026 : CtrlDataManager getInstance Entering

Tue Sep  8 01:36:31.185 2026 : CtrlDataManager getSupportedSizeBaseUnits Entering
Tue Sep  8 01:36:31.185 2026 : CtrlDataManager getMrCtrlInfo - Entering

Tue Sep  8 01:36:31.185 2026 : CtrlDataManager getMrCtrlInfo - Returning persisted Static and Dynamic controller info

Tue Sep  8 01:36:31.185 2026 : CtrlDataManager getSupportedSizeBaseUnits Exiting - retCode :0 *baseUnits:0
Tue Sep  8 01:36:31.185 2026 : Array::isArrMissing Entering
Tue Sep  8 01:36:31.185 2026 : Array::isArrMissing Getting the array pd list
Tue Sep  8 01:36:31.185 2026 : Array::isArrMissing pd list count:4
Tue Sep  8 01:36:31.185 2026 : Array::isArrMissing pd list count:4
Tue Sep  8 01:36:31.185 2026 : PdDataMfi::getMrPdInfo Entering - getAUInfo:0 getAUInquiryBuffers:0
Tue Sep  8 01:36:31.185 2026 : Array::isArrMissing isDrvMissing:0
Tue Sep  8 01:36:31.185 2026 : Array::getSpaceUsageInfo - Entering
Tue Sep  8 01:36:31.185 2026 : CtrlDataManager getInstance Entering

Tue Sep  8 01:36:31.185 2026 : CtrlDataManager isSRL03Supported Entering

Tue Sep  8 01:36:31.185 2026 : CtrlDataManager getMrCtrlInfo - Entering

Tue Sep  8 01:36:31.185 2026 : CtrlDataManager getMrCtrlInfo - Returning persisted Static and Dynamic controller info

Tue Sep  8 01:36:31.185 2026 : Array::isArrMissing Entering
Tue Sep  8 01:36:31.185 2026 : Array::isArrMissing Getting the array pd list
Tue Sep  8 01:36:31.185 2026 : Array::isArrMissing pd list count:4
Tue Sep  8 01:36:31.185 2026 : Array::isArrMissing pd list count:4
Tue Sep  8 01:36:31.185 2026 : PdDataMfi::getMrPdInfo Entering - getAUInfo:0 getAUInquiryBuffers:0
Tue Sep  8 01:36:31.185 2026 : Array::isArrMissing isDrvMissing:0
Tue Sep  8 01:36:31.185 2026 : Array::getSpaceUsageInfo - tempVdListPtr->getCount():1
Tue Sep  8 01:36:31.185 2026 : Array::getSpaceUsageInfo - SRL:0
Tue Sep  8 01:36:31.185 2026 : Array::getArrBlockSize Entering
Tue Sep  8 01:36:31.185 2026 : Array::isArrMissing Entering
Tue Sep  8 01:36:31.185 2026 : Array::isArrMissing Getting the array pd list
Tue Sep  8 01:36:31.185 2026 : Array::isArrMissing pd list count:4
Tue Sep  8 01:36:31.185 2026 : Array::isArrMissing pd list count:4
Tue Sep  8 01:36:31.185 2026 : PdDataMfi::getMrPdInfo Entering - getAUInfo:0 getAUInquiryBuffers:0
Tue Sep  8 01:36:31.185 2026 : Array::isArrMissing isDrvMissing:0
Tue Sep  8 01:36:31.185 2026 : Array::getArrBlockSize isArrMissing retCode:0 missing:0
Tue Sep  8 01:36:31.185 2026 : Array::getArrBlockSize getPdList retCode:0
Tue Sep  8 01:36:31.185 2026 : Array::getArrBlockSize pd list count:4
Tue Sep  8 01:36:31.185 2026 : PdDataMfi::getMrPdInfo Entering - getAUInfo:1 getAUInquiryBuffers:0
Tue Sep  8 01:36:31.185 2026 : Array::getSize Entering
Tue Sep  8 01:36:31.185 2026 : Array::getSize Entering arrayIndex:0
Tue Sep  8 01:36:31.185 2026 : Array::isArrMissing Entering
Tue Sep  8 01:36:31.185 2026 : Array::isArrMissing Getting the array pd list
Tue Sep  8 01:36:31.185 2026 : Array::isArrMissing pd list count:4
Tue Sep  8 01:36:31.185 2026 : Array::isArrMissing pd list count:4
Tue Sep  8 01:36:31.185 2026 : PdDataMfi::getMrPdInfo Entering - getAUInfo:0 getAUInquiryBuffers:0
Tue Sep  8 01:36:31.185 2026 : Array::isArrMissing isDrvMissing:0
Tue Sep  8 01:36:31.185 2026 : Array::getSize isArrMissing retCode:0 missing:0
Tue Sep  8 01:36:31.185 2026 : Array::getSpaceUsageInfo - Array BlockSize:512
Tue Sep  8 01:36:31.185 2026 : Array::getSpaceUsageInfo - endBlock:117080064
Tue Sep  8 01:36:31.185 2026 : Array::getSpaceUsageInfo - vdStartBlock:0
Tue Sep  8 01:36:31.185 2026 : VdDataMfi::getArrayBlockSize Entering
Tue Sep  8 01:36:31.185 2026 : ConfigDataManager getInstance Entering

Tue Sep  8 01:36:31.185 2026 : VdDataMfi::getArrayBlockSize Getting ArrayList
Tue Sep  8 01:36:31.185 2026 : VdDataMfi::getArrayBlockSize Got ArrayList
Tue Sep  8 01:36:31.185 2026 : VdDataMfi::getArrayBlockSize LDPid:1 SpanCount:3
Tue Sep  8 01:36:31.185 2026 : VdDataMfi::getArrayBlockSize LDPid:1 arrayRef:0
Tue Sep  8 01:36:31.185 2026 : Array::isArrMissing Entering
Tue Sep  8 01:36:31.185 2026 : Array::isArrMissing Getting the array pd list
Tue Sep  8 01:36:31.185 2026 : Array::isArrMissing pd list count:4
Tue Sep  8 01:36:31.185 2026 : Array::isArrMissing pd list count:4
Tue Sep  8 01:36:31.185 2026 : PdDataMfi::getMrPdInfo Entering - getAUInfo:0 getAUInquiryBuffers:0
Tue Sep  8 01:36:31.185 2026 : Array::isArrMissing isDrvMissing:0
Tue Sep  8 01:36:31.185 2026 : Array::isArrMissing Entering
Tue Sep  8 01:36:31.185 2026 : Array::isArrMissing Getting the array pd list
Tue Sep  8 01:36:31.185 2026 : Array::isArrMissing pd list count:4
Tue Sep  8 01:36:31.185 2026 : Array::isArrMissing pd list count:4
Tue Sep  8 01:36:31.185 2026 : PdDataMfi::getMrPdInfo Entering - getAUInfo:0 getAUInquiryBuffers:0
Tue Sep  8 01:36:31.185 2026 : Array::isArrMissing isDrvMissing:0
Tue Sep  8 01:36:31.185 2026 : VdDataMfi::getArrayBlockSize SpanArrayRef:0 arrRef:0
Tue Sep  8 01:36:31.185 2026 : Array::getArrBlockSize Entering
Tue Sep  8 01:36:31.186 2026 : Array::isArrMissing Entering
Tue Sep  8 01:36:31.186 2026 : Array::isArrMissing Getting the array pd list
Tue Sep  8 01:36:31.186 2026 : Array::isArrMissing pd list count:4
Tue Sep  8 01:36:31.186 2026 : Array::isArrMissing pd list count:4
Tue Sep  8 01:36:31.186 2026 : PdDataMfi::getMrPdInfo Entering - getAUInfo:0 getAUInquiryBuffers:0
Tue Sep  8 01:36:31.186 2026 : Array::isArrMissing isDrvMissing:0
Tue Sep  8 01:36:31.186 2026 : Array::getArrBlockSize isArrMissing retCode:0 missing:0
Tue Sep  8 01:36:31.186 2026 : Array::getArrBlockSize getPdList retCode:0
Tue Sep  8 01:36:31.186 2026 : Array::getArrBlockSize pd list count:4
Tue Sep  8 01:36:31.186 2026 : PdDataMfi::getMrPdInfo Entering - getAUInfo:1 getAUInquiryBuffers:0
Tue Sep  8 01:36:31.186 2026 : VdDataMfi::getArrayBlockSize - ArrayBlockSize:512
Tue Sep  8 01:36:31.186 2026 : VdDataMfi::getArrayBlockSize Exiting driveBlockSize:512
Tue Sep  8 01:36:31.186 2026 : Array::getSpaceUsageInfo - vdSize:234160128
Tue Sep  8 01:36:31.186 2026 : Array::getSpaceUsageInfo - startBlock:0
Tue Sep  8 01:36:31.186 2026 : Array::getSpaceUsageInfo - prlLevel:6
Tue Sep  8 01:36:31.186 2026 : Array::getSpaceUsageInfo - spanDepth:1
Tue Sep  8 01:36:31.186 2026 : Array::getSpaceUsageInfo - spNoOfBlocks:234160128
Tue Sep  8 01:36:31.186 2026 : Array::getSpaceUsageInfo - numOfPd:4
Tue Sep  8 01:36:31.186 2026 : Array::getSpaceUsageInfo - spNoOfBlocks:117080064
Tue Sep  8 01:36:31.186 2026 : Array::getSpaceUsageInfo - spNoOfBlocks(Final):117080064
Tue Sep  8 01:36:31.186 2026 : Array::getSpaceUsageInfo - startBlock(Final):117080064
Tue Sep  8 01:36:31.186 2026 : Array::getSpaceUsageInfo - startBlock:117080064
Tue Sep  8 01:36:31.186 2026 : Array::getSpaceUsageInfo - endBlock:117080064
Tue Sep  8 01:36:31.186 2026 : Array::isArrMissing Entering
Tue Sep  8 01:36:31.186 2026 : Array::isArrMissing Getting the array pd list
Tue Sep  8 01:36:31.186 2026 : Array::isArrMissing pd list count:4
Tue Sep  8 01:36:31.186 2026 : Array::isArrMissing pd list count:4
Tue Sep  8 01:36:31.186 2026 : PdDataMfi::getMrPdInfo Entering - getAUInfo:0 getAUInquiryBuffers:0
Tue Sep  8 01:36:31.186 2026 : Array::isArrMissing isDrvMissing:0
Tue Sep  8 01:36:31.186 2026 : PdDataMfi::getMrPdInfo Entering - getAUInfo:0 getAUInquiryBuffers:0
Tue Sep  8 01:36:31.186 2026 : PdDataMfi::PdInfo Entering
Tue Sep  8 01:36:31.186 2026 : PdDataMfi::getMrPdInfo Entering - getAUInfo:1 getAUInquiryBuffers:1
Tue Sep  8 01:36:31.186 2026 : PdDataMfi::getMrPdInfo - Reading drive's AU information - Drive PID:319 getAUInfo:1 getAUInquiryBuffers:1
Tue Sep  8 01:36:31.186 2026 : StoreLIBFacade::getDriveAUInfo Entering - Drive PID:319 getAUInfo:1 getAUInquiryBuffers:1
Tue Sep  8 01:36:31.186 2026 : StoreLIBFacade::getDriveAUInfo DCMD OpCode: 0x2020000
Tue Sep  8 01:36:31.186 2026 : CLI8 : StoreLIBFacade::issueStorelibCmd Entering ctrlId=0

Tue Sep  8 01:36:31.186 2026 : CLI8 : StoreLIBFacade::fireStorelibCommand Entering

Tue Sep  8 01:36:31.188 2026 : CLI8 : StoreLIBFacade::fireStorelibCommand Exiting with retCode:0x0

Tue Sep  8 01:36:31.188 2026 : ResponseHandler::checkSl8Response ENTER
Tue Sep  8 01:36:31.188 2026 : ResponseHandler::clearSl8ResponseData Enter
Tue Sep  8 01:36:31.188 2026 : clear resp data
Tue Sep  8 01:36:31.188 2026 : ResponseHandler::clearSl8ResponseData Exit
Tue Sep  8 01:36:31.188 2026 : ResponseParser::CreateInstance Enter
Tue Sep  8 01:36:31.188 2026 : ResponseParser::CreateInstance Exit
Tue Sep  8 01:36:31.188 2026 : FirmwareFailuresParser::GetErrorStrings Enter SLExtStat=0
Tue Sep  8 01:36:31.188 2026 : FirmwareFailuresParser::IgnoreStatusParser Enter
Tue Sep  8 01:36:31.188 2026 : FirmwareFailuresParser::IgnoreStatusParser Exit
Tue Sep  8 01:36:31.188 2026 : FirmwareFailuresParser::GetErrorStrings Exit
Tue Sep  8 01:36:31.188 2026 : ResponseHandler::checkSl8Response .message string Ignore extended status
Tue Sep  8 01:36:31.188 2026 : ResponseHandler::checkSl8Response EXIT with return code 0x0
Tue Sep  8 01:36:31.188 2026 : ResponseHandler::handleMR8BufferStatus Entering
Tue Sep  8 01:36:31.188 2026 : ResponseHandler::handleMR8BufferStatus dataBufElements:10 cmdType:2 cmd:514
Tue Sep  8 01:36:31.188 2026 : ResponseHandler::handleMR8BufferStatus dataBufElements:10 opCode:0x2020000
Tue Sep  8 01:36:31.188 2026 : ResponseHandler::handleMR8BufferStatus buffer:2 bufStatus:7
Tue Sep  8 01:36:31.188 2026 : ResponseHandler::handleMR8BufferStatus buffer:3 bufStatus:7
Tue Sep  8 01:36:31.188 2026 : ResponseHandler::handleMR8BufferStatus buffer:4 bufStatus:2
Tue Sep  8 01:36:31.188 2026 : ResponseHandler::handleMR8BufferStatus memsettig buffer:4 bufLength:12
Tue Sep  8 01:36:31.188 2026 : ResponseHandler::handleMR8BufferStatus buffer:5 bufStatus:7
Tue Sep  8 01:36:31.188 2026 : ResponseHandler::handleMR8BufferStatus buffer:6 bufStatus:7
Tue Sep  8 01:36:31.188 2026 : ResponseHandler::handleMR8BufferStatus buffer:7 bufStatus:7
Tue Sep  8 01:36:31.188 2026 : ResponseHandler::handleMR8BufferStatus buffer:8 bufStatus:7
Tue Sep  8 01:36:31.188 2026 : ResponseHandler::handleMR8BufferStatus buffer:9 bufStatus:0
Tue Sep  8 01:36:31.188 2026 : ResponseHandler::handleMR8BufferStatus memsettig buffer:9 bufLength:1024
Tue Sep  8 01:36:31.188 2026 : ResponseHandler::handleMR8BufferStatus Exiting
Tue Sep  8 01:36:31.188 2026 : CLI8 : StoreLIBFacade::issueStorelibCmd Exiting with retCode:0 cmdExtStatus =0

Tue Sep  8 01:36:31.188 2026 : StoreLIBFacade::getDriveAUInfo - SL returns cmdExtStatus:0x0, reasonCode:0x0
Tue Sep  8 01:36:31.189 2026 : CLI8 : StoreLIBFacade::issueStorelibCmd Entering ctrlId=0

Tue Sep  8 01:36:31.189 2026 : CLI8 : StoreLIBFacade::fireStorelibCommand Entering

Tue Sep  8 01:36:31.191 2026 : CLI8 : StoreLIBFacade::fireStorelibCommand Exiting with retCode:0x0

Tue Sep  8 01:36:31.191 2026 : ResponseHandler::checkSl8Response ENTER
Tue Sep  8 01:36:31.191 2026 : ResponseHandler::clearSl8ResponseData Enter
Tue Sep  8 01:36:31.191 2026 : clear resp data
Tue Sep  8 01:36:31.191 2026 : ResponseHandler::clearSl8ResponseData Exit
Tue Sep  8 01:36:31.191 2026 : ResponseParser::CreateInstance Enter
Tue Sep  8 01:36:31.191 2026 : ResponseParser::CreateInstance Exit
Tue Sep  8 01:36:31.191 2026 : FirmwareFailuresParser::GetErrorStrings Enter SLExtStat=0
Tue Sep  8 01:36:31.191 2026 : FirmwareFailuresParser::IgnoreStatusParser Enter
Tue Sep  8 01:36:31.191 2026 : FirmwareFailuresParser::IgnoreStatusParser Exit
Tue Sep  8 01:36:31.191 2026 : FirmwareFailuresParser::GetErrorStrings Exit
Tue Sep  8 01:36:31.191 2026 : ResponseHandler::checkSl8Response .message string Ignore extended status
Tue Sep  8 01:36:31.191 2026 : ResponseHandler::checkSl8Response EXIT with return code 0x0
Tue Sep  8 01:36:31.191 2026 : ResponseHandler::handleMR8BufferStatus Entering
Tue Sep  8 01:36:31.191 2026 : ResponseHandler::handleMR8BufferStatus dataBufElements:10 cmdType:2 cmd:514
Tue Sep  8 01:36:31.191 2026 : ResponseHandler::handleMR8BufferStatus dataBufElements:10 opCode:0x2020000
Tue Sep  8 01:36:31.191 2026 : ResponseHandler::handleMR8BufferStatus buffer:2 bufStatus:7
Tue Sep  8 01:36:31.191 2026 : ResponseHandler::handleMR8BufferStatus buffer:3 bufStatus:7
Tue Sep  8 01:36:31.191 2026 : ResponseHandler::handleMR8BufferStatus buffer:4 bufStatus:2
Tue Sep  8 01:36:31.191 2026 : ResponseHandler::handleMR8BufferStatus memsettig buffer:4 bufLength:12
Tue Sep  8 01:36:31.191 2026 : ResponseHandler::handleMR8BufferStatus buffer:5 bufStatus:7
Tue Sep  8 01:36:31.191 2026 : ResponseHandler::handleMR8BufferStatus buffer:6 bufStatus:7
Tue Sep  8 01:36:31.191 2026 : ResponseHandler::handleMR8BufferStatus buffer:7 bufStatus:7
Tue Sep  8 01:36:31.191 2026 : ResponseHandler::handleMR8BufferStatus buffer:8 bufStatus:7
Tue Sep  8 01:36:31.191 2026 : ResponseHandler::handleMR8BufferStatus buffer:9 bufStatus:0
Tue Sep  8 01:36:31.191 2026 : ResponseHandler::handleMR8BufferStatus memsettig buffer:9 bufLength:8
Tue Sep  8 01:36:31.191 2026 : ResponseHandler::handleMR8BufferStatus Exiting
Tue Sep  8 01:36:31.191 2026 : CLI8 : StoreLIBFacade::issueStorelibCmd Exiting with retCode:0 cmdExtStatus =0

Tue Sep  8 01:36:31.191 2026 : StoreLIBFacade::getDriveAUInfo - SL returns cmdExtStatus:0x0, reasonCode:0x0
Tue Sep  8 01:36:31.191 2026 : StoreLIBFacade::getDriveAUInfo Exiting - retCode:0

Tue Sep  8 01:36:31.191 2026 : PdDataMfi::getMrPdInfo - Reading drive's AU information - Drive PID:319 retCode:0
Tue Sep  8 01:36:31.191 2026 : PdDataMfi::getMrPdInfo - AU Count:1
Tue Sep  8 01:36:31.191 2026 : PdDataMfi::computeCoercedSizeFromLun Entering
Tue Sep  8 01:36:31.191 2026 : PdDataMfi::computeCoercedSizeFromLun - AU Count:1
Tue Sep  8 01:36:31.191 2026 : PdDataMf::computteCoercedSizeFromLun - allCoercedSizePopulated:1 minCoercedSize:936640512
Tue Sep  8 01:36:31.191 2026 : PdDataMfi::getMrPdInfo - coercedSize:936640512 nonCoercedSize:0 rawSize:937703088
Tue Sep  8 01:36:31.191 2026 : PdDataMf::getMrPdInfo - PID:319 SCSIInquiry Elements:1 inquiry Elements:1 VPD Elements:1
Tue Sep  8 01:36:31.191 2026 : PdDataMf::getMrPdInfo - Exiting with retCode:0
Tue Sep  8 01:36:31.191 2026 : CtrlDataManager getInstance Entering

Tue Sep  8 01:36:31.191 2026 : CtrlDataManager getSupportedSizeBaseUnits Entering
Tue Sep  8 01:36:31.191 2026 : CtrlDataManager getMrCtrlInfo - Entering

Tue Sep  8 01:36:31.191 2026 : CtrlDataManager getMrCtrlInfo - Returning persisted Static and Dynamic controller info

Tue Sep  8 01:36:31.191 2026 : CtrlDataManager getSupportedSizeBaseUnits Exiting - retCode :0 *baseUnits:0
Tue Sep  8 01:36:31.191 2026 : PdDataMfi::getMrPdInfo Entering - getAUInfo:0 getAUInquiryBuffers:0
Tue Sep  8 01:36:31.191 2026 : PdDataMfi::getMrPdInfo Entering - getAUInfo:0 getAUInquiryBuffers:0
Tue Sep  8 01:36:31.191 2026 : PdDataMfi::getMrPdInfo Entering - getAUInfo:0 getAUInquiryBuffers:0
Tue Sep  8 01:36:31.191 2026 : PdDataMfi::getMrPdInfo Entering - getAUInfo:0 getAUInquiryBuffers:0
Tue Sep  8 01:36:31.191 2026 : PdDataMfi::getMrPdInfo Entering - getAUInfo:0 getAUInquiryBuffers:0
Tue Sep  8 01:36:31.191 2026 : PdDataMfi::getEnclDeviceId Exiting enclPersistentId:344
Tue Sep  8 01:36:31.191 2026 : PdDataMfi::PdInfo pdState : 2
Tue Sep  8 01:36:31.191 2026 : PdDataMfi::getDriveState Entering - driveState:0x2 isSupported:1
Tue Sep  8 01:36:31.191 2026 : PdDataMfi::getDriveState Exiting - DriveState:Conf
Tue Sep  8 01:36:31.191 2026 : PdDataMfi::getMrPdInfo Entering - getAUInfo:1 getAUInquiryBuffers:0
Tue Sep  8 01:36:31.191 2026 : PdDataMfi::getShortLUNStatus Entering
Tue Sep  8 01:36:31.191 2026 : PdDataMfi::getShortLUNStatus - AU Count:1
Tue Sep  8 01:36:31.191 2026 : PdDataMfi::getLUNStatus Entering - lunStatus:9
Tue Sep  8 01:36:31.191 2026 : PdDataMfi::getLUNStatus Exiting - LUN Status:Online
Tue Sep  8 01:36:31.191 2026 : PdDataMfi::getShortLUNStatus lunStatusStr:Online
Tue Sep  8 01:36:31.191 2026 : PdDataMfi::PdInfo - AU Count:1
Tue Sep  8 01:36:31.191 2026 : PdDataMfi::getPdConfigInfo Entering
Tue Sep  8 01:36:31.191 2026 : ConfigDataManager getInstance Entering

Tue Sep  8 01:36:31.191 2026 : PdDataMfi::getMrPdInfo Entering - getAUInfo:0 getAUInquiryBuffers:0
Tue Sep  8 01:36:31.191 2026 : PdDataMfi::getPdConfigInfo dgListPtr->getCount():3
Tue Sep  8 01:36:31.191 2026 : getPdConfigInfo - arrayListPtr->getCount():1
Tue Sep  8 01:36:31.191 2026 : PdDataMf::getPdConfigInfo - DriveCount:4
Tue Sep  8 01:36:31.191 2026 : PdDataMfi::getMrPdInfo Entering - getAUInfo:0 getAUInquiryBuffers:0
Tue Sep  8 01:36:31.191 2026 : PdDataMf::getPdConfigInfo - Exiting
Tue Sep  8 01:36:31.191 2026 : PdDataMf::PdInfo - Getting model number - driveInquiryDataLength:520 scsiInquiryDataLength:82
Tue Sep  8 01:36:31.191 2026 : PdDataMfi::getAtlpathDriveId Entering
Tue Sep  8 01:36:31.191 2026 : PdDataMfi::getMrPdInfo Entering - getAUInfo:0 getAUInquiryBuffers:0
Tue Sep  8 01:36:31.191 2026 : PdDataMfi::altPath Exiting retCode:0 altPath:-
Tue Sep  8 01:36:31.191 2026 : PdDataMfi::getProgress - Entering
Tue Sep  8 01:36:31.191 2026 : PdDataMfi::getMrPdInfo Entering - getAUInfo:0 getAUInquiryBuffers:0
Tue Sep  8 01:36:31.191 2026 : StoreLIBFacade::getDriveProgress Entering - Drive PID:319
Tue Sep  8 01:36:31.191 2026 : StoreLIBFacade::getDriveProgress DCMD OpCode: 0x2060100
Tue Sep  8 01:36:31.191 2026 : CLI8 : StoreLIBFacade::issueStorelibCmd Entering ctrlId=0

Tue Sep  8 01:36:31.191 2026 : CLI8 : StoreLIBFacade::fireStorelibCommand Entering

Tue Sep  8 01:36:31.192 2026 : CLI8 : StoreLIBFacade::fireStorelibCommand Exiting with retCode:0x0

Tue Sep  8 01:36:31.192 2026 : ResponseHandler::checkSl8Response ENTER
Tue Sep  8 01:36:31.192 2026 : ResponseHandler::clearSl8ResponseData Enter
Tue Sep  8 01:36:31.192 2026 : clear resp data
Tue Sep  8 01:36:31.192 2026 : ResponseHandler::clearSl8ResponseData Exit
Tue Sep  8 01:36:31.192 2026 : ResponseParser::CreateInstance Enter
Tue Sep  8 01:36:31.192 2026 : ResponseParser::CreateInstance Exit
Tue Sep  8 01:36:31.192 2026 : FirmwareFailuresParser::GetErrorStrings Enter SLExtStat=0
Tue Sep  8 01:36:31.192 2026 : FirmwareFailuresParser::IgnoreStatusParser Enter
Tue Sep  8 01:36:31.192 2026 : FirmwareFailuresParser::IgnoreStatusParser Exit
Tue Sep  8 01:36:31.192 2026 : FirmwareFailuresParser::GetErrorStrings Exit
Tue Sep  8 01:36:31.192 2026 : ResponseHandler::checkSl8Response .message string Ignore extended status
Tue Sep  8 01:36:31.192 2026 : ResponseHandler::checkSl8Response EXIT with return code 0x0
Tue Sep  8 01:36:31.192 2026 : ResponseHandler::handleMR8BufferStatus Entering
Tue Sep  8 01:36:31.192 2026 : ResponseHandler::handleMR8BufferStatus dataBufElements:3 cmdType:2 cmd:514
Tue Sep  8 01:36:31.192 2026 : ResponseHandler::handleMR8BufferStatus dataBufElements:3 opCode:0x2060100
Tue Sep  8 01:36:31.192 2026 : ResponseHandler::handleMR8BufferStatus buffer:2 bufStatus:7
Tue Sep  8 01:36:31.192 2026 : ResponseHandler::handleMR8BufferStatus Exiting
Tue Sep  8 01:36:31.192 2026 : CLI8 : StoreLIBFacade::issueStorelibCmd Exiting with retCode:0 cmdExtStatus =0

Tue Sep  8 01:36:31.192 2026 : CLI8 : StoreLIBFacade::getDriveProgress Exiting - retCode:0x0
Tue Sep  8 01:36:31.192 2026 : PdDataMfi::getProgress - Exiting retCode:0
Tue Sep  8 01:36:31.192 2026 : DiskGrp::getDgTopology - pdAUProgressCount:0
Tue Sep  8 01:36:31.192 2026 : PdDataMfi::getMrPdInfo Entering - getAUInfo:0 getAUInquiryBuffers:0
Tue Sep  8 01:36:31.192 2026 : PdDataMfi::PdInfo Entering
Tue Sep  8 01:36:31.192 2026 : PdDataMfi::getMrPdInfo Entering - getAUInfo:1 getAUInquiryBuffers:1
Tue Sep  8 01:36:31.192 2026 : PdDataMfi::getMrPdInfo - Reading drive's AU information - Drive PID:320 getAUInfo:1 getAUInquiryBuffers:1
Tue Sep  8 01:36:31.192 2026 : StoreLIBFacade::getDriveAUInfo Entering - Drive PID:320 getAUInfo:1 getAUInquiryBuffers:1
Tue Sep  8 01:36:31.192 2026 : StoreLIBFacade::getDriveAUInfo DCMD OpCode: 0x2020000
Tue Sep  8 01:36:31.192 2026 : CLI8 : StoreLIBFacade::issueStorelibCmd Entering ctrlId=0

Tue Sep  8 01:36:31.192 2026 : CLI8 : StoreLIBFacade::fireStorelibCommand Entering

Tue Sep  8 01:36:31.194 2026 : CLI8 : StoreLIBFacade::fireStorelibCommand Exiting with retCode:0x0

Tue Sep  8 01:36:31.194 2026 : ResponseHandler::checkSl8Response ENTER
Tue Sep  8 01:36:31.194 2026 : ResponseHandler::clearSl8ResponseData Enter
Tue Sep  8 01:36:31.194 2026 : clear resp data
Tue Sep  8 01:36:31.194 2026 : ResponseHandler::clearSl8ResponseData Exit
Tue Sep  8 01:36:31.194 2026 : ResponseParser::CreateInstance Enter
Tue Sep  8 01:36:31.194 2026 : ResponseParser::CreateInstance Exit
Tue Sep  8 01:36:31.194 2026 : FirmwareFailuresParser::GetErrorStrings Enter SLExtStat=0
Tue Sep  8 01:36:31.194 2026 : FirmwareFailuresParser::IgnoreStatusParser Enter
Tue Sep  8 01:36:31.194 2026 : FirmwareFailuresParser::IgnoreStatusParser Exit
Tue Sep  8 01:36:31.194 2026 : FirmwareFailuresParser::GetErrorStrings Exit
Tue Sep  8 01:36:31.194 2026 : ResponseHandler::checkSl8Response .message string Ignore extended status
Tue Sep  8 01:36:31.194 2026 : ResponseHandler::checkSl8Response EXIT with return code 0x0
Tue Sep  8 01:36:31.194 2026 : ResponseHandler::handleMR8BufferStatus Entering
Tue Sep  8 01:36:31.194 2026 : ResponseHandler::handleMR8BufferStatus dataBufElements:10 cmdType:2 cmd:514
Tue Sep  8 01:36:31.194 2026 : ResponseHandler::handleMR8BufferStatus dataBufElements:10 opCode:0x2020000
Tue Sep  8 01:36:31.194 2026 : ResponseHandler::handleMR8BufferStatus buffer:2 bufStatus:7
Tue Sep  8 01:36:31.194 2026 : ResponseHandler::handleMR8BufferStatus buffer:3 bufStatus:7
Tue Sep  8 01:36:31.194 2026 : ResponseHandler::handleMR8BufferStatus buffer:4 bufStatus:2
Tue Sep  8 01:36:31.194 2026 : ResponseHandler::handleMR8BufferStatus memsettig buffer:4 bufLength:12
Tue Sep  8 01:36:31.194 2026 : ResponseHandler::handleMR8BufferStatus buffer:5 bufStatus:7
Tue Sep  8 01:36:31.194 2026 : ResponseHandler::handleMR8BufferStatus buffer:6 bufStatus:7
Tue Sep  8 01:36:31.194 2026 : ResponseHandler::handleMR8BufferStatus buffer:7 bufStatus:7
Tue Sep  8 01:36:31.194 2026 : ResponseHandler::handleMR8BufferStatus buffer:8 bufStatus:7
Tue Sep  8 01:36:31.194 2026 : ResponseHandler::handleMR8BufferStatus buffer:9 bufStatus:0
Tue Sep  8 01:36:31.194 2026 : ResponseHandler::handleMR8BufferStatus memsettig buffer:9 bufLength:1024
Tue Sep  8 01:36:31.194 2026 : ResponseHandler::handleMR8BufferStatus Exiting
Tue Sep  8 01:36:31.194 2026 : CLI8 : StoreLIBFacade::issueStorelibCmd Exiting with retCode:0 cmdExtStatus =0

Tue Sep  8 01:36:31.194 2026 : StoreLIBFacade::getDriveAUInfo - SL returns cmdExtStatus:0x0, reasonCode:0x0
Tue Sep  8 01:36:31.194 2026 : CLI8 : StoreLIBFacade::issueStorelibCmd Entering ctrlId=0

Tue Sep  8 01:36:31.194 2026 : CLI8 : StoreLIBFacade::fireStorelibCommand Entering

Tue Sep  8 01:36:31.197 2026 : CLI8 : StoreLIBFacade::fireStorelibCommand Exiting with retCode:0x0

Tue Sep  8 01:36:31.197 2026 : ResponseHandler::checkSl8Response ENTER
Tue Sep  8 01:36:31.197 2026 : ResponseHandler::clearSl8ResponseData Enter
Tue Sep  8 01:36:31.197 2026 : clear resp data
Tue Sep  8 01:36:31.197 2026 : ResponseHandler::clearSl8ResponseData Exit
Tue Sep  8 01:36:31.197 2026 : ResponseParser::CreateInstance Enter
Tue Sep  8 01:36:31.197 2026 : ResponseParser::CreateInstance Exit
Tue Sep  8 01:36:31.197 2026 : FirmwareFailuresParser::GetErrorStrings Enter SLExtStat=0
Tue Sep  8 01:36:31.197 2026 : FirmwareFailuresParser::IgnoreStatusParser Enter
Tue Sep  8 01:36:31.197 2026 : FirmwareFailuresParser::IgnoreStatusParser Exit
Tue Sep  8 01:36:31.197 2026 : FirmwareFailuresParser::GetErrorStrings Exit
Tue Sep  8 01:36:31.197 2026 : ResponseHandler::checkSl8Response .message string Ignore extended status
Tue Sep  8 01:36:31.197 2026 : ResponseHandler::checkSl8Response EXIT with return code 0x0
Tue Sep  8 01:36:31.197 2026 : ResponseHandler::handleMR8BufferStatus Entering
Tue Sep  8 01:36:31.197 2026 : ResponseHandler::handleMR8BufferStatus dataBufElements:10 cmdType:2 cmd:514
Tue Sep  8 01:36:31.197 2026 : ResponseHandler::handleMR8BufferStatus dataBufElements:10 opCode:0x2020000
Tue Sep  8 01:36:31.197 2026 : ResponseHandler::handleMR8BufferStatus buffer:2 bufStatus:7

Tue Sep  8 01:36:31.197 2026 : ResponseHandler::handleMR8BufferStatus buffer:3 bufStatus:7
Tue Sep  8 01:36:31.197 2026 : ResponseHandler::handleMR8BufferStatus buffer:4 bufStatus:2
Tue Sep  8 01:36:31.197 2026 : ResponseHandler::handleMR8BufferStatus memsettig buffer:4 bufLength:12
Tue Sep  8 01:36:31.197 2026 : ResponseHandler::handleMR8BufferStatus buffer:5 bufStatus:7
Tue Sep  8 01:36:31.197 2026 : ResponseHandler::handleMR8BufferStatus buffer:6 bufStatus:7
Tue Sep  8 01:36:31.197 2026 : ResponseHandler::handleMR8BufferStatus buffer:7 bufStatus:7
Tue Sep  8 01:36:31.197 2026 : ResponseHandler::handleMR8BufferStatus buffer:8 bufStatus:7
Tue Sep  8 01:36:31.197 2026 : ResponseHandler::handleMR8BufferStatus buffer:9 bufStatus:0
Tue Sep  8 01:36:31.197 2026 : ResponseHandler::handleMR8BufferStatus memsettig buffer:9 bufLength:8
Tue Sep  8 01:36:31.197 2026 : ResponseHandler::handleMR8BufferStatus Exiting
Tue Sep  8 01:36:31.197 2026 : CLI8 : StoreLIBFacade::issueStorelibCmd Exiting with retCode:0 cmdExtStatus =0

Tue Sep  8 01:36:31.197 2026 : StoreLIBFacade::getDriveAUInfo - SL returns cmdExtStatus:0x0, reasonCode:0x0
Tue Sep  8 01:36:31.197 2026 : StoreLIBFacade::getDriveAUInfo Exiting - retCode:0

Tue Sep  8 01:36:31.197 2026 : PdDataMfi::getMrPdInfo - Reading drive's AU information - Drive PID:320 retCode:0
Tue Sep  8 01:36:31.197 2026 : PdDataMfi::getMrPdInfo - AU Count:1
Tue Sep  8 01:36:31.197 2026 : PdDataMfi::computeCoercedSizeFromLun Entering
Tue Sep  8 01:36:31.197 2026 : PdDataMfi::computeCoercedSizeFromLun - AU Count:1
Tue Sep  8 01:36:31.197 2026 : PdDataMf::computteCoercedSizeFromLun - allCoercedSizePopulated:1 minCoercedSize:936640512
Tue Sep  8 01:36:31.197 2026 : PdDataMfi::getMrPdInfo - coercedSize:936640512 nonCoercedSize:0 rawSize:937703088
Tue Sep  8 01:36:31.197 2026 : PdDataMf::getMrPdInfo - PID:320 SCSIInquiry Elements:1 inquiry Elements:1 VPD Elements:1
Tue Sep  8 01:36:31.197 2026 : PdDataMf::getMrPdInfo - Exiting with retCode:0
Tue Sep  8 01:36:31.197 2026 : CtrlDataManager getInstance Entering

Tue Sep  8 01:36:31.197 2026 : CtrlDataManager getSupportedSizeBaseUnits Entering
Tue Sep  8 01:36:31.197 2026 : CtrlDataManager getMrCtrlInfo - Entering

Tue Sep  8 01:36:31.197 2026 : CtrlDataManager getMrCtrlInfo - Returning persisted Static and Dynamic controller info

Tue Sep  8 01:36:31.197 2026 : CtrlDataManager getSupportedSizeBaseUnits Exiting - retCode :0 *baseUnits:0
Tue Sep  8 01:36:31.197 2026 : PdDataMfi::getMrPdInfo Entering - getAUInfo:0 getAUInquiryBuffers:0
Tue Sep  8 01:36:31.197 2026 : PdDataMfi::getMrPdInfo Entering - getAUInfo:0 getAUInquiryBuffers:0
Tue Sep  8 01:36:31.197 2026 : PdDataMfi::getMrPdInfo Entering - getAUInfo:0 getAUInquiryBuffers:0
Tue Sep  8 01:36:31.197 2026 : PdDataMfi::getMrPdInfo Entering - getAUInfo:0 getAUInquiryBuffers:0
Tue Sep  8 01:36:31.197 2026 : PdDataMfi::getMrPdInfo Entering - getAUInfo:0 getAUInquiryBuffers:0
Tue Sep  8 01:36:31.197 2026 : PdDataMfi::getEnclDeviceId Exiting enclPersistentId:344
Tue Sep  8 01:36:31.197 2026 : PdDataMfi::PdInfo pdState : 2
Tue Sep  8 01:36:31.197 2026 : PdDataMfi::getDriveState Entering - driveState:0x2 isSupported:1
Tue Sep  8 01:36:31.197 2026 : PdDataMfi::getDriveState Exiting - DriveState:Conf
Tue Sep  8 01:36:31.197 2026 : PdDataMfi::getMrPdInfo Entering - getAUInfo:1 getAUInquiryBuffers:0
Tue Sep  8 01:36:31.197 2026 : PdDataMfi::getShortLUNStatus Entering
Tue Sep  8 01:36:31.197 2026 : PdDataMfi::getShortLUNStatus - AU Count:1
Tue Sep  8 01:36:31.197 2026 : PdDataMfi::getLUNStatus Entering - lunStatus:9
Tue Sep  8 01:36:31.197 2026 : PdDataMfi::getLUNStatus Exiting - LUN Status:Online
Tue Sep  8 01:36:31.197 2026 : PdDataMfi::getShortLUNStatus lunStatusStr:Online
Tue Sep  8 01:36:31.197 2026 : PdDataMfi::PdInfo - AU Count:1
Tue Sep  8 01:36:31.197 2026 : PdDataMfi::getPdConfigInfo Entering
Tue Sep  8 01:36:31.197 2026 : ConfigDataManager getInstance Entering

Tue Sep  8 01:36:31.197 2026 : PdDataMfi::getMrPdInfo Entering - getAUInfo:0 getAUInquiryBuffers:0
Tue Sep  8 01:36:31.197 2026 : PdDataMfi::getPdConfigInfo dgListPtr->getCount():3
Tue Sep  8 01:36:31.197 2026 : getPdConfigInfo - arrayListPtr->getCount():1
Tue Sep  8 01:36:31.197 2026 : PdDataMf::getPdConfigInfo - DriveCount:4
Tue Sep  8 01:36:31.197 2026 : PdDataMfi::getMrPdInfo Entering - getAUInfo:0 getAUInquiryBuffers:0
Tue Sep  8 01:36:31.197 2026 : PdDataMfi::getMrPdInfo Entering - getAUInfo:0 getAUInquiryBuffers:0
Tue Sep  8 01:36:31.197 2026 : PdDataMf::getPdConfigInfo - Exiting
Tue Sep  8 01:36:31.197 2026 : PdDataMf::PdInfo - Getting model number - driveInquiryDataLength:520 scsiInquiryDataLength:82
Tue Sep  8 01:36:31.197 2026 : PdDataMfi::getAtlpathDriveId Entering
Tue Sep  8 01:36:31.197 2026 : PdDataMfi::getMrPdInfo Entering - getAUInfo:0 getAUInquiryBuffers:0
Tue Sep  8 01:36:31.197 2026 : PdDataMfi::altPath Exiting retCode:0 altPath:-
Tue Sep  8 01:36:31.197 2026 : PdDataMfi::getProgress - Entering
Tue Sep  8 01:36:31.197 2026 : PdDataMfi::getMrPdInfo Entering - getAUInfo:0 getAUInquiryBuffers:0
Tue Sep  8 01:36:31.197 2026 : StoreLIBFacade::getDriveProgress Entering - Drive PID:320
Tue Sep  8 01:36:31.197 2026 : StoreLIBFacade::getDriveProgress DCMD OpCode: 0x2060100
Tue Sep  8 01:36:31.197 2026 : CLI8 : StoreLIBFacade::issueStorelibCmd Entering ctrlId=0

Tue Sep  8 01:36:31.197 2026 : CLI8 : StoreLIBFacade::fireStorelibCommand Entering

Tue Sep  8 01:36:31.197 2026 : CLI8 : StoreLIBFacade::fireStorelibCommand Exiting with retCode:0x0

Tue Sep  8 01:36:31.197 2026 : ResponseHandler::checkSl8Response ENTER
Tue Sep  8 01:36:31.197 2026 : ResponseHandler::clearSl8ResponseData Enter
Tue Sep  8 01:36:31.197 2026 : clear resp data
Tue Sep  8 01:36:31.197 2026 : ResponseHandler::clearSl8ResponseData Exit
Tue Sep  8 01:36:31.197 2026 : ResponseParser::CreateInstance Enter
Tue Sep  8 01:36:31.197 2026 : ResponseParser::CreateInstance Exit
Tue Sep  8 01:36:31.197 2026 : FirmwareFailuresParser::GetErrorStrings Enter SLExtStat=0
Tue Sep  8 01:36:31.197 2026 : FirmwareFailuresParser::IgnoreStatusParser Enter
Tue Sep  8 01:36:31.197 2026 : FirmwareFailuresParser::IgnoreStatusParser Exit
Tue Sep  8 01:36:31.197 2026 : FirmwareFailuresParser::GetErrorStrings Exit
Tue Sep  8 01:36:31.198 2026 : ResponseHandler::checkSl8Response .message string Ignore extended status
Tue Sep  8 01:36:31.198 2026 : ResponseHandler::checkSl8Response EXIT with return code 0x0
Tue Sep  8 01:36:31.198 2026 : ResponseHandler::handleMR8BufferStatus Entering
Tue Sep  8 01:36:31.198 2026 : ResponseHandler::handleMR8BufferStatus dataBufElements:3 cmdType:2 cmd:514
Tue Sep  8 01:36:31.198 2026 : ResponseHandler::handleMR8BufferStatus dataBufElements:3 opCode:0x2060100
Tue Sep  8 01:36:31.198 2026 : ResponseHandler::handleMR8BufferStatus buffer:2 bufStatus:7
Tue Sep  8 01:36:31.198 2026 : ResponseHandler::handleMR8BufferStatus Exiting
Tue Sep  8 01:36:31.198 2026 : CLI8 : StoreLIBFacade::issueStorelibCmd Exiting with retCode:0 cmdExtStatus =0

Tue Sep  8 01:36:31.198 2026 : CLI8 : StoreLIBFacade::getDriveProgress Exiting - retCode:0x0
Tue Sep  8 01:36:31.198 2026 : PdDataMfi::getProgress - Exiting retCode:0
Tue Sep  8 01:36:31.198 2026 : DiskGrp::getDgTopology - pdAUProgressCount:0
Tue Sep  8 01:36:31.198 2026 : PdDataMfi::getMrPdInfo Entering - getAUInfo:0 getAUInquiryBuffers:0
Tue Sep  8 01:36:31.198 2026 : PdDataMfi::PdInfo Entering
Tue Sep  8 01:36:31.198 2026 : PdDataMfi::getMrPdInfo Entering - getAUInfo:1 getAUInquiryBuffers:1
Tue Sep  8 01:36:31.198 2026 : PdDataMfi::getMrPdInfo - Reading drive's AU information - Drive PID:321 getAUInfo:1 getAUInquiryBuffers:1
Tue Sep  8 01:36:31.198 2026 : StoreLIBFacade::getDriveAUInfo Entering - Drive PID:321 getAUInfo:1 getAUInquiryBuffers:1
Tue Sep  8 01:36:31.198 2026 : StoreLIBFacade::getDriveAUInfo DCMD OpCode: 0x2020000
Tue Sep  8 01:36:31.198 2026 : CLI8 : StoreLIBFacade::issueStorelibCmd Entering ctrlId=0

Tue Sep  8 01:36:31.198 2026 : CLI8 : StoreLIBFacade::fireStorelibCommand Entering

Tue Sep  8 01:36:31.201 2026 : CLI8 : StoreLIBFacade::fireStorelibCommand Exiting with retCode:0x0

Tue Sep  8 01:36:31.201 2026 : ResponseHandler::checkSl8Response ENTER
Tue Sep  8 01:36:31.201 2026 : ResponseHandler::clearSl8ResponseData Enter
Tue Sep  8 01:36:31.201 2026 : clear resp data
Tue Sep  8 01:36:31.201 2026 : ResponseHandler::clearSl8ResponseData Exit
Tue Sep  8 01:36:31.201 2026 : ResponseParser::CreateInstance Enter
Tue Sep  8 01:36:31.201 2026 : ResponseParser::CreateInstance Exit
Tue Sep  8 01:36:31.201 2026 : FirmwareFailuresParser::GetErrorStrings Enter SLExtStat=0
Tue Sep  8 01:36:31.201 2026 : FirmwareFailuresParser::IgnoreStatusParser Enter
Tue Sep  8 01:36:31.201 2026 : FirmwareFailuresParser::IgnoreStatusParser Exit
Tue Sep  8 01:36:31.201 2026 : FirmwareFailuresParser::GetErrorStrings Exit
Tue Sep  8 01:36:31.201 2026 : ResponseHandler::checkSl8Response .message string Ignore extended status
Tue Sep  8 01:36:31.201 2026 : ResponseHandler::checkSl8Response EXIT with return code 0x0
Tue Sep  8 01:36:31.201 2026 : ResponseHandler::handleMR8BufferStatus Entering
Tue Sep  8 01:36:31.201 2026 : ResponseHandler::handleMR8BufferStatus dataBufElements:10 cmdType:2 cmd:514
Tue Sep  8 01:36:31.201 2026 : ResponseHandler::handleMR8BufferStatus dataBufElements:10 opCode:0x2020000
Tue Sep  8 01:36:31.201 2026 : ResponseHandler::handleMR8BufferStatus buffer:2 bufStatus:7
Tue Sep  8 01:36:31.201 2026 : ResponseHandler::handleMR8BufferStatus buffer:3 bufStatus:7
Tue Sep  8 01:36:31.201 2026 : ResponseHandler::handleMR8BufferStatus buffer:4 bufStatus:2
Tue Sep  8 01:36:31.201 2026 : ResponseHandler::handleMR8BufferStatus memsettig buffer:4 bufLength:12
Tue Sep  8 01:36:31.201 2026 : ResponseHandler::handleMR8BufferStatus buffer:5 bufStatus:7
Tue Sep  8 01:36:31.201 2026 : ResponseHandler::handleMR8BufferStatus buffer:6 bufStatus:7
Tue Sep  8 01:36:31.201 2026 : ResponseHandler::handleMR8BufferStatus buffer:7 bufStatus:7
Tue Sep  8 01:36:31.201 2026 : ResponseHandler::handleMR8BufferStatus buffer:8 bufStatus:7
Tue Sep  8 01:36:31.201 2026 : ResponseHandler::handleMR8BufferStatus buffer:9 bufStatus:0
Tue Sep  8 01:36:31.201 2026 : ResponseHandler::handleMR8BufferStatus memsettig buffer:9 bufLength:1024
Tue Sep  8 01:36:31.201 2026 : ResponseHandler::handleMR8BufferStatus Exiting
Tue Sep  8 01:36:31.201 2026 : CLI8 : StoreLIBFacade::issueStorelibCmd Exiting with retCode:0 cmdExtStatus =0

Tue Sep  8 01:36:31.201 2026 : StoreLIBFacade::getDriveAUInfo - SL returns cmdExtStatus:0x0, reasonCode:0x0
Tue Sep  8 01:36:31.201 2026 : CLI8 : StoreLIBFacade::issueStorelibCmd Entering ctrlId=0

Tue Sep  8 01:36:31.201 2026 : CLI8 : StoreLIBFacade::fireStorelibCommand Entering

Tue Sep  8 01:36:31.203 2026 : CLI8 : StoreLIBFacade::fireStorelibCommand Exiting with retCode:0x0

Tue Sep  8 01:36:31.203 2026 : ResponseHandler::checkSl8Response ENTER
Tue Sep  8 01:36:31.203 2026 : ResponseHandler::clearSl8ResponseData Enter
Tue Sep  8 01:36:31.203 2026 : clear resp data
Tue Sep  8 01:36:31.203 2026 : ResponseHandler::clearSl8ResponseData Exit
Tue Sep  8 01:36:31.203 2026 : ResponseParser::CreateInstance Enter
Tue Sep  8 01:36:31.203 2026 : ResponseParser::CreateInstance Exit
Tue Sep  8 01:36:31.203 2026 : FirmwareFailuresParser::GetErrorStrings Enter SLExtStat=0
Tue Sep  8 01:36:31.203 2026 : FirmwareFailuresParser::IgnoreStatusParser Enter
Tue Sep  8 01:36:31.203 2026 : FirmwareFailuresParser::IgnoreStatusParser Exit
Tue Sep  8 01:36:31.203 2026 : FirmwareFailuresParser::GetErrorStrings Exit
Tue Sep  8 01:36:31.203 2026 : ResponseHandler::checkSl8Response .message string Ignore extended status
Tue Sep  8 01:36:31.203 2026 : ResponseHandler::checkSl8Response EXIT with return code 0x0
Tue Sep  8 01:36:31.203 2026 : ResponseHandler::handleMR8BufferStatus Entering
Tue Sep  8 01:36:31.203 2026 : ResponseHandler::handleMR8BufferStatus dataBufElements:10 cmdType:2 cmd:514
Tue Sep  8 01:36:31.203 2026 : ResponseHandler::handleMR8BufferStatus dataBufElements:10 opCode:0x2020000
Tue Sep  8 01:36:31.203 2026 : ResponseHandler::handleMR8BufferStatus buffer:2 bufStatus:7
Tue Sep  8 01:36:31.203 2026 : ResponseHandler::handleMR8BufferStatus buffer:3 bufStatus:7
Tue Sep  8 01:36:31.203 2026 : ResponseHandler::handleMR8BufferStatus buffer:4 bufStatus:2
Tue Sep  8 01:36:31.203 2026 : ResponseHandler::handleMR8BufferStatus memsettig buffer:4 bufLength:12
Tue Sep  8 01:36:31.203 2026 : ResponseHandler::handleMR8BufferStatus buffer:5 bufStatus:7
Tue Sep  8 01:36:31.203 2026 : ResponseHandler::handleMR8BufferStatus buffer:6 bufStatus:7
Tue Sep  8 01:36:31.203 2026 : ResponseHandler::handleMR8BufferStatus buffer:7 bufStatus:7
Tue Sep  8 01:36:31.203 2026 : ResponseHandler::handleMR8BufferStatus buffer:8 bufStatus:7
Tue Sep  8 01:36:31.203 2026 : ResponseHandler::handleMR8BufferStatus buffer:9 bufStatus:0
Tue Sep  8 01:36:31.203 2026 : ResponseHandler::handleMR8BufferStatus memsettig buffer:9 bufLength:8
Tue Sep  8 01:36:31.203 2026 : ResponseHandler::handleMR8BufferStatus Exiting
Tue Sep  8 01:36:31.203 2026 : CLI8 : StoreLIBFacade::issueStorelibCmd Exiting with retCode:0 cmdExtStatus =0

Tue Sep  8 01:36:31.203 2026 : StoreLIBFacade::getDriveAUInfo - SL returns cmdExtStatus:0x0, reasonCode:0x0
Tue Sep  8 01:36:31.203 2026 : StoreLIBFacade::getDriveAUInfo Exiting - retCode:0

Tue Sep  8 01:36:31.203 2026 : PdDataMfi::getMrPdInfo - Reading drive's AU information - Drive PID:321 retCode:0
Tue Sep  8 01:36:31.203 2026 : PdDataMfi::getMrPdInfo - AU Count:1
Tue Sep  8 01:36:31.203 2026 : PdDataMfi::computeCoercedSizeFromLun Entering
Tue Sep  8 01:36:31.203 2026 : PdDataMfi::computeCoercedSizeFromLun - AU Count:1
Tue Sep  8 01:36:31.203 2026 : PdDataMf::computteCoercedSizeFromLun - allCoercedSizePopulated:1 minCoercedSize:936640512
Tue Sep  8 01:36:31.203 2026 : PdDataMfi::getMrPdInfo - coercedSize:936640512 nonCoercedSize:0 rawSize:937703088
Tue Sep  8 01:36:31.203 2026 : PdDataMf::getMrPdInfo - PID:321 SCSIInquiry Elements:1 inquiry Elements:1 VPD Elements:1
Tue Sep  8 01:36:31.203 2026 : PdDataMf::getMrPdInfo - Exiting with retCode:0
Tue Sep  8 01:36:31.203 2026 : CtrlDataManager getInstance Entering

Tue Sep  8 01:36:31.203 2026 : CtrlDataManager getSupportedSizeBaseUnits Entering
Tue Sep  8 01:36:31.203 2026 : CtrlDataManager getMrCtrlInfo - Entering

Tue Sep  8 01:36:31.203 2026 : CtrlDataManager getMrCtrlInfo - Returning persisted Static and Dynamic controller info

Tue Sep  8 01:36:31.203 2026 : CtrlDataManager getSupportedSizeBaseUnits Exiting - retCode :0 *baseUnits:0
Tue Sep  8 01:36:31.203 2026 : PdDataMfi::getMrPdInfo Entering - getAUInfo:0 getAUInquiryBuffers:0
Tue Sep  8 01:36:31.203 2026 : PdDataMfi::getMrPdInfo Entering - getAUInfo:0 getAUInquiryBuffers:0
Tue Sep  8 01:36:31.203 2026 : PdDataMfi::getMrPdInfo Entering - getAUInfo:0 getAUInquiryBuffers:0
Tue Sep  8 01:36:31.203 2026 : PdDataMfi::getMrPdInfo Entering - getAUInfo:0 getAUInquiryBuffers:0
Tue Sep  8 01:36:31.203 2026 : PdDataMfi::getMrPdInfo Entering - getAUInfo:0 getAUInquiryBuffers:0
Tue Sep  8 01:36:31.203 2026 : PdDataMfi::getEnclDeviceId Exiting enclPersistentId:344
Tue Sep  8 01:36:31.203 2026 : PdDataMfi::PdInfo pdState : 2
Tue Sep  8 01:36:31.203 2026 : PdDataMfi::getDriveState Entering - driveState:0x2 isSupported:1
Tue Sep  8 01:36:31.203 2026 : PdDataMfi::getDriveState Exiting - DriveState:Conf
Tue Sep  8 01:36:31.203 2026 : PdDataMfi::getMrPdInfo Entering - getAUInfo:1 getAUInquiryBuffers:0
Tue Sep  8 01:36:31.203 2026 : PdDataMfi::getShortLUNStatus Entering
Tue Sep  8 01:36:31.203 2026 : PdDataMfi::getShortLUNStatus - AU Count:1
Tue Sep  8 01:36:31.203 2026 : PdDataMfi::getLUNStatus Entering - lunStatus:9
Tue Sep  8 01:36:31.203 2026 : PdDataMfi::getLUNStatus Exiting - LUN Status:Online
Tue Sep  8 01:36:31.203 2026 : PdDataMfi::getShortLUNStatus lunStatusStr:Online
Tue Sep  8 01:36:31.203 2026 : PdDataMfi::PdInfo - AU Count:1
Tue Sep  8 01:36:31.203 2026 : PdDataMfi::getPdConfigInfo Entering
Tue Sep  8 01:36:31.203 2026 : ConfigDataManager getInstance Entering

Tue Sep  8 01:36:31.203 2026 : PdDataMfi::getMrPdInfo Entering - getAUInfo:0 getAUInquiryBuffers:0
Tue Sep  8 01:36:31.203 2026 : PdDataMfi::getPdConfigInfo dgListPtr->getCount():3
Tue Sep  8 01:36:31.203 2026 : getPdConfigInfo - arrayListPtr->getCount():1
Tue Sep  8 01:36:31.203 2026 : PdDataMf::getPdConfigInfo - DriveCount:4
Tue Sep  8 01:36:31.203 2026 : PdDataMfi::getMrPdInfo Entering - getAUInfo:0 getAUInquiryBuffers:0
Tue Sep  8 01:36:31.203 2026 : PdDataMfi::getMrPdInfo Entering - getAUInfo:0 getAUInquiryBuffers:0
Tue Sep  8 01:36:31.203 2026 : PdDataMfi::getMrPdInfo Entering - getAUInfo:0 getAUInquiryBuffers:0
Tue Sep  8 01:36:31.203 2026 : PdDataMf::getPdConfigInfo - Exiting
Tue Sep  8 01:36:31.203 2026 : PdDataMf::PdInfo - Getting model number - driveInquiryDataLength:520 scsiInquiryDataLength:82
Tue Sep  8 01:36:31.203 2026 : PdDataMfi::getAtlpathDriveId Entering
Tue Sep  8 01:36:31.203 2026 : PdDataMfi::getMrPdInfo Entering - getAUInfo:0 getAUInquiryBuffers:0
Tue Sep  8 01:36:31.203 2026 : PdDataMfi::altPath Exiting retCode:0 altPath:-
Tue Sep  8 01:36:31.203 2026 : PdDataMfi::getProgress - Entering
Tue Sep  8 01:36:31.203 2026 : PdDataMfi::getMrPdInfo Entering - getAUInfo:0 getAUInquiryBuffers:0
Tue Sep  8 01:36:31.203 2026 : StoreLIBFacade::getDriveProgress Entering - Drive PID:321
Tue Sep  8 01:36:31.203 2026 : StoreLIBFacade::getDriveProgress DCMD OpCode: 0x2060100
Tue Sep  8 01:36:31.203 2026 : CLI8 : StoreLIBFacade::issueStorelibCmd Entering ctrlId=0

Tue Sep  8 01:36:31.203 2026 : CLI8 : StoreLIBFacade::fireStorelibCommand Entering

Tue Sep  8 01:36:31.203 2026 : CLI8 : StoreLIBFacade::fireStorelibCommand Exiting with retCode:0x0

Tue Sep  8 01:36:31.203 2026 : ResponseHandler::checkSl8Response ENTER
Tue Sep  8 01:36:31.203 2026 : ResponseHandler::clearSl8ResponseData Enter
Tue Sep  8 01:36:31.203 2026 : clear resp data
Tue Sep  8 01:36:31.203 2026 : ResponseHandler::clearSl8ResponseData Exit
Tue Sep  8 01:36:31.203 2026 : ResponseParser::CreateInstance Enter
Tue Sep  8 01:36:31.204 2026 : ResponseParser::CreateInstance Exit
Tue Sep  8 01:36:31.204 2026 : FirmwareFailuresParser::GetErrorStrings Enter SLExtStat=0
Tue Sep  8 01:36:31.204 2026 : FirmwareFailuresParser::IgnoreStatusParser Enter
Tue Sep  8 01:36:31.204 2026 : FirmwareFailuresParser::IgnoreStatusParser Exit
Tue Sep  8 01:36:31.204 2026 : FirmwareFailuresParser::GetErrorStrings Exit
Tue Sep  8 01:36:31.204 2026 : ResponseHandler::checkSl8Response .message string Ignore extended status
Tue Sep  8 01:36:31.204 2026 : ResponseHandler::checkSl8Response EXIT with return code 0x0
Tue Sep  8 01:36:31.204 2026 : ResponseHandler::handleMR8BufferStatus Entering
Tue Sep  8 01:36:31.204 2026 : ResponseHandler::handleMR8BufferStatus dataBufElements:3 cmdType:2 cmd:514
Tue Sep  8 01:36:31.204 2026 : ResponseHandler::handleMR8BufferStatus dataBufElements:3 opCode:0x2060100
Tue Sep  8 01:36:31.204 2026 : ResponseHandler::handleMR8BufferStatus buffer:2 bufStatus:7
Tue Sep  8 01:36:31.204 2026 : ResponseHandler::handleMR8BufferStatus Exiting
Tue Sep  8 01:36:31.204 2026 : CLI8 : StoreLIBFacade::issueStorelibCmd Exiting with retCode:0 cmdExtStatus =0

Tue Sep  8 01:36:31.204 2026 : CLI8 : StoreLIBFacade::getDriveProgress Exiting - retCode:0x0
Tue Sep  8 01:36:31.204 2026 : PdDataMfi::getProgress - Exiting retCode:0
Tue Sep  8 01:36:31.204 2026 : DiskGrp::getDgTopology - pdAUProgressCount:0
Tue Sep  8 01:36:31.204 2026 : PdDataMfi::getMrPdInfo Entering - getAUInfo:0 getAUInquiryBuffers:0
Tue Sep  8 01:36:31.204 2026 : PdDataMfi::PdInfo Entering
Tue Sep  8 01:36:31.204 2026 : PdDataMfi::getMrPdInfo Entering - getAUInfo:1 getAUInquiryBuffers:1
Tue Sep  8 01:36:31.204 2026 : PdDataMfi::getMrPdInfo - Reading drive's AU information - Drive PID:322 getAUInfo:1 getAUInquiryBuffers:1
Tue Sep  8 01:36:31.204 2026 : StoreLIBFacade::getDriveAUInfo Entering - Drive PID:322 getAUInfo:1 getAUInquiryBuffers:1
Tue Sep  8 01:36:31.204 2026 : StoreLIBFacade::getDriveAUInfo DCMD OpCode: 0x2020000
Tue Sep  8 01:36:31.204 2026 : CLI8 : StoreLIBFacade::issueStorelibCmd Entering ctrlId=0

Tue Sep  8 01:36:31.204 2026 : CLI8 : StoreLIBFacade::fireStorelibCommand Entering

Tue Sep  8 01:36:31.206 2026 : CLI8 : StoreLIBFacade::fireStorelibCommand Exiting with retCode:0x0

Tue Sep  8 01:36:31.206 2026 : ResponseHandler::checkSl8Response ENTER
Tue Sep  8 01:36:31.206 2026 : ResponseHandler::clearSl8ResponseData Enter
Tue Sep  8 01:36:31.206 2026 : clear resp data
Tue Sep  8 01:36:31.206 2026 : ResponseHandler::clearSl8ResponseData Exit
Tue Sep  8 01:36:31.206 2026 : ResponseParser::CreateInstance Enter
Tue Sep  8 01:36:31.206 2026 : ResponseParser::CreateInstance Exit
Tue Sep  8 01:36:31.206 2026 : FirmwareFailuresParser::GetErrorStrings Enter SLExtStat=0
Tue Sep  8 01:36:31.206 2026 : FirmwareFailuresParser::IgnoreStatusParser Enter
Tue Sep  8 01:36:31.206 2026 : FirmwareFailuresParser::IgnoreStatusParser Exit
Tue Sep  8 01:36:31.206 2026 : FirmwareFailuresParser::GetErrorStrings Exit
Tue Sep  8 01:36:31.206 2026 : ResponseHandler::checkSl8Response .message string Ignore extended status
Tue Sep  8 01:36:31.206 2026 : ResponseHandler::checkSl8Response EXIT with return code 0x0
Tue Sep  8 01:36:31.206 2026 : ResponseHandler::handleMR8BufferStatus Entering
Tue Sep  8 01:36:31.206 2026 : ResponseHandler::handleMR8BufferStatus dataBufElements:10 cmdType:2 cmd:514
Tue Sep  8 01:36:31.206 2026 : ResponseHandler::handleMR8BufferStatus dataBufElements:10 opCode:0x2020000
Tue Sep  8 01:36:31.206 2026 : ResponseHandler::handleMR8BufferStatus buffer:2 bufStatus:7
Tue Sep  8 01:36:31.206 2026 : ResponseHandler::handleMR8BufferStatus buffer:3 bufStatus:7
Tue Sep  8 01:36:31.206 2026 : ResponseHandler::handleMR8BufferStatus buffer:4 bufStatus:2
Tue Sep  8 01:36:31.206 2026 : ResponseHandler::handleMR8BufferStatus memsettig buffer:4 bufLength:12
Tue Sep  8 01:36:31.206 2026 : ResponseHandler::handleMR8BufferStatus buffer:5 bufStatus:7
Tue Sep  8 01:36:31.206 2026 : ResponseHandler::handleMR8BufferStatus buffer:6 bufStatus:7
Tue Sep  8 01:36:31.206 2026 : ResponseHandler::handleMR8BufferStatus buffer:7 bufStatus:7
Tue Sep  8 01:36:31.206 2026 : ResponseHandler::handleMR8BufferStatus buffer:8 bufStatus:7
Tue Sep  8 01:36:31.206 2026 : ResponseHandler::handleMR8BufferStatus buffer:9 bufStatus:0
Tue Sep  8 01:36:31.206 2026 : ResponseHandler::handleMR8BufferStatus memsettig buffer:9 bufLength:1024
Tue Sep  8 01:36:31.206 2026 : ResponseHandler::handleMR8BufferStatus Exiting
Tue Sep  8 01:36:31.206 2026 : CLI8 : StoreLIBFacade::issueStorelibCmd Exiting with retCode:0 cmdExtStatus =0

Tue Sep  8 01:36:31.206 2026 : StoreLIBFacade::getDriveAUInfo - SL returns cmdExtStatus:0x0, reasonCode:0x0
Tue Sep  8 01:36:31.206 2026 : CLI8 : StoreLIBFacade::issueStorelibCmd Entering ctrlId=0

Tue Sep  8 01:36:31.206 2026 : CLI8 : StoreLIBFacade::fireStorelibCommand Entering

Tue Sep  8 01:36:31.209 2026 : CLI8 : StoreLIBFacade::fireStorelibCommand Exiting with retCode:0x0

Tue Sep  8 01:36:31.209 2026 : ResponseHandler::checkSl8Response ENTER
Tue Sep  8 01:36:31.209 2026 : ResponseHandler::clearSl8ResponseData Enter
Tue Sep  8 01:36:31.209 2026 : clear resp data
Tue Sep  8 01:36:31.209 2026 : ResponseHandler::clearSl8ResponseData Exit
Tue Sep  8 01:36:31.209 2026 : ResponseParser::CreateInstance Enter
Tue Sep  8 01:36:31.209 2026 : ResponseParser::CreateInstance Exit
Tue Sep  8 01:36:31.209 2026 : FirmwareFailuresParser::GetErrorStrings Enter SLExtStat=0
Tue Sep  8 01:36:31.209 2026 : FirmwareFailuresParser::IgnoreStatusParser Enter
Tue Sep  8 01:36:31.209 2026 : FirmwareFailuresParser::IgnoreStatusParser Exit
Tue Sep  8 01:36:31.209 2026 : FirmwareFailuresParser::GetErrorStrings Exit
Tue Sep  8 01:36:31.209 2026 : ResponseHandler::checkSl8Response .message string Ignore extended status
Tue Sep  8 01:36:31.209 2026 : ResponseHandler::checkSl8Response EXIT with return code 0x0
Tue Sep  8 01:36:31.209 2026 : ResponseHandler::handleMR8BufferStatus Entering
Tue Sep  8 01:36:31.209 2026 : ResponseHandler::handleMR8BufferStatus dataBufElements:10 cmdType:2 cmd:514
Tue Sep  8 01:36:31.209 2026 : ResponseHandler::handleMR8BufferStatus dataBufElements:10 opCode:0x2020000
Tue Sep  8 01:36:31.209 2026 : ResponseHandler::handleMR8BufferStatus buffer:2 bufStatus:7
Tue Sep  8 01:36:31.209 2026 : ResponseHandler::handleMR8BufferStatus buffer:3 bufStatus:7
Tue Sep  8 01:36:31.209 2026 : ResponseHandler::handleMR8BufferStatus buffer:4 bufStatus:2
Tue Sep  8 01:36:31.209 2026 : ResponseHandler::handleMR8BufferStatus memsettig buffer:4 bufLength:12
Tue Sep  8 01:36:31.209 2026 : ResponseHandler::handleMR8BufferStatus buffer:5 bufStatus:7
Tue Sep  8 01:36:31.209 2026 : ResponseHandler::handleMR8BufferStatus buffer:6 bufStatus:7
Tue Sep  8 01:36:31.209 2026 : ResponseHandler::handleMR8BufferStatus buffer:7 bufStatus:7
Tue Sep  8 01:36:31.209 2026 : ResponseHandler::handleMR8BufferStatus buffer:8 bufStatus:7
Tue Sep  8 01:36:31.209 2026 : ResponseHandler::handleMR8BufferStatus buffer:9 bufStatus:0
Tue Sep  8 01:36:31.209 2026 : ResponseHandler::handleMR8BufferStatus memsettig buffer:9 bufLength:8
Tue Sep  8 01:36:31.209 2026 : ResponseHandler::handleMR8BufferStatus Exiting
Tue Sep  8 01:36:31.209 2026 : CLI8 : StoreLIBFacade::issueStorelibCmd Exiting with retCode:0 cmdExtStatus =0

Tue Sep  8 01:36:31.209 2026 : StoreLIBFacade::getDriveAUInfo - SL returns cmdExtStatus:0x0, reasonCode:0x0
Tue Sep  8 01:36:31.209 2026 : StoreLIBFacade::getDriveAUInfo Exiting - retCode:0

Tue Sep  8 01:36:31.209 2026 : PdDataMfi::getMrPdInfo - Reading drive's AU information - Drive PID:322 retCode:0
Tue Sep  8 01:36:31.209 2026 : PdDataMfi::getMrPdInfo - AU Count:1
Tue Sep  8 01:36:31.209 2026 : PdDataMfi::computeCoercedSizeFromLun Entering
Tue Sep  8 01:36:31.209 2026 : PdDataMfi::computeCoercedSizeFromLun - AU Count:1
Tue Sep  8 01:36:31.209 2026 : PdDataMf::computteCoercedSizeFromLun - allCoercedSizePopulated:1 minCoercedSize:936640512
Tue Sep  8 01:36:31.209 2026 : PdDataMfi::getMrPdInfo - coercedSize:936640512 nonCoercedSize:0 rawSize:937703088
Tue Sep  8 01:36:31.209 2026 : PdDataMf::getMrPdInfo - PID:322 SCSIInquiry Elements:1 inquiry Elements:1 VPD Elements:1
Tue Sep  8 01:36:31.209 2026 : PdDataMf::getMrPdInfo - Exiting with retCode:0
Tue Sep  8 01:36:31.209 2026 : CtrlDataManager getInstance Entering

Tue Sep  8 01:36:31.209 2026 : CtrlDataManager getSupportedSizeBaseUnits Entering
Tue Sep  8 01:36:31.209 2026 : CtrlDataManager getMrCtrlInfo - Entering

Tue Sep  8 01:36:31.209 2026 : CtrlDataManager getMrCtrlInfo - Returning persisted Static and Dynamic controller info

Tue Sep  8 01:36:31.209 2026 : CtrlDataManager getSupportedSizeBaseUnits Exiting - retCode :0 *baseUnits:0
Tue Sep  8 01:36:31.209 2026 : PdDataMfi::getMrPdInfo Entering - getAUInfo:0 getAUInquiryBuffers:0
Tue Sep  8 01:36:31.209 2026 : PdDataMfi::getMrPdInfo Entering - getAUInfo:0 getAUInquiryBuffers:0
Tue Sep  8 01:36:31.209 2026 : PdDataMfi::getMrPdInfo Entering - getAUInfo:0 getAUInquiryBuffers:0
Tue Sep  8 01:36:31.209 2026 : PdDataMfi::getMrPdInfo Entering - getAUInfo:0 getAUInquiryBuffers:0
Tue Sep  8 01:36:31.209 2026 : PdDataMfi::getMrPdInfo Entering - getAUInfo:0 getAUInquiryBuffers:0
Tue Sep  8 01:36:31.209 2026 : PdDataMfi::getEnclDeviceId Exiting enclPersistentId:344
Tue Sep  8 01:36:31.209 2026 : PdDataMfi::PdInfo pdState : 2
Tue Sep  8 01:36:31.209 2026 : PdDataMfi::getDriveState Entering - driveState:0x2 isSupported:1
Tue Sep  8 01:36:31.209 2026 : PdDataMfi::getDriveState Exiting - DriveState:Conf
Tue Sep  8 01:36:31.209 2026 : PdDataMfi::getMrPdInfo Entering - getAUInfo:1 getAUInquiryBuffers:0
Tue Sep  8 01:36:31.209 2026 : PdDataMfi::getShortLUNStatus Entering
Tue Sep  8 01:36:31.209 2026 : PdDataMfi::getShortLUNStatus - AU Count:1
Tue Sep  8 01:36:31.209 2026 : PdDataMfi::getLUNStatus Entering - lunStatus:9
Tue Sep  8 01:36:31.209 2026 : PdDataMfi::getLUNStatus Exiting - LUN Status:Online
Tue Sep  8 01:36:31.209 2026 : PdDataMfi::getShortLUNStatus lunStatusStr:Online
Tue Sep  8 01:36:31.209 2026 : PdDataMfi::PdInfo - AU Count:1
Tue Sep  8 01:36:31.209 2026 : PdDataMfi::getPdConfigInfo Entering
Tue Sep  8 01:36:31.209 2026 : ConfigDataManager getInstance Entering

Tue Sep  8 01:36:31.209 2026 : PdDataMfi::getMrPdInfo Entering - getAUInfo:0 getAUInquiryBuffers:0
Tue Sep  8 01:36:31.209 2026 : PdDataMfi::getPdConfigInfo dgListPtr->getCount():3
Tue Sep  8 01:36:31.209 2026 : getPdConfigInfo - arrayListPtr->getCount():1
Tue Sep  8 01:36:31.209 2026 : PdDataMf::getPdConfigInfo - DriveCount:4
Tue Sep  8 01:36:31.209 2026 : PdDataMfi::getMrPdInfo Entering - getAUInfo:0 getAUInquiryBuffers:0
Tue Sep  8 01:36:31.209 2026 : PdDataMfi::getMrPdInfo Entering - getAUInfo:0 getAUInquiryBuffers:0
Tue Sep  8 01:36:31.209 2026 : PdDataMfi::getMrPdInfo Entering - getAUInfo:0 getAUInquiryBuffers:0
Tue Sep  8 01:36:31.209 2026 : PdDataMfi::getMrPdInfo Entering - getAUInfo:0 getAUInquiryBuffers:0
Tue Sep  8 01:36:31.209 2026 : PdDataMf::getPdConfigInfo - Exiting
Tue Sep  8 01:36:31.209 2026 : PdDataMf::PdInfo - Getting model number - driveInquiryDataLength:520 scsiInquiryDataLength:82
Tue Sep  8 01:36:31.209 2026 : PdDataMfi::getAtlpathDriveId Entering
Tue Sep  8 01:36:31.209 2026 : PdDataMfi::getMrPdInfo Entering - getAUInfo:0 getAUInquiryBuffers:0
Tue Sep  8 01:36:31.209 2026 : PdDataMfi::altPath Exiting retCode:0 altPath:-
Tue Sep  8 01:36:31.209 2026 : PdDataMfi::getProgress - Entering
Tue Sep  8 01:36:31.209 2026 : PdDataMfi::getMrPdInfo Entering - getAUInfo:0 getAUInquiryBuffers:0
Tue Sep  8 01:36:31.209 2026 : StoreLIBFacade::getDriveProgress Entering - Drive PID:322
Tue Sep  8 01:36:31.209 2026 : StoreLIBFacade::getDriveProgress DCMD OpCode: 0x2060100
Tue Sep  8 01:36:31.209 2026 : CLI8 : StoreLIBFacade::issueStorelibCmd Entering ctrlId=0

Tue Sep  8 01:36:31.209 2026 : CLI8 : StoreLIBFacade::fireStorelibCommand Entering

Tue Sep  8 01:36:31.209 2026 : CLI8 : StoreLIBFacade::fireStorelibCommand Exiting with retCode:0x0

Tue Sep  8 01:36:31.209 2026 : ResponseHandler::checkSl8Response ENTER
Tue Sep  8 01:36:31.209 2026 : ResponseHandler::clearSl8ResponseData Enter
Tue Sep  8 01:36:31.209 2026 : clear resp data
Tue Sep  8 01:36:31.209 2026 : ResponseHandler::clearSl8ResponseData Exit
Tue Sep  8 01:36:31.209 2026 : ResponseParser::CreateInstance Enter
Tue Sep  8 01:36:31.209 2026 : ResponseParser::CreateInstance Exit
Tue Sep  8 01:36:31.209 2026 : FirmwareFailuresParser::GetErrorStrings Enter SLExtStat=0
Tue Sep  8 01:36:31.209 2026 : FirmwareFailuresParser::IgnoreStatusParser Enter
Tue Sep  8 01:36:31.209 2026 : FirmwareFailuresParser::IgnoreStatusParser Exit
Tue Sep  8 01:36:31.209 2026 : FirmwareFailuresParser::GetErrorStrings Exit
Tue Sep  8 01:36:31.209 2026 : ResponseHandler::checkSl8Response .message string Ignore extended status
Tue Sep  8 01:36:31.209 2026 : ResponseHandler::checkSl8Response EXIT with return code 0x0
Tue Sep  8 01:36:31.209 2026 : ResponseHandler::handleMR8BufferStatus Entering
Tue Sep  8 01:36:31.209 2026 : ResponseHandler::handleMR8BufferStatus dataBufElements:3 cmdType:2 cmd:514
Tue Sep  8 01:36:31.209 2026 : ResponseHandler::handleMR8BufferStatus dataBufElements:3 opCode:0x2060100
Tue Sep  8 01:36:31.209 2026 : ResponseHandler::handleMR8BufferStatus buffer:2 bufStatus:7
Tue Sep  8 01:36:31.209 2026 : ResponseHandler::handleMR8BufferStatus Exiting
Tue Sep  8 01:36:31.209 2026 : CLI8 : StoreLIBFacade::issueStorelibCmd Exiting with retCode:0 cmdExtStatus =0

Tue Sep  8 01:36:31.209 2026 : CLI8 : StoreLIBFacade::getDriveProgress Exiting - retCode:0x0
Tue Sep  8 01:36:31.209 2026 : PdDataMfi::getProgress - Exiting retCode:0
Tue Sep  8 01:36:31.209 2026 : DiskGrp::getDgTopology - pdAUProgressCount:0
Tue Sep  8 01:36:31.209 2026 : DiskGrp::getDgTopology Entering isforeign:0
Tue Sep  8 01:36:31.209 2026 : ConfigDataManager getInstance Entering

Tue Sep  8 01:36:31.209 2026 : CtrlDataManager getInstance Entering

Tue Sep  8 01:36:31.209 2026 : CtrlDataManager getSupportedSizeBaseUnits Entering
Tue Sep  8 01:36:31.209 2026 : CtrlDataManager getMrCtrlInfo - Entering

Tue Sep  8 01:36:31.209 2026 : CtrlDataManager getMrCtrlInfo - Returning persisted Static and Dynamic controller info

Tue Sep  8 01:36:31.209 2026 : CtrlDataManager getSupportedSizeBaseUnits Exiting - retCode :0 *baseUnits:0
Tue Sep  8 01:36:31.209 2026 : DiskGrp::getDgTopology baseUnits:0
Tue Sep  8 01:36:31.209 2026 : DiskGrp::getDgTopology getArrayList retCode:0
Tue Sep  8 01:36:31.209 2026 : Array::getArrBlockSize Entering
Tue Sep  8 01:36:31.209 2026 : Array::isArrMissing Entering

Tue Sep  8 01:36:31.209 2026 : Array::isArrMissing Getting the array pd list
Tue Sep  8 01:36:31.210 2026 : Array::isArrMissing pd list count:2
Tue Sep  8 01:36:31.210 2026 : Array::isArrMissing pd list count:2
Tue Sep  8 01:36:31.210 2026 : PdDataMfi::getMrPdInfo Entering - getAUInfo:0 getAUInquiryBuffers:0
Tue Sep  8 01:36:31.210 2026 : Array::isArrMissing isDrvMissing:0
Tue Sep  8 01:36:31.210 2026 : Array::getArrBlockSize isArrMissing retCode:0 missing:0
Tue Sep  8 01:36:31.210 2026 : Array::getArrBlockSize getPdList retCode:0
Tue Sep  8 01:36:31.210 2026 : Array::getArrBlockSize pd list count:2
Tue Sep  8 01:36:31.210 2026 : PdDataMfi::getMrPdInfo Entering - getAUInfo:1 getAUInquiryBuffers:0
Tue Sep  8 01:36:31.210 2026 : PdDataMfi::getMrPdInfo - Reading drive's AU information - Drive PID:345 getAUInfo:1 getAUInquiryBuffers:0
Tue Sep  8 01:36:31.210 2026 : StoreLIBFacade::getDriveAUInfo Entering - Drive PID:345 getAUInfo:1 getAUInquiryBuffers:0
Tue Sep  8 01:36:31.210 2026 : StoreLIBFacade::getDriveAUInfo DCMD OpCode: 0x2020000
Tue Sep  8 01:36:31.210 2026 : CLI8 : StoreLIBFacade::issueStorelibCmd Entering ctrlId=0

Tue Sep  8 01:36:31.210 2026 : CLI8 : StoreLIBFacade::fireStorelibCommand Entering

Tue Sep  8 01:36:31.210 2026 : CLI8 : StoreLIBFacade::fireStorelibCommand Exiting with retCode:0x0

Tue Sep  8 01:36:31.210 2026 : ResponseHandler::checkSl8Response ENTER
Tue Sep  8 01:36:31.210 2026 : ResponseHandler::clearSl8ResponseData Enter
Tue Sep  8 01:36:31.210 2026 : clear resp data
Tue Sep  8 01:36:31.210 2026 : ResponseHandler::clearSl8ResponseData Exit
Tue Sep  8 01:36:31.210 2026 : ResponseParser::CreateInstance Enter
Tue Sep  8 01:36:31.210 2026 : ResponseParser::CreateInstance Exit
Tue Sep  8 01:36:31.210 2026 : FirmwareFailuresParser::GetErrorStrings Enter SLExtStat=0
Tue Sep  8 01:36:31.210 2026 : FirmwareFailuresParser::IgnoreStatusParser Enter
Tue Sep  8 01:36:31.210 2026 : FirmwareFailuresParser::IgnoreStatusParser Exit
Tue Sep  8 01:36:31.210 2026 : FirmwareFailuresParser::GetErrorStrings Exit
Tue Sep  8 01:36:31.210 2026 : ResponseHandler::checkSl8Response .message string Ignore extended status
Tue Sep  8 01:36:31.210 2026 : ResponseHandler::checkSl8Response EXIT with return code 0x0
Tue Sep  8 01:36:31.210 2026 : ResponseHandler::handleMR8BufferStatus Entering
Tue Sep  8 01:36:31.210 2026 : ResponseHandler::handleMR8BufferStatus dataBufElements:10 cmdType:2 cmd:514
Tue Sep  8 01:36:31.210 2026 : ResponseHandler::handleMR8BufferStatus dataBufElements:10 opCode:0x2020000
Tue Sep  8 01:36:31.210 2026 : ResponseHandler::handleMR8BufferStatus buffer:2 bufStatus:7
Tue Sep  8 01:36:31.210 2026 : ResponseHandler::handleMR8BufferStatus buffer:3 bufStatus:7
Tue Sep  8 01:36:31.210 2026 : ResponseHandler::handleMR8BufferStatus buffer:4 bufStatus:2
Tue Sep  8 01:36:31.210 2026 : ResponseHandler::handleMR8BufferStatus memsettig buffer:4 bufLength:0
Tue Sep  8 01:36:31.210 2026 : ResponseHandler::handleMR8BufferStatus buffer:5 bufStatus:2
Tue Sep  8 01:36:31.210 2026 : ResponseHandler::handleMR8BufferStatus memsettig buffer:5 bufLength:0
Tue Sep  8 01:36:31.210 2026 : ResponseHandler::handleMR8BufferStatus buffer:6 bufStatus:2
Tue Sep  8 01:36:31.210 2026 : ResponseHandler::handleMR8BufferStatus memsettig buffer:6 bufLength:0
Tue Sep  8 01:36:31.210 2026 : ResponseHandler::handleMR8BufferStatus buffer:7 bufStatus:2
Tue Sep  8 01:36:31.210 2026 : ResponseHandler::handleMR8BufferStatus memsettig buffer:7 bufLength:0
Tue Sep  8 01:36:31.210 2026 : ResponseHandler::handleMR8BufferStatus buffer:8 bufStatus:7
Tue Sep  8 01:36:31.210 2026 : ResponseHandler::handleMR8BufferStatus buffer:9 bufStatus:0
Tue Sep  8 01:36:31.210 2026 : ResponseHandler::handleMR8BufferStatus memsettig buffer:9 bufLength:1024
Tue Sep  8 01:36:31.210 2026 : ResponseHandler::handleMR8BufferStatus Exiting
Tue Sep  8 01:36:31.210 2026 : CLI8 : StoreLIBFacade::issueStorelibCmd Exiting with retCode:0 cmdExtStatus =0

Tue Sep  8 01:36:31.210 2026 : StoreLIBFacade::getDriveAUInfo - SL returns cmdExtStatus:0x0, reasonCode:0x0
Tue Sep  8 01:36:31.210 2026 : StoreLIBFacade::getDriveAUInfo Exiting - retCode:0

Tue Sep  8 01:36:31.210 2026 : PdDataMfi::getMrPdInfo - Reading drive's AU information - Drive PID:345 retCode:0
Tue Sep  8 01:36:31.210 2026 : PdDataMfi::getMrPdInfo - AU Count:1
Tue Sep  8 01:36:31.210 2026 : PdDataMfi::computeCoercedSizeFromLun Entering
Tue Sep  8 01:36:31.210 2026 : PdDataMfi::computeCoercedSizeFromLun - AU Count:1
Tue Sep  8 01:36:31.210 2026 : PdDataMf::computteCoercedSizeFromLun - allCoercedSizePopulated:1 minCoercedSize:6250168320
Tue Sep  8 01:36:31.210 2026 : PdDataMfi::getMrPdInfo - coercedSize:6250168320 nonCoercedSize:0 rawSize:6251233968
Tue Sep  8 01:36:31.210 2026 : PdDataMf::getMrPdInfo - Exiting with retCode:0
Tue Sep  8 01:36:31.210 2026 : DiskGrp::getDgTopology - ArrayBlockSize:512
Tue Sep  8 01:36:31.210 2026 : CtrlDataManager getInstance Entering

Tue Sep  8 01:36:31.210 2026 : CtrlDataManager getSupportedSizeBaseUnits Entering
Tue Sep  8 01:36:31.210 2026 : CtrlDataManager getMrCtrlInfo - Entering

Tue Sep  8 01:36:31.210 2026 : CtrlDataManager getMrCtrlInfo - Returning persisted Static and Dynamic controller info

Tue Sep  8 01:36:31.210 2026 : CtrlDataManager getSupportedSizeBaseUnits Exiting - retCode :0 *baseUnits:0
Tue Sep  8 01:36:31.210 2026 : ConfigDataManager getInstance Entering

Tue Sep  8 01:36:31.210 2026 : StoreLIBFacadeMR::getMRLdProperties Entering
Tue Sep  8 01:36:31.210 2026 : StoreLIBFacadeMR::getMRLdProperties DCMD OpCode: 0x3030000
Tue Sep  8 01:36:31.210 2026 : CLI8 : StoreLIBFacade::issueStorelibCmd Entering ctrlId=0

Tue Sep  8 01:36:31.210 2026 : CLI8 : StoreLIBFacade::fireStorelibCommand Entering

Tue Sep  8 01:36:31.211 2026 : CLI8 : StoreLIBFacade::fireStorelibCommand Exiting with retCode:0x0

Tue Sep  8 01:36:31.211 2026 : ResponseHandler::checkSl8Response ENTER
Tue Sep  8 01:36:31.211 2026 : ResponseHandler::clearSl8ResponseData Enter
Tue Sep  8 01:36:31.211 2026 : clear resp data
Tue Sep  8 01:36:31.211 2026 : ResponseHandler::clearSl8ResponseData Exit
Tue Sep  8 01:36:31.211 2026 : ResponseParser::CreateInstance Enter
Tue Sep  8 01:36:31.211 2026 : ResponseParser::CreateInstance Exit
Tue Sep  8 01:36:31.211 2026 : FirmwareFailuresParser::GetErrorStrings Enter SLExtStat=0
Tue Sep  8 01:36:31.211 2026 : FirmwareFailuresParser::IgnoreStatusParser Enter
Tue Sep  8 01:36:31.211 2026 : FirmwareFailuresParser::IgnoreStatusParser Exit
Tue Sep  8 01:36:31.211 2026 : FirmwareFailuresParser::GetErrorStrings Exit
Tue Sep  8 01:36:31.211 2026 : ResponseHandler::checkSl8Response .message string Ignore extended status
Tue Sep  8 01:36:31.211 2026 : ResponseHandler::checkSl8Response EXIT with return code 0x0
Tue Sep  8 01:36:31.211 2026 : ResponseHandler::handleMR8BufferStatus Entering
Tue Sep  8 01:36:31.211 2026 : ResponseHandler::handleMR8BufferStatus dataBufElements:5 cmdType:2 cmd:514
Tue Sep  8 01:36:31.211 2026 : ResponseHandler::handleMR8BufferStatus dataBufElements:5 opCode:0x3030000
Tue Sep  8 01:36:31.211 2026 : ResponseHandler::handleMR8BufferStatus buffer:2 bufStatus:7
Tue Sep  8 01:36:31.211 2026 : ResponseHandler::handleMR8BufferStatus buffer:3 bufStatus:7
Tue Sep  8 01:36:31.211 2026 : ResponseHandler::handleMR8BufferStatus buffer:4 bufStatus:7
Tue Sep  8 01:36:31.211 2026 : ResponseHandler::handleMR8BufferStatus Exiting
Tue Sep  8 01:36:31.211 2026 : CLI8 : StoreLIBFacade::issueStorelibCmd Exiting with retCode:0 cmdExtStatus =0

Tue Sep  8 01:36:31.211 2026 : StoreLIBFacadeMR::getMRLdProperties Exiting - retCode:0x0
Tue Sep  8 01:36:31.211 2026 : VdDataMf::getVdInfo - Calling getDgIndex
Tue Sep  8 01:36:31.211 2026 : VdDataMf::getDgIndex Entering
Tue Sep  8 01:36:31.211 2026 : ConfigDataManager getInstance Entering

Tue Sep  8 01:36:31.211 2026 : VdDataMf::getDgIndex dgList count:3
Tue Sep  8 01:36:31.211 2026 : VdDataMf::getDgIndex dgIndex:0
Tue Sep  8 01:36:31.211 2026 : VdDataMf::getDgIndex arrayList count:1
Tue Sep  8 01:36:31.211 2026 : VdDataMf::getDgIndex VD count:1
Tue Sep  8 01:36:31.211 2026 : VdDataMf::getDgIndex targetId:2 vdIdPtr->getTargetId():1
Tue Sep  8 01:36:31.211 2026 : VdDataMf::getDgIndex dgIndex:1
Tue Sep  8 01:36:31.211 2026 : VdDataMf::getDgIndex arrayList count:1
Tue Sep  8 01:36:31.211 2026 : VdDataMf::getDgIndex VD count:1
Tue Sep  8 01:36:31.211 2026 : VdDataMf::getDgIndex targetId:2 vdIdPtr->getTargetId():2
Tue Sep  8 01:36:31.211 2026 : VdDataMf::getDgIndex dgIndex:2
Tue Sep  8 01:36:31.211 2026 : VdDataMf::getDgIndex arrayList count:1
Tue Sep  8 01:36:31.211 2026 : VdDataMf::getDgIndex VD count:1
Tue Sep  8 01:36:31.211 2026 : VdDataMf::getDgIndex targetId:2 vdIdPtr->getTargetId():3
Tue Sep  8 01:36:31.211 2026 : handleUT8CharArray Entering data: maxBytes:16 charType:1
Tue Sep  8 01:36:31.211 2026 : handleUT8CharArray tempStr: length:0
Tue Sep  8 01:36:31.211 2026 : handleUT8CharArray Exiting formattedData:
Tue Sep  8 01:36:31.211 2026 : Array::isArrMissing Entering
Tue Sep  8 01:36:31.211 2026 : Array::isArrMissing Getting the array pd list
Tue Sep  8 01:36:31.211 2026 : Array::isArrMissing pd list count:2
Tue Sep  8 01:36:31.211 2026 : Array::isArrMissing pd list count:2
Tue Sep  8 01:36:31.211 2026 : PdDataMfi::getMrPdInfo Entering - getAUInfo:0 getAUInquiryBuffers:0
Tue Sep  8 01:36:31.211 2026 : Array::isArrMissing isDrvMissing:0
Tue Sep  8 01:36:31.211 2026 : Array::getSize Entering
Tue Sep  8 01:36:31.211 2026 : Array::getSize Entering arrayIndex:1
Tue Sep  8 01:36:31.211 2026 : Array::isArrMissing Entering
Tue Sep  8 01:36:31.211 2026 : Array::isArrMissing Getting the array pd list
Tue Sep  8 01:36:31.211 2026 : Array::isArrMissing pd list count:2
Tue Sep  8 01:36:31.211 2026 : Array::isArrMissing pd list count:2
Tue Sep  8 01:36:31.211 2026 : PdDataMfi::getMrPdInfo Entering - getAUInfo:0 getAUInquiryBuffers:0
Tue Sep  8 01:36:31.211 2026 : Array::isArrMissing isDrvMissing:0
Tue Sep  8 01:36:31.211 2026 : Array::getSize isArrMissing retCode:0 missing:0
Tue Sep  8 01:36:31.211 2026 : Array::getSize Entering
Tue Sep  8 01:36:31.211 2026 : Array::getSize Entering arrayIndex:1
Tue Sep  8 01:36:31.211 2026 : Array::isArrMissing Entering
Tue Sep  8 01:36:31.211 2026 : Array::isArrMissing Getting the array pd list
Tue Sep  8 01:36:31.211 2026 : Array::isArrMissing pd list count:2
Tue Sep  8 01:36:31.211 2026 : Array::isArrMissing pd list count:2
Tue Sep  8 01:36:31.211 2026 : PdDataMfi::getMrPdInfo Entering - getAUInfo:0 getAUInquiryBuffers:0
Tue Sep  8 01:36:31.211 2026 : Array::isArrMissing isDrvMissing:0
Tue Sep  8 01:36:31.211 2026 : Array::getSize isArrMissing retCode:0 missing:0
Tue Sep  8 01:36:31.211 2026 : DiskGroup::getTotalSize lowersize:6250168320
Tue Sep  8 01:36:31.211 2026 : DiskGroup::getTotalSize TotalSize:6250168320
Tue Sep  8 01:36:31.211 2026 : VdDataMfi::getBlockSizeOfVd - Entering
Tue Sep  8 01:36:31.211 2026 : VdDataMfi::getBlockSizeOfVd - Exiting blocksizeOfVd=4096 sizeInBlocks=781271040
Tue Sep  8 01:36:31.211 2026 : VdDataMfi::getProgress - Entering
Tue Sep  8 01:36:31.211 2026 : CLI8 : StoreLIBFacade::getMRLdProgress Entering - ldPersistentID:2

Tue Sep  8 01:36:31.211 2026 : StoreLIBFacade::getMRLdProgress DCMD OpCode: 0x3080100
Tue Sep  8 01:36:31.211 2026 : CLI8 : StoreLIBFacade::issueStorelibCmd Entering ctrlId=0

Tue Sep  8 01:36:31.211 2026 : CLI8 : StoreLIBFacade::fireStorelibCommand Entering

Tue Sep  8 01:36:31.211 2026 : CLI8 : StoreLIBFacade::fireStorelibCommand Exiting with retCode:0x0

Tue Sep  8 01:36:31.211 2026 : ResponseHandler::checkSl8Response ENTER
Tue Sep  8 01:36:31.211 2026 : ResponseHandler::clearSl8ResponseData Enter
Tue Sep  8 01:36:31.211 2026 : clear resp data
Tue Sep  8 01:36:31.211 2026 : ResponseHandler::clearSl8ResponseData Exit
Tue Sep  8 01:36:31.211 2026 : ResponseParser::CreateInstance Enter
Tue Sep  8 01:36:31.211 2026 : ResponseParser::CreateInstance Exit
Tue Sep  8 01:36:31.211 2026 : FirmwareFailuresParser::GetErrorStrings Enter SLExtStat=0
Tue Sep  8 01:36:31.211 2026 : FirmwareFailuresParser::IgnoreStatusParser Enter
Tue Sep  8 01:36:31.211 2026 : FirmwareFailuresParser::IgnoreStatusParser Exit
Tue Sep  8 01:36:31.211 2026 : FirmwareFailuresParser::GetErrorStrings Exit
Tue Sep  8 01:36:31.211 2026 : ResponseHandler::checkSl8Response .message string Ignore extended status
Tue Sep  8 01:36:31.211 2026 : ResponseHandler::checkSl8Response EXIT with return code 0x0
Tue Sep  8 01:36:31.211 2026 : ResponseHandler::handleMR8BufferStatus Entering
Tue Sep  8 01:36:31.211 2026 : ResponseHandler::handleMR8BufferStatus dataBufElements:3 cmdType:2 cmd:514
Tue Sep  8 01:36:31.211 2026 : ResponseHandler::handleMR8BufferStatus dataBufElements:3 opCode:0x3080100
Tue Sep  8 01:36:31.211 2026 : ResponseHandler::handleMR8BufferStatus buffer:2 bufStatus:7
Tue Sep  8 01:36:31.211 2026 : ResponseHandler::handleMR8BufferStatus Exiting
Tue Sep  8 01:36:31.211 2026 : CLI8 : StoreLIBFacade::issueStorelibCmd Exiting with retCode:0 cmdExtStatus =0

Tue Sep  8 01:36:31.211 2026 : CLI8 : StoreLIBFacade::getMRLdProgress Exiting - retCode:0x0

Tue Sep  8 01:36:31.211 2026 : VdDataMfi::getProgress - Exiting with retCode:0
Tue Sep  8 01:36:31.211 2026 : CtrlDataManager getInstance Entering

Tue Sep  8 01:36:31.211 2026 : CtrlDataManager getSupportedSizeBaseUnits Entering
Tue Sep  8 01:36:31.211 2026 : CtrlDataManager getMrCtrlInfo - Entering

Tue Sep  8 01:36:31.211 2026 : CtrlDataManager getMrCtrlInfo - Returning persisted Static and Dynamic controller info

Tue Sep  8 01:36:31.211 2026 : CtrlDataManager getSupportedSizeBaseUnits Exiting - retCode :0 *baseUnits:0
Tue Sep  8 01:36:31.211 2026 : Array::isArrMissing Entering
Tue Sep  8 01:36:31.211 2026 : Array::isArrMissing Getting the array pd list
Tue Sep  8 01:36:31.211 2026 : Array::isArrMissing pd list count:2
Tue Sep  8 01:36:31.211 2026 : Array::isArrMissing pd list count:2
Tue Sep  8 01:36:31.211 2026 : PdDataMfi::getMrPdInfo Entering - getAUInfo:0 getAUInquiryBuffers:0
Tue Sep  8 01:36:31.211 2026 : Array::isArrMissing isDrvMissing:0
Tue Sep  8 01:36:31.211 2026 : Array::getSpaceUsageInfo - Entering
Tue Sep  8 01:36:31.211 2026 : CtrlDataManager getInstance Entering

Tue Sep  8 01:36:31.211 2026 : CtrlDataManager isSRL03Supported Entering

Tue Sep  8 01:36:31.211 2026 : CtrlDataManager getMrCtrlInfo - Entering

Tue Sep  8 01:36:31.211 2026 : CtrlDataManager getMrCtrlInfo - Returning persisted Static and Dynamic controller info

Tue Sep  8 01:36:31.211 2026 : Array::isArrMissing Entering
Tue Sep  8 01:36:31.211 2026 : Array::isArrMissing Getting the array pd list
Tue Sep  8 01:36:31.211 2026 : Array::isArrMissing pd list count:2
Tue Sep  8 01:36:31.211 2026 : Array::isArrMissing pd list count:2
Tue Sep  8 01:36:31.211 2026 : PdDataMfi::getMrPdInfo Entering - getAUInfo:0 getAUInquiryBuffers:0
Tue Sep  8 01:36:31.211 2026 : Array::isArrMissing isDrvMissing:0
Tue Sep  8 01:36:31.211 2026 : Array::getSpaceUsageInfo - tempVdListPtr->getCount():1
Tue Sep  8 01:36:31.211 2026 : Array::getSpaceUsageInfo - SRL:0
Tue Sep  8 01:36:31.211 2026 : Array::getArrBlockSize Entering
Tue Sep  8 01:36:31.211 2026 : Array::isArrMissing Entering
Tue Sep  8 01:36:31.211 2026 : Array::isArrMissing Getting the array pd list
Tue Sep  8 01:36:31.211 2026 : Array::isArrMissing pd list count:2
Tue Sep  8 01:36:31.211 2026 : Array::isArrMissing pd list count:2
Tue Sep  8 01:36:31.211 2026 : PdDataMfi::getMrPdInfo Entering - getAUInfo:0 getAUInquiryBuffers:0
Tue Sep  8 01:36:31.211 2026 : Array::isArrMissing isDrvMissing:0
Tue Sep  8 01:36:31.211 2026 : Array::getArrBlockSize isArrMissing retCode:0 missing:0
Tue Sep  8 01:36:31.211 2026 : Array::getArrBlockSize getPdList retCode:0
Tue Sep  8 01:36:31.211 2026 : Array::getArrBlockSize pd list count:2
Tue Sep  8 01:36:31.211 2026 : PdDataMfi::getMrPdInfo Entering - getAUInfo:1 getAUInquiryBuffers:0
Tue Sep  8 01:36:31.211 2026 : Array::getSize Entering
Tue Sep  8 01:36:31.211 2026 : Array::getSize Entering arrayIndex:1
Tue Sep  8 01:36:31.211 2026 : Array::isArrMissing Entering
Tue Sep  8 01:36:31.211 2026 : Array::isArrMissing Getting the array pd list
Tue Sep  8 01:36:31.211 2026 : Array::isArrMissing pd list count:2
Tue Sep  8 01:36:31.211 2026 : Array::isArrMissing pd list count:2
Tue Sep  8 01:36:31.211 2026 : PdDataMfi::getMrPdInfo Entering - getAUInfo:0 getAUInquiryBuffers:0
Tue Sep  8 01:36:31.211 2026 : Array::isArrMissing isDrvMissing:0
Tue Sep  8 01:36:31.211 2026 : Array::getSize isArrMissing retCode:0 missing:0
Tue Sep  8 01:36:31.211 2026 : Array::getSpaceUsageInfo - Array BlockSize:512
Tue Sep  8 01:36:31.211 2026 : Array::getSpaceUsageInfo - endBlock:781271040
Tue Sep  8 01:36:31.211 2026 : Array::getSpaceUsageInfo - vdStartBlock:0
Tue Sep  8 01:36:31.211 2026 : VdDataMfi::getArrayBlockSize Entering
Tue Sep  8 01:36:31.211 2026 : ConfigDataManager getInstance Entering

Tue Sep  8 01:36:31.211 2026 : VdDataMfi::getArrayBlockSize Getting ArrayList
Tue Sep  8 01:36:31.211 2026 : VdDataMfi::getArrayBlockSize Got ArrayList
Tue Sep  8 01:36:31.211 2026 : VdDataMfi::getArrayBlockSize LDPid:2 SpanCount:3
Tue Sep  8 01:36:31.211 2026 : VdDataMfi::getArrayBlockSize LDPid:2 arrayRef:1
Tue Sep  8 01:36:31.211 2026 : Array::isArrMissing Entering
Tue Sep  8 01:36:31.211 2026 : Array::isArrMissing Getting the array pd list
Tue Sep  8 01:36:31.211 2026 : Array::isArrMissing pd list count:4
Tue Sep  8 01:36:31.211 2026 : Array::isArrMissing pd list count:4
Tue Sep  8 01:36:31.211 2026 : PdDataMfi::getMrPdInfo Entering - getAUInfo:0 getAUInquiryBuffers:0
Tue Sep  8 01:36:31.211 2026 : Array::isArrMissing isDrvMissing:0
Tue Sep  8 01:36:31.211 2026 : Array::isArrMissing Entering
Tue Sep  8 01:36:31.211 2026 : Array::isArrMissing Getting the array pd list
Tue Sep  8 01:36:31.211 2026 : Array::isArrMissing pd list count:4
Tue Sep  8 01:36:31.211 2026 : Array::isArrMissing pd list count:4
Tue Sep  8 01:36:31.211 2026 : PdDataMfi::getMrPdInfo Entering - getAUInfo:0 getAUInquiryBuffers:0
Tue Sep  8 01:36:31.211 2026 : Array::isArrMissing isDrvMissing:0
Tue Sep  8 01:36:31.211 2026 : VdDataMfi::getArrayBlockSize SpanArrayRef:1 arrRef:0
Tue Sep  8 01:36:31.211 2026 : Array::isArrMissing Entering
Tue Sep  8 01:36:31.211 2026 : Array::isArrMissing Getting the array pd list
Tue Sep  8 01:36:31.211 2026 : Array::isArrMissing pd list count:2
Tue Sep  8 01:36:31.211 2026 : Array::isArrMissing pd list count:2
Tue Sep  8 01:36:31.211 2026 : PdDataMfi::getMrPdInfo Entering - getAUInfo:0 getAUInquiryBuffers:0
Tue Sep  8 01:36:31.211 2026 : Array::isArrMissing isDrvMissing:0
Tue Sep  8 01:36:31.211 2026 : Array::isArrMissing Entering
Tue Sep  8 01:36:31.211 2026 : Array::isArrMissing Getting the array pd list
Tue Sep  8 01:36:31.211 2026 : Array::isArrMissing pd list count:2
Tue Sep  8 01:36:31.211 2026 : Array::isArrMissing pd list count:2
Tue Sep  8 01:36:31.211 2026 : PdDataMfi::getMrPdInfo Entering - getAUInfo:0 getAUInquiryBuffers:0
Tue Sep  8 01:36:31.211 2026 : Array::isArrMissing isDrvMissing:0
Tue Sep  8 01:36:31.211 2026 : VdDataMfi::getArrayBlockSize SpanArrayRef:1 arrRef:1
Tue Sep  8 01:36:31.211 2026 : Array::getArrBlockSize Entering
Tue Sep  8 01:36:31.211 2026 : Array::isArrMissing Entering
Tue Sep  8 01:36:31.211 2026 : Array::isArrMissing Getting the array pd list
Tue Sep  8 01:36:31.211 2026 : Array::isArrMissing pd list count:2
Tue Sep  8 01:36:31.211 2026 : Array::isArrMissing pd list count:2
Tue Sep  8 01:36:31.211 2026 : PdDataMfi::getMrPdInfo Entering - getAUInfo:0 getAUInquiryBuffers:0
Tue Sep  8 01:36:31.211 2026 : Array::isArrMissing isDrvMissing:0
Tue Sep  8 01:36:31.211 2026 : Array::getArrBlockSize isArrMissing retCode:0 missing:0
Tue Sep  8 01:36:31.211 2026 : Array::getArrBlockSize getPdList retCode:0
Tue Sep  8 01:36:31.211 2026 : Array::getArrBlockSize pd list count:2
Tue Sep  8 01:36:31.211 2026 : PdDataMfi::getMrPdInfo Entering - getAUInfo:1 getAUInquiryBuffers:0
Tue Sep  8 01:36:31.211 2026 : VdDataMfi::getArrayBlockSize - ArrayBlockSize:512
Tue Sep  8 01:36:31.211 2026 : VdDataMfi::getArrayBlockSize Exiting driveBlockSize:512
Tue Sep  8 01:36:31.211 2026 : Array::getSpaceUsageInfo - vdSize:781271040
Tue Sep  8 01:36:31.211 2026 : Array::getSpaceUsageInfo - startBlock:0
Tue Sep  8 01:36:31.211 2026 : Array::getSpaceUsageInfo - prlLevel:1
Tue Sep  8 01:36:31.211 2026 : Array::getSpaceUsageInfo - spanDepth:1
Tue Sep  8 01:36:31.211 2026 : Array::getSpaceUsageInfo - spNoOfBlocks:781271040
Tue Sep  8 01:36:31.211 2026 : Array::getSpaceUsageInfo - numOfPd:2
Tue Sep  8 01:36:31.211 2026 : Array::getSpaceUsageInfo - numOfPd:2 spNoOfBlocks(Before):781271040
Tue Sep  8 01:36:31.211 2026 : Array::getSpaceUsageInfo - spNoOfBlocks:781271040
Tue Sep  8 01:36:31.211 2026 : Array::getSpaceUsageInfo - spNoOfBlocks(Final):781271040
Tue Sep  8 01:36:31.211 2026 : Array::getSpaceUsageInfo - startBlock(Final):781271040
Tue Sep  8 01:36:31.211 2026 : Array::getSpaceUsageInfo - startBlock:781271040
Tue Sep  8 01:36:31.211 2026 : Array::getSpaceUsageInfo - endBlock:781271040
Tue Sep  8 01:36:31.211 2026 : Array::getSize Entering
Tue Sep  8 01:36:31.211 2026 : Array::getSize Entering arrayIndex:1
Tue Sep  8 01:36:31.211 2026 : Array::isArrMissing Entering
Tue Sep  8 01:36:31.211 2026 : Array::isArrMissing Getting the array pd list
Tue Sep  8 01:36:31.211 2026 : Array::isArrMissing pd list count:2
Tue Sep  8 01:36:31.211 2026 : Array::isArrMissing pd list count:2
Tue Sep  8 01:36:31.211 2026 : PdDataMfi::getMrPdInfo Entering - getAUInfo:0 getAUInquiryBuffers:0
Tue Sep  8 01:36:31.211 2026 : Array::isArrMissing isDrvMissing:0
Tue Sep  8 01:36:31.211 2026 : Array::getSize isArrMissing retCode:0 missing:0
Tue Sep  8 01:36:31.211 2026 : Array::getSize Entering
Tue Sep  8 01:36:31.211 2026 : Array::getSize Entering arrayIndex:1
Tue Sep  8 01:36:31.211 2026 : Array::isArrMissing Entering
Tue Sep  8 01:36:31.211 2026 : Array::isArrMissing Getting the array pd list
Tue Sep  8 01:36:31.211 2026 : Array::isArrMissing pd list count:2
Tue Sep  8 01:36:31.211 2026 : Array::isArrMissing pd list count:2
Tue Sep  8 01:36:31.211 2026 : PdDataMfi::getMrPdInfo Entering - getAUInfo:0 getAUInquiryBuffers:0
Tue Sep  8 01:36:31.211 2026 : Array::isArrMissing isDrvMissing:0
Tue Sep  8 01:36:31.211 2026 : Array::getSize isArrMissing retCode:0 missing:0
Tue Sep  8 01:36:31.212 2026 : CtrlDataManager getInstance Entering

Tue Sep  8 01:36:31.212 2026 : CtrlDataManager getSupportedSizeBaseUnits Entering
Tue Sep  8 01:36:31.212 2026 : CtrlDataManager getMrCtrlInfo - Entering

Tue Sep  8 01:36:31.212 2026 : CtrlDataManager getMrCtrlInfo - Returning persisted Static and Dynamic controller info

Tue Sep  8 01:36:31.212 2026 : CtrlDataManager getSupportedSizeBaseUnits Exiting - retCode :0 *baseUnits:0
Tue Sep  8 01:36:31.212 2026 : Array::isArrMissing Entering
Tue Sep  8 01:36:31.212 2026 : Array::isArrMissing Getting the array pd list
Tue Sep  8 01:36:31.212 2026 : Array::isArrMissing pd list count:2
Tue Sep  8 01:36:31.212 2026 : Array::isArrMissing pd list count:2
Tue Sep  8 01:36:31.212 2026 : PdDataMfi::getMrPdInfo Entering - getAUInfo:0 getAUInquiryBuffers:0
Tue Sep  8 01:36:31.212 2026 : Array::isArrMissing isDrvMissing:0
Tue Sep  8 01:36:31.212 2026 : Array::getSpaceUsageInfo - Entering
Tue Sep  8 01:36:31.212 2026 : CtrlDataManager getInstance Entering

Tue Sep  8 01:36:31.212 2026 : CtrlDataManager isSRL03Supported Entering

Tue Sep  8 01:36:31.212 2026 : CtrlDataManager getMrCtrlInfo - Entering

Tue Sep  8 01:36:31.212 2026 : CtrlDataManager getMrCtrlInfo - Returning persisted Static and Dynamic controller info

Tue Sep  8 01:36:31.212 2026 : Array::isArrMissing Entering
Tue Sep  8 01:36:31.212 2026 : Array::isArrMissing Getting the array pd list
Tue Sep  8 01:36:31.212 2026 : Array::isArrMissing pd list count:2
Tue Sep  8 01:36:31.212 2026 : Array::isArrMissing pd list count:2
Tue Sep  8 01:36:31.212 2026 : PdDataMfi::getMrPdInfo Entering - getAUInfo:0 getAUInquiryBuffers:0
Tue Sep  8 01:36:31.212 2026 : Array::isArrMissing isDrvMissing:0
Tue Sep  8 01:36:31.212 2026 : Array::getSpaceUsageInfo - tempVdListPtr->getCount():1
Tue Sep  8 01:36:31.212 2026 : Array::getSpaceUsageInfo - SRL:0
Tue Sep  8 01:36:31.212 2026 : Array::getArrBlockSize Entering
Tue Sep  8 01:36:31.212 2026 : Array::isArrMissing Entering
Tue Sep  8 01:36:31.212 2026 : Array::isArrMissing Getting the array pd list
Tue Sep  8 01:36:31.212 2026 : Array::isArrMissing pd list count:2
Tue Sep  8 01:36:31.212 2026 : Array::isArrMissing pd list count:2
Tue Sep  8 01:36:31.212 2026 : PdDataMfi::getMrPdInfo Entering - getAUInfo:0 getAUInquiryBuffers:0
Tue Sep  8 01:36:31.212 2026 : Array::isArrMissing isDrvMissing:0
Tue Sep  8 01:36:31.212 2026 : Array::getArrBlockSize isArrMissing retCode:0 missing:0
Tue Sep  8 01:36:31.212 2026 : Array::getArrBlockSize getPdList retCode:0
Tue Sep  8 01:36:31.212 2026 : Array::getArrBlockSize pd list count:2
Tue Sep  8 01:36:31.212 2026 : PdDataMfi::getMrPdInfo Entering - getAUInfo:1 getAUInquiryBuffers:0
Tue Sep  8 01:36:31.212 2026 : Array::getSize Entering
Tue Sep  8 01:36:31.212 2026 : Array::getSize Entering arrayIndex:1
Tue Sep  8 01:36:31.212 2026 : Array::isArrMissing Entering
Tue Sep  8 01:36:31.212 2026 : Array::isArrMissing Getting the array pd list
Tue Sep  8 01:36:31.212 2026 : Array::isArrMissing pd list count:2
Tue Sep  8 01:36:31.212 2026 : Array::isArrMissing pd list count:2
Tue Sep  8 01:36:31.212 2026 : PdDataMfi::getMrPdInfo Entering - getAUInfo:0 getAUInquiryBuffers:0
Tue Sep  8 01:36:31.212 2026 : Array::isArrMissing isDrvMissing:0
Tue Sep  8 01:36:31.212 2026 : Array::getSize isArrMissing retCode:0 missing:0
Tue Sep  8 01:36:31.212 2026 : Array::getSpaceUsageInfo - Array BlockSize:512
Tue Sep  8 01:36:31.212 2026 : Array::getSpaceUsageInfo - endBlock:781271040
Tue Sep  8 01:36:31.212 2026 : Array::getSpaceUsageInfo - vdStartBlock:0
Tue Sep  8 01:36:31.212 2026 : VdDataMfi::getArrayBlockSize Entering
Tue Sep  8 01:36:31.212 2026 : ConfigDataManager getInstance Entering

Tue Sep  8 01:36:31.212 2026 : VdDataMfi::getArrayBlockSize Getting ArrayList
Tue Sep  8 01:36:31.212 2026 : VdDataMfi::getArrayBlockSize Got ArrayList
Tue Sep  8 01:36:31.212 2026 : VdDataMfi::getArrayBlockSize LDPid:2 SpanCount:3
Tue Sep  8 01:36:31.212 2026 : VdDataMfi::getArrayBlockSize LDPid:2 arrayRef:1
Tue Sep  8 01:36:31.212 2026 : Array::isArrMissing Entering
Tue Sep  8 01:36:31.212 2026 : Array::isArrMissing Getting the array pd list
Tue Sep  8 01:36:31.212 2026 : Array::isArrMissing pd list count:4
Tue Sep  8 01:36:31.212 2026 : Array::isArrMissing pd list count:4
Tue Sep  8 01:36:31.212 2026 : PdDataMfi::getMrPdInfo Entering - getAUInfo:0 getAUInquiryBuffers:0
Tue Sep  8 01:36:31.212 2026 : Array::isArrMissing isDrvMissing:0
Tue Sep  8 01:36:31.212 2026 : Array::isArrMissing Entering
Tue Sep  8 01:36:31.212 2026 : Array::isArrMissing Getting the array pd list
Tue Sep  8 01:36:31.212 2026 : Array::isArrMissing pd list count:4
Tue Sep  8 01:36:31.212 2026 : Array::isArrMissing pd list count:4
Tue Sep  8 01:36:31.212 2026 : PdDataMfi::getMrPdInfo Entering - getAUInfo:0 getAUInquiryBuffers:0
Tue Sep  8 01:36:31.212 2026 : Array::isArrMissing isDrvMissing:0
Tue Sep  8 01:36:31.212 2026 : VdDataMfi::getArrayBlockSize SpanArrayRef:1 arrRef:0
Tue Sep  8 01:36:31.212 2026 : Array::isArrMissing Entering
Tue Sep  8 01:36:31.212 2026 : Array::isArrMissing Getting the array pd list
Tue Sep  8 01:36:31.212 2026 : Array::isArrMissing pd list count:2
Tue Sep  8 01:36:31.212 2026 : Array::isArrMissing pd list count:2
Tue Sep  8 01:36:31.212 2026 : PdDataMfi::getMrPdInfo Entering - getAUInfo:0 getAUInquiryBuffers:0
Tue Sep  8 01:36:31.212 2026 : Array::isArrMissing isDrvMissing:0
Tue Sep  8 01:36:31.212 2026 : Array::isArrMissing Entering
Tue Sep  8 01:36:31.212 2026 : Array::isArrMissing Getting the array pd list
Tue Sep  8 01:36:31.212 2026 : Array::isArrMissing pd list count:2
Tue Sep  8 01:36:31.212 2026 : Array::isArrMissing pd list count:2
Tue Sep  8 01:36:31.212 2026 : PdDataMfi::getMrPdInfo Entering - getAUInfo:0 getAUInquiryBuffers:0
Tue Sep  8 01:36:31.212 2026 : Array::isArrMissing isDrvMissing:0
Tue Sep  8 01:36:31.212 2026 : VdDataMfi::getArrayBlockSize SpanArrayRef:1 arrRef:1
Tue Sep  8 01:36:31.212 2026 : Array::getArrBlockSize Entering
Tue Sep  8 01:36:31.212 2026 : Array::isArrMissing Entering
Tue Sep  8 01:36:31.212 2026 : Array::isArrMissing Getting the array pd list
Tue Sep  8 01:36:31.212 2026 : Array::isArrMissing pd list count:2
Tue Sep  8 01:36:31.212 2026 : Array::isArrMissing pd list count:2
Tue Sep  8 01:36:31.212 2026 : PdDataMfi::getMrPdInfo Entering - getAUInfo:0 getAUInquiryBuffers:0
Tue Sep  8 01:36:31.212 2026 : Array::isArrMissing isDrvMissing:0
Tue Sep  8 01:36:31.212 2026 : Array::getArrBlockSize isArrMissing retCode:0 missing:0
Tue Sep  8 01:36:31.212 2026 : Array::getArrBlockSize getPdList retCode:0
Tue Sep  8 01:36:31.212 2026 : Array::getArrBlockSize pd list count:2
Tue Sep  8 01:36:31.212 2026 : PdDataMfi::getMrPdInfo Entering - getAUInfo:1 getAUInquiryBuffers:0
Tue Sep  8 01:36:31.212 2026 : VdDataMfi::getArrayBlockSize - ArrayBlockSize:512
Tue Sep  8 01:36:31.212 2026 : VdDataMfi::getArrayBlockSize Exiting driveBlockSize:512
Tue Sep  8 01:36:31.212 2026 : Array::getSpaceUsageInfo - vdSize:781271040
Tue Sep  8 01:36:31.212 2026 : Array::getSpaceUsageInfo - startBlock:0
Tue Sep  8 01:36:31.212 2026 : Array::getSpaceUsageInfo - prlLevel:1
Tue Sep  8 01:36:31.212 2026 : Array::getSpaceUsageInfo - spanDepth:1
Tue Sep  8 01:36:31.212 2026 : Array::getSpaceUsageInfo - spNoOfBlocks:781271040
Tue Sep  8 01:36:31.212 2026 : Array::getSpaceUsageInfo - numOfPd:2
Tue Sep  8 01:36:31.212 2026 : Array::getSpaceUsageInfo - numOfPd:2 spNoOfBlocks(Before):781271040
Tue Sep  8 01:36:31.212 2026 : Array::getSpaceUsageInfo - spNoOfBlocks:781271040
Tue Sep  8 01:36:31.212 2026 : Array::getSpaceUsageInfo - spNoOfBlocks(Final):781271040
Tue Sep  8 01:36:31.212 2026 : Array::getSpaceUsageInfo - startBlock(Final):781271040
Tue Sep  8 01:36:31.212 2026 : Array::getSpaceUsageInfo - startBlock:781271040
Tue Sep  8 01:36:31.212 2026 : Array::getSpaceUsageInfo - endBlock:781271040
Tue Sep  8 01:36:31.212 2026 : Array::isArrMissing Entering
Tue Sep  8 01:36:31.212 2026 : Array::isArrMissing Getting the array pd list
Tue Sep  8 01:36:31.212 2026 : Array::isArrMissing pd list count:2
Tue Sep  8 01:36:31.212 2026 : Array::isArrMissing pd list count:2
Tue Sep  8 01:36:31.212 2026 : PdDataMfi::getMrPdInfo Entering - getAUInfo:0 getAUInquiryBuffers:0
Tue Sep  8 01:36:31.212 2026 : Array::isArrMissing isDrvMissing:0
Tue Sep  8 01:36:31.212 2026 : PdDataMfi::getMrPdInfo Entering - getAUInfo:0 getAUInquiryBuffers:0
Tue Sep  8 01:36:31.212 2026 : PdDataMfi::PdInfo Entering
Tue Sep  8 01:36:31.212 2026 : PdDataMfi::getMrPdInfo Entering - getAUInfo:1 getAUInquiryBuffers:1
Tue Sep  8 01:36:31.212 2026 : PdDataMfi::getMrPdInfo - Reading drive's AU information - Drive PID:345 getAUInfo:1 getAUInquiryBuffers:1
Tue Sep  8 01:36:31.212 2026 : StoreLIBFacade::getDriveAUInfo Entering - Drive PID:345 getAUInfo:1 getAUInquiryBuffers:1
Tue Sep  8 01:36:31.212 2026 : StoreLIBFacade::getDriveAUInfo DCMD OpCode: 0x2020000
Tue Sep  8 01:36:31.212 2026 : CLI8 : StoreLIBFacade::issueStorelibCmd Entering ctrlId=0

Tue Sep  8 01:36:31.212 2026 : CLI8 : StoreLIBFacade::fireStorelibCommand Entering

Tue Sep  8 01:36:31.213 2026 : CLI8 : StoreLIBFacade::fireStorelibCommand Exiting with retCode:0x0

Tue Sep  8 01:36:31.213 2026 : ResponseHandler::checkSl8Response ENTER
Tue Sep  8 01:36:31.213 2026 : ResponseHandler::clearSl8ResponseData Enter
Tue Sep  8 01:36:31.213 2026 : clear resp data
Tue Sep  8 01:36:31.213 2026 : ResponseHandler::clearSl8ResponseData Exit
Tue Sep  8 01:36:31.213 2026 : ResponseParser::CreateInstance Enter
Tue Sep  8 01:36:31.213 2026 : ResponseParser::CreateInstance Exit
Tue Sep  8 01:36:31.213 2026 : FirmwareFailuresParser::GetErrorStrings Enter SLExtStat=0
Tue Sep  8 01:36:31.213 2026 : FirmwareFailuresParser::IgnoreStatusParser Enter
Tue Sep  8 01:36:31.213 2026 : FirmwareFailuresParser::IgnoreStatusParser Exit
Tue Sep  8 01:36:31.213 2026 : FirmwareFailuresParser::GetErrorStrings Exit
Tue Sep  8 01:36:31.213 2026 : ResponseHandler::checkSl8Response .message string Ignore extended status
Tue Sep  8 01:36:31.213 2026 : ResponseHandler::checkSl8Response EXIT with return code 0x0
Tue Sep  8 01:36:31.213 2026 : ResponseHandler::handleMR8BufferStatus Entering
Tue Sep  8 01:36:31.213 2026 : ResponseHandler::handleMR8BufferStatus dataBufElements:10 cmdType:2 cmd:514
Tue Sep  8 01:36:31.213 2026 : ResponseHandler::handleMR8BufferStatus dataBufElements:10 opCode:0x2020000

Tue Sep  8 01:36:31.213 2026 : ResponseHandler::handleMR8BufferStatus buffer:2 bufStatus:7
Tue Sep  8 01:36:31.213 2026 : ResponseHandler::handleMR8BufferStatus buffer:3 bufStatus:7
Tue Sep  8 01:36:31.213 2026 : ResponseHandler::handleMR8BufferStatus buffer:4 bufStatus:2
Tue Sep  8 01:36:31.213 2026 : ResponseHandler::handleMR8BufferStatus memsettig buffer:4 bufLength:12
Tue Sep  8 01:36:31.213 2026 : ResponseHandler::handleMR8BufferStatus buffer:5 bufStatus:7
Tue Sep  8 01:36:31.213 2026 : ResponseHandler::handleMR8BufferStatus buffer:6 bufStatus:7
Tue Sep  8 01:36:31.213 2026 : ResponseHandler::handleMR8BufferStatus buffer:7 bufStatus:7
Tue Sep  8 01:36:31.213 2026 : ResponseHandler::handleMR8BufferStatus buffer:8 bufStatus:7
Tue Sep  8 01:36:31.213 2026 : ResponseHandler::handleMR8BufferStatus buffer:9 bufStatus:0
Tue Sep  8 01:36:31.213 2026 : ResponseHandler::handleMR8BufferStatus memsettig buffer:9 bufLength:1024
Tue Sep  8 01:36:31.213 2026 : ResponseHandler::handleMR8BufferStatus Exiting
Tue Sep  8 01:36:31.213 2026 : CLI8 : StoreLIBFacade::issueStorelibCmd Exiting with retCode:0 cmdExtStatus =0

Tue Sep  8 01:36:31.213 2026 : StoreLIBFacade::getDriveAUInfo - SL returns cmdExtStatus:0x0, reasonCode:0x0
Tue Sep  8 01:36:31.213 2026 : CLI8 : StoreLIBFacade::issueStorelibCmd Entering ctrlId=0

Tue Sep  8 01:36:31.213 2026 : CLI8 : StoreLIBFacade::fireStorelibCommand Entering

Tue Sep  8 01:36:31.215 2026 : CLI8 : StoreLIBFacade::fireStorelibCommand Exiting with retCode:0x0

Tue Sep  8 01:36:31.215 2026 : ResponseHandler::checkSl8Response ENTER
Tue Sep  8 01:36:31.215 2026 : ResponseHandler::clearSl8ResponseData Enter
Tue Sep  8 01:36:31.215 2026 : clear resp data
Tue Sep  8 01:36:31.215 2026 : ResponseHandler::clearSl8ResponseData Exit
Tue Sep  8 01:36:31.215 2026 : ResponseParser::CreateInstance Enter
Tue Sep  8 01:36:31.215 2026 : ResponseParser::CreateInstance Exit
Tue Sep  8 01:36:31.215 2026 : FirmwareFailuresParser::GetErrorStrings Enter SLExtStat=0
Tue Sep  8 01:36:31.215 2026 : FirmwareFailuresParser::IgnoreStatusParser Enter
Tue Sep  8 01:36:31.215 2026 : FirmwareFailuresParser::IgnoreStatusParser Exit
Tue Sep  8 01:36:31.215 2026 : FirmwareFailuresParser::GetErrorStrings Exit
Tue Sep  8 01:36:31.215 2026 : ResponseHandler::checkSl8Response .message string Ignore extended status
Tue Sep  8 01:36:31.215 2026 : ResponseHandler::checkSl8Response EXIT with return code 0x0
Tue Sep  8 01:36:31.215 2026 : ResponseHandler::handleMR8BufferStatus Entering
Tue Sep  8 01:36:31.215 2026 : ResponseHandler::handleMR8BufferStatus dataBufElements:10 cmdType:2 cmd:514
Tue Sep  8 01:36:31.215 2026 : ResponseHandler::handleMR8BufferStatus dataBufElements:10 opCode:0x2020000
Tue Sep  8 01:36:31.215 2026 : ResponseHandler::handleMR8BufferStatus buffer:2 bufStatus:7
Tue Sep  8 01:36:31.215 2026 : ResponseHandler::handleMR8BufferStatus buffer:3 bufStatus:7
Tue Sep  8 01:36:31.215 2026 : ResponseHandler::handleMR8BufferStatus buffer:4 bufStatus:2
Tue Sep  8 01:36:31.215 2026 : ResponseHandler::handleMR8BufferStatus memsettig buffer:4 bufLength:12
Tue Sep  8 01:36:31.215 2026 : ResponseHandler::handleMR8BufferStatus buffer:5 bufStatus:7
Tue Sep  8 01:36:31.215 2026 : ResponseHandler::handleMR8BufferStatus buffer:6 bufStatus:7
Tue Sep  8 01:36:31.215 2026 : ResponseHandler::handleMR8BufferStatus buffer:7 bufStatus:7
Tue Sep  8 01:36:31.215 2026 : ResponseHandler::handleMR8BufferStatus buffer:8 bufStatus:7
Tue Sep  8 01:36:31.215 2026 : ResponseHandler::handleMR8BufferStatus buffer:9 bufStatus:0
Tue Sep  8 01:36:31.215 2026 : ResponseHandler::handleMR8BufferStatus memsettig buffer:9 bufLength:8
Tue Sep  8 01:36:31.215 2026 : ResponseHandler::handleMR8BufferStatus Exiting
Tue Sep  8 01:36:31.215 2026 : CLI8 : StoreLIBFacade::issueStorelibCmd Exiting with retCode:0 cmdExtStatus =0

Tue Sep  8 01:36:31.215 2026 : StoreLIBFacade::getDriveAUInfo - SL returns cmdExtStatus:0x0, reasonCode:0x0
Tue Sep  8 01:36:31.215 2026 : StoreLIBFacade::getDriveAUInfo Exiting - retCode:0

Tue Sep  8 01:36:31.215 2026 : PdDataMfi::getMrPdInfo - Reading drive's AU information - Drive PID:345 retCode:0
Tue Sep  8 01:36:31.215 2026 : PdDataMfi::getMrPdInfo - AU Count:1
Tue Sep  8 01:36:31.215 2026 : PdDataMfi::computeCoercedSizeFromLun Entering
Tue Sep  8 01:36:31.215 2026 : PdDataMfi::computeCoercedSizeFromLun - AU Count:1
Tue Sep  8 01:36:31.215 2026 : PdDataMf::computteCoercedSizeFromLun - allCoercedSizePopulated:1 minCoercedSize:6250168320
Tue Sep  8 01:36:31.215 2026 : PdDataMfi::getMrPdInfo - coercedSize:6250168320 nonCoercedSize:0 rawSize:6251233968
Tue Sep  8 01:36:31.215 2026 : PdDataMf::getMrPdInfo - PID:345 SCSIInquiry Elements:1 inquiry Elements:1 VPD Elements:1
Tue Sep  8 01:36:31.215 2026 : PdDataMf::getMrPdInfo - Exiting with retCode:0
Tue Sep  8 01:36:31.215 2026 : CtrlDataManager getInstance Entering

Tue Sep  8 01:36:31.215 2026 : CtrlDataManager getSupportedSizeBaseUnits Entering
Tue Sep  8 01:36:31.215 2026 : CtrlDataManager getMrCtrlInfo - Entering

Tue Sep  8 01:36:31.215 2026 : CtrlDataManager getMrCtrlInfo - Returning persisted Static and Dynamic controller info

Tue Sep  8 01:36:31.215 2026 : CtrlDataManager getSupportedSizeBaseUnits Exiting - retCode :0 *baseUnits:0
Tue Sep  8 01:36:31.215 2026 : PdDataMfi::getMrPdInfo Entering - getAUInfo:0 getAUInquiryBuffers:0
Tue Sep  8 01:36:31.215 2026 : PdDataMfi::getMrPdInfo Entering - getAUInfo:0 getAUInquiryBuffers:0
Tue Sep  8 01:36:31.215 2026 : PdDataMfi::getMrPdInfo Entering - getAUInfo:0 getAUInquiryBuffers:0
Tue Sep  8 01:36:31.215 2026 : PdDataMfi::getMrPdInfo Entering - getAUInfo:0 getAUInquiryBuffers:0
Tue Sep  8 01:36:31.215 2026 : PdDataMfi::getMrPdInfo Entering - getAUInfo:0 getAUInquiryBuffers:0
Tue Sep  8 01:36:31.215 2026 : PdDataMfi::getEnclDeviceId Exiting enclPersistentId:356
Tue Sep  8 01:36:31.215 2026 : PdDataMfi::PdInfo pdState : 2
Tue Sep  8 01:36:31.215 2026 : PdDataMfi::getDriveState Entering - driveState:0x2 isSupported:1
Tue Sep  8 01:36:31.215 2026 : PdDataMfi::getDriveState Exiting - DriveState:Conf
Tue Sep  8 01:36:31.215 2026 : PdDataMfi::getMrPdInfo Entering - getAUInfo:1 getAUInquiryBuffers:0
Tue Sep  8 01:36:31.215 2026 : PdDataMfi::getShortLUNStatus Entering
Tue Sep  8 01:36:31.215 2026 : PdDataMfi::getShortLUNStatus - AU Count:1
Tue Sep  8 01:36:31.215 2026 : PdDataMfi::getLUNStatus Entering - lunStatus:9
Tue Sep  8 01:36:31.215 2026 : PdDataMfi::getLUNStatus Exiting - LUN Status:Online
Tue Sep  8 01:36:31.215 2026 : PdDataMfi::getShortLUNStatus lunStatusStr:Online
Tue Sep  8 01:36:31.215 2026 : PdDataMfi::PdInfo - AU Count:1
Tue Sep  8 01:36:31.215 2026 : PdDataMfi::getPdConfigInfo Entering
Tue Sep  8 01:36:31.215 2026 : ConfigDataManager getInstance Entering

Tue Sep  8 01:36:31.215 2026 : PdDataMfi::getMrPdInfo Entering - getAUInfo:0 getAUInquiryBuffers:0
Tue Sep  8 01:36:31.215 2026 : PdDataMfi::getPdConfigInfo dgListPtr->getCount():3
Tue Sep  8 01:36:31.215 2026 : getPdConfigInfo - arrayListPtr->getCount():1
Tue Sep  8 01:36:31.215 2026 : PdDataMf::getPdConfigInfo - DriveCount:4
Tue Sep  8 01:36:31.215 2026 : PdDataMfi::getMrPdInfo Entering - getAUInfo:0 getAUInquiryBuffers:0
Tue Sep  8 01:36:31.215 2026 : PdDataMfi::getMrPdInfo Entering - getAUInfo:0 getAUInquiryBuffers:0
Tue Sep  8 01:36:31.215 2026 : PdDataMfi::getMrPdInfo Entering - getAUInfo:0 getAUInquiryBuffers:0
Tue Sep  8 01:36:31.215 2026 : PdDataMfi::getMrPdInfo Entering - getAUInfo:0 getAUInquiryBuffers:0
Tue Sep  8 01:36:31.215 2026 : getPdConfigInfo - arrayListPtr->getCount():1
Tue Sep  8 01:36:31.215 2026 : PdDataMf::getPdConfigInfo - DriveCount:2
Tue Sep  8 01:36:31.215 2026 : PdDataMfi::getMrPdInfo Entering - getAUInfo:0 getAUInquiryBuffers:0
Tue Sep  8 01:36:31.215 2026 : PdDataMf::getPdConfigInfo - Exiting
Tue Sep  8 01:36:31.215 2026 : PdDataMf::PdInfo - Getting model number - driveInquiryDataLength:4104 scsiInquiryDataLength:82
Tue Sep  8 01:36:31.215 2026 : PdDataMfi::getAtlpathDriveId Entering
Tue Sep  8 01:36:31.215 2026 : PdDataMfi::getMrPdInfo Entering - getAUInfo:0 getAUInquiryBuffers:0
Tue Sep  8 01:36:31.215 2026 : PdDataMfi::altPath Exiting retCode:0 altPath:-
Tue Sep  8 01:36:31.215 2026 : PdDataMfi::getProgress - Entering
Tue Sep  8 01:36:31.215 2026 : PdDataMfi::getMrPdInfo Entering - getAUInfo:0 getAUInquiryBuffers:0
Tue Sep  8 01:36:31.215 2026 : StoreLIBFacade::getDriveProgress Entering - Drive PID:345
Tue Sep  8 01:36:31.215 2026 : StoreLIBFacade::getDriveProgress DCMD OpCode: 0x2060100
Tue Sep  8 01:36:31.215 2026 : CLI8 : StoreLIBFacade::issueStorelibCmd Entering ctrlId=0

Tue Sep  8 01:36:31.215 2026 : CLI8 : StoreLIBFacade::fireStorelibCommand Entering

Tue Sep  8 01:36:31.215 2026 : CLI8 : StoreLIBFacade::fireStorelibCommand Exiting with retCode:0x0

Tue Sep  8 01:36:31.215 2026 : ResponseHandler::checkSl8Response ENTER
Tue Sep  8 01:36:31.215 2026 : ResponseHandler::clearSl8ResponseData Enter
Tue Sep  8 01:36:31.215 2026 : clear resp data
Tue Sep  8 01:36:31.215 2026 : ResponseHandler::clearSl8ResponseData Exit
Tue Sep  8 01:36:31.215 2026 : ResponseParser::CreateInstance Enter
Tue Sep  8 01:36:31.215 2026 : ResponseParser::CreateInstance Exit
Tue Sep  8 01:36:31.215 2026 : FirmwareFailuresParser::GetErrorStrings Enter SLExtStat=0
Tue Sep  8 01:36:31.215 2026 : FirmwareFailuresParser::IgnoreStatusParser Enter
Tue Sep  8 01:36:31.215 2026 : FirmwareFailuresParser::IgnoreStatusParser Exit
Tue Sep  8 01:36:31.215 2026 : FirmwareFailuresParser::GetErrorStrings Exit
Tue Sep  8 01:36:31.215 2026 : ResponseHandler::checkSl8Response .message string Ignore extended status
Tue Sep  8 01:36:31.215 2026 : ResponseHandler::checkSl8Response EXIT with return code 0x0
Tue Sep  8 01:36:31.215 2026 : ResponseHandler::handleMR8BufferStatus Entering
Tue Sep  8 01:36:31.215 2026 : ResponseHandler::handleMR8BufferStatus dataBufElements:3 cmdType:2 cmd:514
Tue Sep  8 01:36:31.215 2026 : ResponseHandler::handleMR8BufferStatus dataBufElements:3 opCode:0x2060100
Tue Sep  8 01:36:31.215 2026 : ResponseHandler::handleMR8BufferStatus buffer:2 bufStatus:7
Tue Sep  8 01:36:31.215 2026 : ResponseHandler::handleMR8BufferStatus Exiting
Tue Sep  8 01:36:31.215 2026 : CLI8 : StoreLIBFacade::issueStorelibCmd Exiting with retCode:0 cmdExtStatus =0

Tue Sep  8 01:36:31.215 2026 : CLI8 : StoreLIBFacade::getDriveProgress Exiting - retCode:0x0
Tue Sep  8 01:36:31.215 2026 : PdDataMfi::getProgress - Exiting retCode:0
Tue Sep  8 01:36:31.215 2026 : DiskGrp::getDgTopology - pdAUProgressCount:0
Tue Sep  8 01:36:31.215 2026 : PdDataMfi::getMrPdInfo Entering - getAUInfo:0 getAUInquiryBuffers:0
Tue Sep  8 01:36:31.215 2026 : PdDataMfi::PdInfo Entering
Tue Sep  8 01:36:31.215 2026 : PdDataMfi::getMrPdInfo Entering - getAUInfo:1 getAUInquiryBuffers:1
Tue Sep  8 01:36:31.215 2026 : PdDataMfi::getMrPdInfo - Reading drive's AU information - Drive PID:346 getAUInfo:1 getAUInquiryBuffers:1
Tue Sep  8 01:36:31.215 2026 : StoreLIBFacade::getDriveAUInfo Entering - Drive PID:346 getAUInfo:1 getAUInquiryBuffers:1
Tue Sep  8 01:36:31.215 2026 : StoreLIBFacade::getDriveAUInfo DCMD OpCode: 0x2020000
Tue Sep  8 01:36:31.215 2026 : CLI8 : StoreLIBFacade::issueStorelibCmd Entering ctrlId=0

Tue Sep  8 01:36:31.215 2026 : CLI8 : StoreLIBFacade::fireStorelibCommand Entering

Tue Sep  8 01:36:31.216 2026 : CLI8 : StoreLIBFacade::fireStorelibCommand Exiting with retCode:0x0

Tue Sep  8 01:36:31.216 2026 : ResponseHandler::checkSl8Response ENTER
Tue Sep  8 01:36:31.216 2026 : ResponseHandler::clearSl8ResponseData Enter
Tue Sep  8 01:36:31.216 2026 : clear resp data
Tue Sep  8 01:36:31.216 2026 : ResponseHandler::clearSl8ResponseData Exit
Tue Sep  8 01:36:31.216 2026 : ResponseParser::CreateInstance Enter
Tue Sep  8 01:36:31.216 2026 : ResponseParser::CreateInstance Exit
Tue Sep  8 01:36:31.216 2026 : FirmwareFailuresParser::GetErrorStrings Enter SLExtStat=0
Tue Sep  8 01:36:31.216 2026 : FirmwareFailuresParser::IgnoreStatusParser Enter
Tue Sep  8 01:36:31.216 2026 : FirmwareFailuresParser::IgnoreStatusParser Exit
Tue Sep  8 01:36:31.216 2026 : FirmwareFailuresParser::GetErrorStrings Exit
Tue Sep  8 01:36:31.216 2026 : ResponseHandler::checkSl8Response .message string Ignore extended status
Tue Sep  8 01:36:31.216 2026 : ResponseHandler::checkSl8Response EXIT with return code 0x0
Tue Sep  8 01:36:31.216 2026 : ResponseHandler::handleMR8BufferStatus Entering
Tue Sep  8 01:36:31.216 2026 : ResponseHandler::handleMR8BufferStatus dataBufElements:10 cmdType:2 cmd:514
Tue Sep  8 01:36:31.216 2026 : ResponseHandler::handleMR8BufferStatus dataBufElements:10 opCode:0x2020000
Tue Sep  8 01:36:31.216 2026 : ResponseHandler::handleMR8BufferStatus buffer:2 bufStatus:7
Tue Sep  8 01:36:31.216 2026 : ResponseHandler::handleMR8BufferStatus buffer:3 bufStatus:7
Tue Sep  8 01:36:31.216 2026 : ResponseHandler::handleMR8BufferStatus buffer:4 bufStatus:2
Tue Sep  8 01:36:31.216 2026 : ResponseHandler::handleMR8BufferStatus memsettig buffer:4 bufLength:12
Tue Sep  8 01:36:31.216 2026 : ResponseHandler::handleMR8BufferStatus buffer:5 bufStatus:7
Tue Sep  8 01:36:31.216 2026 : ResponseHandler::handleMR8BufferStatus buffer:6 bufStatus:7
Tue Sep  8 01:36:31.216 2026 : ResponseHandler::handleMR8BufferStatus buffer:7 bufStatus:7
Tue Sep  8 01:36:31.216 2026 : ResponseHandler::handleMR8BufferStatus buffer:8 bufStatus:7
Tue Sep  8 01:36:31.216 2026 : ResponseHandler::handleMR8BufferStatus buffer:9 bufStatus:0
Tue Sep  8 01:36:31.216 2026 : ResponseHandler::handleMR8BufferStatus memsettig buffer:9 bufLength:1024
Tue Sep  8 01:36:31.216 2026 : ResponseHandler::handleMR8BufferStatus Exiting
Tue Sep  8 01:36:31.216 2026 : CLI8 : StoreLIBFacade::issueStorelibCmd Exiting with retCode:0 cmdExtStatus =0

Tue Sep  8 01:36:31.216 2026 : StoreLIBFacade::getDriveAUInfo - SL returns cmdExtStatus:0x0, reasonCode:0x0
Tue Sep  8 01:36:31.216 2026 : CLI8 : StoreLIBFacade::issueStorelibCmd Entering ctrlId=0

Tue Sep  8 01:36:31.216 2026 : CLI8 : StoreLIBFacade::fireStorelibCommand Entering

Tue Sep  8 01:36:31.217 2026 : CLI8 : StoreLIBFacade::fireStorelibCommand Exiting with retCode:0x0

Tue Sep  8 01:36:31.217 2026 : ResponseHandler::checkSl8Response ENTER
Tue Sep  8 01:36:31.217 2026 : ResponseHandler::clearSl8ResponseData Enter
Tue Sep  8 01:36:31.217 2026 : clear resp data
Tue Sep  8 01:36:31.217 2026 : ResponseHandler::clearSl8ResponseData Exit
Tue Sep  8 01:36:31.217 2026 : ResponseParser::CreateInstance Enter
Tue Sep  8 01:36:31.217 2026 : ResponseParser::CreateInstance Exit
Tue Sep  8 01:36:31.217 2026 : FirmwareFailuresParser::GetErrorStrings Enter SLExtStat=0
Tue Sep  8 01:36:31.217 2026 : FirmwareFailuresParser::IgnoreStatusParser Enter
Tue Sep  8 01:36:31.217 2026 : FirmwareFailuresParser::IgnoreStatusParser Exit
Tue Sep  8 01:36:31.217 2026 : FirmwareFailuresParser::GetErrorStrings Exit
Tue Sep  8 01:36:31.217 2026 : ResponseHandler::checkSl8Response .message string Ignore extended status
Tue Sep  8 01:36:31.217 2026 : ResponseHandler::checkSl8Response EXIT with return code 0x0
Tue Sep  8 01:36:31.217 2026 : ResponseHandler::handleMR8BufferStatus Entering
Tue Sep  8 01:36:31.217 2026 : ResponseHandler::handleMR8BufferStatus dataBufElements:10 cmdType:2 cmd:514
Tue Sep  8 01:36:31.217 2026 : ResponseHandler::handleMR8BufferStatus dataBufElements:10 opCode:0x2020000
Tue Sep  8 01:36:31.217 2026 : ResponseHandler::handleMR8BufferStatus buffer:2 bufStatus:7
Tue Sep  8 01:36:31.217 2026 : ResponseHandler::handleMR8BufferStatus buffer:3 bufStatus:7
Tue Sep  8 01:36:31.217 2026 : ResponseHandler::handleMR8BufferStatus buffer:4 bufStatus:2
Tue Sep  8 01:36:31.217 2026 : ResponseHandler::handleMR8BufferStatus memsettig buffer:4 bufLength:12
Tue Sep  8 01:36:31.217 2026 : ResponseHandler::handleMR8BufferStatus buffer:5 bufStatus:7
Tue Sep  8 01:36:31.217 2026 : ResponseHandler::handleMR8BufferStatus buffer:6 bufStatus:7
Tue Sep  8 01:36:31.217 2026 : ResponseHandler::handleMR8BufferStatus buffer:7 bufStatus:7
Tue Sep  8 01:36:31.217 2026 : ResponseHandler::handleMR8BufferStatus buffer:8 bufStatus:7
Tue Sep  8 01:36:31.217 2026 : ResponseHandler::handleMR8BufferStatus buffer:9 bufStatus:0
Tue Sep  8 01:36:31.217 2026 : ResponseHandler::handleMR8BufferStatus memsettig buffer:9 bufLength:8
Tue Sep  8 01:36:31.217 2026 : ResponseHandler::handleMR8BufferStatus Exiting
Tue Sep  8 01:36:31.217 2026 : CLI8 : StoreLIBFacade::issueStorelibCmd Exiting with retCode:0 cmdExtStatus =0

Tue Sep  8 01:36:31.217 2026 : StoreLIBFacade::getDriveAUInfo - SL returns cmdExtStatus:0x0, reasonCode:0x0
Tue Sep  8 01:36:31.217 2026 : StoreLIBFacade::getDriveAUInfo Exiting - retCode:0

Tue Sep  8 01:36:31.217 2026 : PdDataMfi::getMrPdInfo - Reading drive's AU information - Drive PID:346 retCode:0
Tue Sep  8 01:36:31.217 2026 : PdDataMfi::getMrPdInfo - AU Count:1
Tue Sep  8 01:36:31.217 2026 : PdDataMfi::computeCoercedSizeFromLun Entering
Tue Sep  8 01:36:31.217 2026 : PdDataMfi::computeCoercedSizeFromLun - AU Count:1
Tue Sep  8 01:36:31.217 2026 : PdDataMf::computteCoercedSizeFromLun - allCoercedSizePopulated:1 minCoercedSize:6250168320
Tue Sep  8 01:36:31.217 2026 : PdDataMfi::getMrPdInfo - coercedSize:6250168320 nonCoercedSize:0 rawSize:6251233968
Tue Sep  8 01:36:31.217 2026 : PdDataMf::getMrPdInfo - PID:346 SCSIInquiry Elements:1 inquiry Elements:1 VPD Elements:1
Tue Sep  8 01:36:31.217 2026 : PdDataMf::getMrPdInfo - Exiting with retCode:0
Tue Sep  8 01:36:31.217 2026 : CtrlDataManager getInstance Entering

Tue Sep  8 01:36:31.217 2026 : CtrlDataManager getSupportedSizeBaseUnits Entering
Tue Sep  8 01:36:31.217 2026 : CtrlDataManager getMrCtrlInfo - Entering

Tue Sep  8 01:36:31.217 2026 : CtrlDataManager getMrCtrlInfo - Returning persisted Static and Dynamic controller info

Tue Sep  8 01:36:31.217 2026 : CtrlDataManager getSupportedSizeBaseUnits Exiting - retCode :0 *baseUnits:0
Tue Sep  8 01:36:31.217 2026 : PdDataMfi::getMrPdInfo Entering - getAUInfo:0 getAUInquiryBuffers:0
Tue Sep  8 01:36:31.217 2026 : PdDataMfi::getMrPdInfo Entering - getAUInfo:0 getAUInquiryBuffers:0
Tue Sep  8 01:36:31.217 2026 : PdDataMfi::getMrPdInfo Entering - getAUInfo:0 getAUInquiryBuffers:0
Tue Sep  8 01:36:31.217 2026 : PdDataMfi::getMrPdInfo Entering - getAUInfo:0 getAUInquiryBuffers:0
Tue Sep  8 01:36:31.217 2026 : PdDataMfi::getMrPdInfo Entering - getAUInfo:0 getAUInquiryBuffers:0
Tue Sep  8 01:36:31.217 2026 : PdDataMfi::getEnclDeviceId Exiting enclPersistentId:356
Tue Sep  8 01:36:31.217 2026 : PdDataMfi::PdInfo pdState : 2
Tue Sep  8 01:36:31.217 2026 : PdDataMfi::getDriveState Entering - driveState:0x2 isSupported:1
Tue Sep  8 01:36:31.217 2026 : PdDataMfi::getDriveState Exiting - DriveState:Conf
Tue Sep  8 01:36:31.217 2026 : PdDataMfi::getMrPdInfo Entering - getAUInfo:1 getAUInquiryBuffers:0
Tue Sep  8 01:36:31.217 2026 : PdDataMfi::getShortLUNStatus Entering
Tue Sep  8 01:36:31.217 2026 : PdDataMfi::getShortLUNStatus - AU Count:1
Tue Sep  8 01:36:31.217 2026 : PdDataMfi::getLUNStatus Entering - lunStatus:9
Tue Sep  8 01:36:31.217 2026 : PdDataMfi::getLUNStatus Exiting - LUN Status:Online
Tue Sep  8 01:36:31.217 2026 : PdDataMfi::getShortLUNStatus lunStatusStr:Online
Tue Sep  8 01:36:31.217 2026 : PdDataMfi::PdInfo - AU Count:1
Tue Sep  8 01:36:31.217 2026 : PdDataMfi::getPdConfigInfo Entering
Tue Sep  8 01:36:31.217 2026 : ConfigDataManager getInstance Entering

Tue Sep  8 01:36:31.217 2026 : PdDataMfi::getMrPdInfo Entering - getAUInfo:0 getAUInquiryBuffers:0
Tue Sep  8 01:36:31.217 2026 : PdDataMfi::getPdConfigInfo dgListPtr->getCount():3
Tue Sep  8 01:36:31.217 2026 : getPdConfigInfo - arrayListPtr->getCount():1
Tue Sep  8 01:36:31.217 2026 : PdDataMf::getPdConfigInfo - DriveCount:4
Tue Sep  8 01:36:31.217 2026 : PdDataMfi::getMrPdInfo Entering - getAUInfo:0 getAUInquiryBuffers:0
Tue Sep  8 01:36:31.217 2026 : PdDataMfi::getMrPdInfo Entering - getAUInfo:0 getAUInquiryBuffers:0
Tue Sep  8 01:36:31.217 2026 : PdDataMfi::getMrPdInfo Entering - getAUInfo:0 getAUInquiryBuffers:0
Tue Sep  8 01:36:31.217 2026 : PdDataMfi::getMrPdInfo Entering - getAUInfo:0 getAUInquiryBuffers:0
Tue Sep  8 01:36:31.217 2026 : getPdConfigInfo - arrayListPtr->getCount():1
Tue Sep  8 01:36:31.217 2026 : PdDataMf::getPdConfigInfo - DriveCount:2
Tue Sep  8 01:36:31.217 2026 : PdDataMfi::getMrPdInfo Entering - getAUInfo:0 getAUInquiryBuffers:0
Tue Sep  8 01:36:31.217 2026 : PdDataMfi::getMrPdInfo Entering - getAUInfo:0 getAUInquiryBuffers:0
Tue Sep  8 01:36:31.217 2026 : PdDataMf::getPdConfigInfo - Exiting
Tue Sep  8 01:36:31.217 2026 : PdDataMf::PdInfo - Getting model number - driveInquiryDataLength:4104 scsiInquiryDataLength:82
Tue Sep  8 01:36:31.217 2026 : PdDataMfi::getAtlpathDriveId Entering
Tue Sep  8 01:36:31.217 2026 : PdDataMfi::getMrPdInfo Entering - getAUInfo:0 getAUInquiryBuffers:0
Tue Sep  8 01:36:31.217 2026 : PdDataMfi::altPath Exiting retCode:0 altPath:-
Tue Sep  8 01:36:31.217 2026 : PdDataMfi::getProgress - Entering
Tue Sep  8 01:36:31.217 2026 : PdDataMfi::getMrPdInfo Entering - getAUInfo:0 getAUInquiryBuffers:0
Tue Sep  8 01:36:31.217 2026 : StoreLIBFacade::getDriveProgress Entering - Drive PID:346
Tue Sep  8 01:36:31.217 2026 : StoreLIBFacade::getDriveProgress DCMD OpCode: 0x2060100
Tue Sep  8 01:36:31.217 2026 : CLI8 : StoreLIBFacade::issueStorelibCmd Entering ctrlId=0

Tue Sep  8 01:36:31.217 2026 : CLI8 : StoreLIBFacade::fireStorelibCommand Entering

Tue Sep  8 01:36:31.217 2026 : CLI8 : StoreLIBFacade::fireStorelibCommand Exiting with retCode:0x0

Tue Sep  8 01:36:31.217 2026 : ResponseHandler::checkSl8Response ENTER
Tue Sep  8 01:36:31.217 2026 : ResponseHandler::clearSl8ResponseData Enter
Tue Sep  8 01:36:31.217 2026 : clear resp data
Tue Sep  8 01:36:31.217 2026 : ResponseHandler::clearSl8ResponseData Exit
Tue Sep  8 01:36:31.217 2026 : ResponseParser::CreateInstance Enter
Tue Sep  8 01:36:31.217 2026 : ResponseParser::CreateInstance Exit
Tue Sep  8 01:36:31.217 2026 : FirmwareFailuresParser::GetErrorStrings Enter SLExtStat=0
Tue Sep  8 01:36:31.217 2026 : FirmwareFailuresParser::IgnoreStatusParser Enter
Tue Sep  8 01:36:31.217 2026 : FirmwareFailuresParser::IgnoreStatusParser Exit
Tue Sep  8 01:36:31.217 2026 : FirmwareFailuresParser::GetErrorStrings Exit
Tue Sep  8 01:36:31.217 2026 : ResponseHandler::checkSl8Response .message string Ignore extended status
Tue Sep  8 01:36:31.217 2026 : ResponseHandler::checkSl8Response EXIT with return code 0x0
Tue Sep  8 01:36:31.217 2026 : ResponseHandler::handleMR8BufferStatus Entering
Tue Sep  8 01:36:31.217 2026 : ResponseHandler::handleMR8BufferStatus dataBufElements:3 cmdType:2 cmd:514
Tue Sep  8 01:36:31.217 2026 : ResponseHandler::handleMR8BufferStatus dataBufElements:3 opCode:0x2060100
Tue Sep  8 01:36:31.217 2026 : ResponseHandler::handleMR8BufferStatus buffer:2 bufStatus:7
Tue Sep  8 01:36:31.217 2026 : ResponseHandler::handleMR8BufferStatus Exiting
Tue Sep  8 01:36:31.217 2026 : CLI8 : StoreLIBFacade::issueStorelibCmd Exiting with retCode:0 cmdExtStatus =0

Tue Sep  8 01:36:31.217 2026 : CLI8 : StoreLIBFacade::getDriveProgress Exiting - retCode:0x0
Tue Sep  8 01:36:31.217 2026 : PdDataMfi::getProgress - Exiting retCode:0
Tue Sep  8 01:36:31.217 2026 : DiskGrp::getDgTopology - pdAUProgressCount:0
Tue Sep  8 01:36:31.217 2026 : DiskGrp::getDgTopology Entering isforeign:0
Tue Sep  8 01:36:31.217 2026 : ConfigDataManager getInstance Entering

Tue Sep  8 01:36:31.217 2026 : CtrlDataManager getInstance Entering

Tue Sep  8 01:36:31.217 2026 : CtrlDataManager getSupportedSizeBaseUnits Entering
Tue Sep  8 01:36:31.217 2026 : CtrlDataManager getMrCtrlInfo - Entering

Tue Sep  8 01:36:31.217 2026 : CtrlDataManager getMrCtrlInfo - Returning persisted Static and Dynamic controller info

Tue Sep  8 01:36:31.217 2026 : CtrlDataManager getSupportedSizeBaseUnits Exiting - retCode :0 *baseUnits:0
Tue Sep  8 01:36:31.217 2026 : DiskGrp::getDgTopology baseUnits:0
Tue Sep  8 01:36:31.217 2026 : DiskGrp::getDgTopology getArrayList retCode:0
Tue Sep  8 01:36:31.217 2026 : Array::getArrBlockSize Entering
Tue Sep  8 01:36:31.217 2026 : Array::isArrMissing Entering
Tue Sep  8 01:36:31.217 2026 : Array::isArrMissing Getting the array pd list
Tue Sep  8 01:36:31.217 2026 : Array::isArrMissing pd list count:2
Tue Sep  8 01:36:31.217 2026 : Array::isArrMissing pd list count:2
Tue Sep  8 01:36:31.217 2026 : PdDataMfi::getMrPdInfo Entering - getAUInfo:0 getAUInquiryBuffers:0
Tue Sep  8 01:36:31.217 2026 : Array::isArrMissing isDrvMissing:0
Tue Sep  8 01:36:31.217 2026 : Array::getArrBlockSize isArrMissing retCode:0 missing:0
Tue Sep  8 01:36:31.217 2026 : Array::getArrBlockSize getPdList retCode:0
Tue Sep  8 01:36:31.217 2026 : Array::getArrBlockSize pd list count:2
Tue Sep  8 01:36:31.217 2026 : PdDataMfi::getMrPdInfo Entering - getAUInfo:1 getAUInquiryBuffers:0
Tue Sep  8 01:36:31.217 2026 : PdDataMfi::getMrPdInfo - Reading drive's AU information - Drive PID:347 getAUInfo:1 getAUInquiryBuffers:0
Tue Sep  8 01:36:31.217 2026 : StoreLIBFacade::getDriveAUInfo Entering - Drive PID:347 getAUInfo:1 getAUInquiryBuffers:0
Tue Sep  8 01:36:31.217 2026 : StoreLIBFacade::getDriveAUInfo DCMD OpCode: 0x2020000
Tue Sep  8 01:36:31.217 2026 : CLI8 : StoreLIBFacade::issueStorelibCmd Entering ctrlId=0

Tue Sep  8 01:36:31.217 2026 : CLI8 : StoreLIBFacade::fireStorelibCommand Entering

Tue Sep  8 01:36:31.218 2026 : CLI8 : StoreLIBFacade::fireStorelibCommand Exiting with retCode:0x0

Tue Sep  8 01:36:31.218 2026 : ResponseHandler::checkSl8Response ENTER
Tue Sep  8 01:36:31.218 2026 : ResponseHandler::clearSl8ResponseData Enter
Tue Sep  8 01:36:31.218 2026 : clear resp data
Tue Sep  8 01:36:31.218 2026 : ResponseHandler::clearSl8ResponseData Exit
Tue Sep  8 01:36:31.218 2026 : ResponseParser::CreateInstance Enter
Tue Sep  8 01:36:31.218 2026 : ResponseParser::CreateInstance Exit
Tue Sep  8 01:36:31.218 2026 : FirmwareFailuresParser::GetErrorStrings Enter SLExtStat=0
Tue Sep  8 01:36:31.218 2026 : FirmwareFailuresParser::IgnoreStatusParser Enter
Tue Sep  8 01:36:31.218 2026 : FirmwareFailuresParser::IgnoreStatusParser Exit
Tue Sep  8 01:36:31.218 2026 : FirmwareFailuresParser::GetErrorStrings Exit
Tue Sep  8 01:36:31.218 2026 : ResponseHandler::checkSl8Response .message string Ignore extended status
Tue Sep  8 01:36:31.218 2026 : ResponseHandler::checkSl8Response EXIT with return code 0x0
Tue Sep  8 01:36:31.218 2026 : ResponseHandler::handleMR8BufferStatus Entering
Tue Sep  8 01:36:31.218 2026 : ResponseHandler::handleMR8BufferStatus dataBufElements:10 cmdType:2 cmd:514
Tue Sep  8 01:36:31.218 2026 : ResponseHandler::handleMR8BufferStatus dataBufElements:10 opCode:0x2020000
Tue Sep  8 01:36:31.218 2026 : ResponseHandler::handleMR8BufferStatus buffer:2 bufStatus:7
Tue Sep  8 01:36:31.218 2026 : ResponseHandler::handleMR8BufferStatus buffer:3 bufStatus:7
Tue Sep  8 01:36:31.218 2026 : ResponseHandler::handleMR8BufferStatus buffer:4 bufStatus:2
Tue Sep  8 01:36:31.218 2026 : ResponseHandler::handleMR8BufferStatus memsettig buffer:4 bufLength:0
Tue Sep  8 01:36:31.218 2026 : ResponseHandler::handleMR8BufferStatus buffer:5 bufStatus:2
Tue Sep  8 01:36:31.218 2026 : ResponseHandler::handleMR8BufferStatus memsettig buffer:5 bufLength:0
Tue Sep  8 01:36:31.218 2026 : ResponseHandler::handleMR8BufferStatus buffer:6 bufStatus:2
Tue Sep  8 01:36:31.218 2026 : ResponseHandler::handleMR8BufferStatus memsettig buffer:6 bufLength:0
Tue Sep  8 01:36:31.218 2026 : ResponseHandler::handleMR8BufferStatus buffer:7 bufStatus:2
Tue Sep  8 01:36:31.218 2026 : ResponseHandler::handleMR8BufferStatus memsettig buffer:7 bufLength:0
Tue Sep  8 01:36:31.218 2026 : ResponseHandler::handleMR8BufferStatus buffer:8 bufStatus:7
Tue Sep  8 01:36:31.218 2026 : ResponseHandler::handleMR8BufferStatus buffer:9 bufStatus:0
Tue Sep  8 01:36:31.218 2026 : ResponseHandler::handleMR8BufferStatus memsettig buffer:9 bufLength:1024
Tue Sep  8 01:36:31.218 2026 : ResponseHandler::handleMR8BufferStatus Exiting
Tue Sep  8 01:36:31.218 2026 : CLI8 : StoreLIBFacade::issueStorelibCmd Exiting with retCode:0 cmdExtStatus =0

Tue Sep  8 01:36:31.218 2026 : StoreLIBFacade::getDriveAUInfo - SL returns cmdExtStatus:0x0, reasonCode:0x0
Tue Sep  8 01:36:31.218 2026 : StoreLIBFacade::getDriveAUInfo Exiting - retCode:0

Tue Sep  8 01:36:31.218 2026 : PdDataMfi::getMrPdInfo - Reading drive's AU information - Drive PID:347 retCode:0
Tue Sep  8 01:36:31.218 2026 : PdDataMfi::getMrPdInfo - AU Count:1
Tue Sep  8 01:36:31.218 2026 : PdDataMfi::computeCoercedSizeFromLun Entering
Tue Sep  8 01:36:31.218 2026 : PdDataMfi::computeCoercedSizeFromLun - AU Count:1
Tue Sep  8 01:36:31.218 2026 : PdDataMf::computteCoercedSizeFromLun - allCoercedSizePopulated:1 minCoercedSize:6250168320
Tue Sep  8 01:36:31.218 2026 : PdDataMfi::getMrPdInfo - coercedSize:6250168320 nonCoercedSize:0 rawSize:6251233968
Tue Sep  8 01:36:31.218 2026 : PdDataMf::getMrPdInfo - Exiting with retCode:0
Tue Sep  8 01:36:31.218 2026 : DiskGrp::getDgTopology - ArrayBlockSize:512
Tue Sep  8 01:36:31.218 2026 : CtrlDataManager getInstance Entering

Tue Sep  8 01:36:31.218 2026 : CtrlDataManager getSupportedSizeBaseUnits Entering
Tue Sep  8 01:36:31.218 2026 : CtrlDataManager getMrCtrlInfo - Entering

Tue Sep  8 01:36:31.218 2026 : CtrlDataManager getMrCtrlInfo - Returning persisted Static and Dynamic controller info

Tue Sep  8 01:36:31.218 2026 : CtrlDataManager getSupportedSizeBaseUnits Exiting - retCode :0 *baseUnits:0
Tue Sep  8 01:36:31.218 2026 : ConfigDataManager getInstance Entering

Tue Sep  8 01:36:31.218 2026 : StoreLIBFacadeMR::getMRLdProperties Entering
Tue Sep  8 01:36:31.218 2026 : StoreLIBFacadeMR::getMRLdProperties DCMD OpCode: 0x3030000
Tue Sep  8 01:36:31.218 2026 : CLI8 : StoreLIBFacade::issueStorelibCmd Entering ctrlId=0

Tue Sep  8 01:36:31.218 2026 : CLI8 : StoreLIBFacade::fireStorelibCommand Entering

Tue Sep  8 01:36:31.218 2026 : CLI8 : StoreLIBFacade::fireStorelibCommand Exiting with retCode:0x0

Tue Sep  8 01:36:31.218 2026 : ResponseHandler::checkSl8Response ENTER
Tue Sep  8 01:36:31.218 2026 : ResponseHandler::clearSl8ResponseData Enter
Tue Sep  8 01:36:31.218 2026 : clear resp data
Tue Sep  8 01:36:31.218 2026 : ResponseHandler::clearSl8ResponseData Exit
Tue Sep  8 01:36:31.218 2026 : ResponseParser::CreateInstance Enter
Tue Sep  8 01:36:31.218 2026 : ResponseParser::CreateInstance Exit
Tue Sep  8 01:36:31.218 2026 : FirmwareFailuresParser::GetErrorStrings Enter SLExtStat=0
Tue Sep  8 01:36:31.218 2026 : FirmwareFailuresParser::IgnoreStatusParser Enter
Tue Sep  8 01:36:31.218 2026 : FirmwareFailuresParser::IgnoreStatusParser Exit
Tue Sep  8 01:36:31.218 2026 : FirmwareFailuresParser::GetErrorStrings Exit
Tue Sep  8 01:36:31.218 2026 : ResponseHandler::checkSl8Response .message string Ignore extended status
Tue Sep  8 01:36:31.218 2026 : ResponseHandler::checkSl8Response EXIT with return code 0x0
Tue Sep  8 01:36:31.218 2026 : ResponseHandler::handleMR8BufferStatus Entering
Tue Sep  8 01:36:31.218 2026 : ResponseHandler::handleMR8BufferStatus dataBufElements:5 cmdType:2 cmd:514
Tue Sep  8 01:36:31.218 2026 : ResponseHandler::handleMR8BufferStatus dataBufElements:5 opCode:0x3030000
Tue Sep  8 01:36:31.218 2026 : ResponseHandler::handleMR8BufferStatus buffer:2 bufStatus:7
Tue Sep  8 01:36:31.218 2026 : ResponseHandler::handleMR8BufferStatus buffer:3 bufStatus:7
Tue Sep  8 01:36:31.218 2026 : ResponseHandler::handleMR8BufferStatus buffer:4 bufStatus:7
Tue Sep  8 01:36:31.218 2026 : ResponseHandler::handleMR8BufferStatus Exiting
Tue Sep  8 01:36:31.218 2026 : CLI8 : StoreLIBFacade::issueStorelibCmd Exiting with retCode:0 cmdExtStatus =0

Tue Sep  8 01:36:31.218 2026 : StoreLIBFacadeMR::getMRLdProperties Exiting - retCode:0x0
Tue Sep  8 01:36:31.218 2026 : VdDataMf::getVdInfo - Calling getDgIndex
Tue Sep  8 01:36:31.218 2026 : VdDataMf::getDgIndex Entering
Tue Sep  8 01:36:31.218 2026 : ConfigDataManager getInstance Entering

Tue Sep  8 01:36:31.218 2026 : VdDataMf::getDgIndex dgList count:3
Tue Sep  8 01:36:31.218 2026 : VdDataMf::getDgIndex dgIndex:0
Tue Sep  8 01:36:31.218 2026 : VdDataMf::getDgIndex arrayList count:1
Tue Sep  8 01:36:31.218 2026 : VdDataMf::getDgIndex VD count:1
Tue Sep  8 01:36:31.218 2026 : VdDataMf::getDgIndex targetId:3 vdIdPtr->getTargetId():1
Tue Sep  8 01:36:31.218 2026 : VdDataMf::getDgIndex dgIndex:1
Tue Sep  8 01:36:31.218 2026 : VdDataMf::getDgIndex arrayList count:1
Tue Sep  8 01:36:31.218 2026 : VdDataMf::getDgIndex VD count:1
Tue Sep  8 01:36:31.218 2026 : VdDataMf::getDgIndex targetId:3 vdIdPtr->getTargetId():2
Tue Sep  8 01:36:31.218 2026 : VdDataMf::getDgIndex dgIndex:2
Tue Sep  8 01:36:31.218 2026 : VdDataMf::getDgIndex arrayList count:1
Tue Sep  8 01:36:31.218 2026 : VdDataMf::getDgIndex VD count:1

Tue Sep  8 01:36:31.218 2026 : VdDataMf::getDgIndex targetId:3 vdIdPtr->getTargetId():3
Tue Sep  8 01:36:31.218 2026 : handleUT8CharArray Entering data: maxBytes:16 charType:1
Tue Sep  8 01:36:31.218 2026 : handleUT8CharArray tempStr: length:0
Tue Sep  8 01:36:31.218 2026 : handleUT8CharArray Exiting formattedData:
Tue Sep  8 01:36:31.218 2026 : Array::isArrMissing Entering
Tue Sep  8 01:36:31.218 2026 : Array::isArrMissing Getting the array pd list
Tue Sep  8 01:36:31.218 2026 : Array::isArrMissing pd list count:2
Tue Sep  8 01:36:31.218 2026 : Array::isArrMissing pd list count:2
Tue Sep  8 01:36:31.218 2026 : PdDataMfi::getMrPdInfo Entering - getAUInfo:0 getAUInquiryBuffers:0
Tue Sep  8 01:36:31.218 2026 : Array::isArrMissing isDrvMissing:0
Tue Sep  8 01:36:31.218 2026 : Array::getSize Entering
Tue Sep  8 01:36:31.218 2026 : Array::getSize Entering arrayIndex:2
Tue Sep  8 01:36:31.218 2026 : Array::isArrMissing Entering
Tue Sep  8 01:36:31.218 2026 : Array::isArrMissing Getting the array pd list
Tue Sep  8 01:36:31.218 2026 : Array::isArrMissing pd list count:2
Tue Sep  8 01:36:31.218 2026 : Array::isArrMissing pd list count:2
Tue Sep  8 01:36:31.218 2026 : PdDataMfi::getMrPdInfo Entering - getAUInfo:0 getAUInquiryBuffers:0
Tue Sep  8 01:36:31.218 2026 : Array::isArrMissing isDrvMissing:0
Tue Sep  8 01:36:31.218 2026 : Array::getSize isArrMissing retCode:0 missing:0
Tue Sep  8 01:36:31.218 2026 : Array::getSize Entering
Tue Sep  8 01:36:31.218 2026 : Array::getSize Entering arrayIndex:2
Tue Sep  8 01:36:31.218 2026 : Array::isArrMissing Entering
Tue Sep  8 01:36:31.218 2026 : Array::isArrMissing Getting the array pd list
Tue Sep  8 01:36:31.218 2026 : Array::isArrMissing pd list count:2
Tue Sep  8 01:36:31.218 2026 : Array::isArrMissing pd list count:2
Tue Sep  8 01:36:31.218 2026 : PdDataMfi::getMrPdInfo Entering - getAUInfo:0 getAUInquiryBuffers:0
Tue Sep  8 01:36:31.218 2026 : Array::isArrMissing isDrvMissing:0
Tue Sep  8 01:36:31.218 2026 : Array::getSize isArrMissing retCode:0 missing:0
Tue Sep  8 01:36:31.218 2026 : DiskGroup::getTotalSize lowersize:6250168320
Tue Sep  8 01:36:31.218 2026 : DiskGroup::getTotalSize TotalSize:6250168320
Tue Sep  8 01:36:31.218 2026 : VdDataMfi::getBlockSizeOfVd - Entering
Tue Sep  8 01:36:31.218 2026 : VdDataMfi::getBlockSizeOfVd - Exiting blocksizeOfVd=4096 sizeInBlocks=781271040
Tue Sep  8 01:36:31.218 2026 : VdDataMfi::getProgress - Entering
Tue Sep  8 01:36:31.218 2026 : CLI8 : StoreLIBFacade::getMRLdProgress Entering - ldPersistentID:3

Tue Sep  8 01:36:31.218 2026 : StoreLIBFacade::getMRLdProgress DCMD OpCode: 0x3080100
Tue Sep  8 01:36:31.218 2026 : CLI8 : StoreLIBFacade::issueStorelibCmd Entering ctrlId=0

Tue Sep  8 01:36:31.218 2026 : CLI8 : StoreLIBFacade::fireStorelibCommand Entering

Tue Sep  8 01:36:31.218 2026 : CLI8 : StoreLIBFacade::fireStorelibCommand Exiting with retCode:0x0

Tue Sep  8 01:36:31.218 2026 : ResponseHandler::checkSl8Response ENTER
Tue Sep  8 01:36:31.218 2026 : ResponseHandler::clearSl8ResponseData Enter
Tue Sep  8 01:36:31.218 2026 : clear resp data
Tue Sep  8 01:36:31.218 2026 : ResponseHandler::clearSl8ResponseData Exit
Tue Sep  8 01:36:31.218 2026 : ResponseParser::CreateInstance Enter
Tue Sep  8 01:36:31.218 2026 : ResponseParser::CreateInstance Exit
Tue Sep  8 01:36:31.218 2026 : FirmwareFailuresParser::GetErrorStrings Enter SLExtStat=0
Tue Sep  8 01:36:31.218 2026 : FirmwareFailuresParser::IgnoreStatusParser Enter
Tue Sep  8 01:36:31.218 2026 : FirmwareFailuresParser::IgnoreStatusParser Exit
Tue Sep  8 01:36:31.218 2026 : FirmwareFailuresParser::GetErrorStrings Exit
Tue Sep  8 01:36:31.218 2026 : ResponseHandler::checkSl8Response .message string Ignore extended status
Tue Sep  8 01:36:31.218 2026 : ResponseHandler::checkSl8Response EXIT with return code 0x0
Tue Sep  8 01:36:31.218 2026 : ResponseHandler::handleMR8BufferStatus Entering
Tue Sep  8 01:36:31.218 2026 : ResponseHandler::handleMR8BufferStatus dataBufElements:3 cmdType:2 cmd:514
Tue Sep  8 01:36:31.218 2026 : ResponseHandler::handleMR8BufferStatus dataBufElements:3 opCode:0x3080100
Tue Sep  8 01:36:31.218 2026 : ResponseHandler::handleMR8BufferStatus buffer:2 bufStatus:7
Tue Sep  8 01:36:31.218 2026 : ResponseHandler::handleMR8BufferStatus Exiting
Tue Sep  8 01:36:31.218 2026 : CLI8 : StoreLIBFacade::issueStorelibCmd Exiting with retCode:0 cmdExtStatus =0

Tue Sep  8 01:36:31.218 2026 : CLI8 : StoreLIBFacade::getMRLdProgress Exiting - retCode:0x0

Tue Sep  8 01:36:31.218 2026 : VdDataMfi::getProgress - Exiting with retCode:0
Tue Sep  8 01:36:31.218 2026 : CtrlDataManager getInstance Entering

Tue Sep  8 01:36:31.218 2026 : CtrlDataManager getSupportedSizeBaseUnits Entering
Tue Sep  8 01:36:31.218 2026 : CtrlDataManager getMrCtrlInfo - Entering

Tue Sep  8 01:36:31.218 2026 : CtrlDataManager getMrCtrlInfo - Returning persisted Static and Dynamic controller info

Tue Sep  8 01:36:31.218 2026 : CtrlDataManager getSupportedSizeBaseUnits Exiting - retCode :0 *baseUnits:0
Tue Sep  8 01:36:31.218 2026 : Array::isArrMissing Entering
Tue Sep  8 01:36:31.218 2026 : Array::isArrMissing Getting the array pd list
Tue Sep  8 01:36:31.218 2026 : Array::isArrMissing pd list count:2
Tue Sep  8 01:36:31.218 2026 : Array::isArrMissing pd list count:2
Tue Sep  8 01:36:31.218 2026 : PdDataMfi::getMrPdInfo Entering - getAUInfo:0 getAUInquiryBuffers:0
Tue Sep  8 01:36:31.218 2026 : Array::isArrMissing isDrvMissing:0
Tue Sep  8 01:36:31.218 2026 : Array::getSpaceUsageInfo - Entering
Tue Sep  8 01:36:31.218 2026 : CtrlDataManager getInstance Entering

Tue Sep  8 01:36:31.218 2026 : CtrlDataManager isSRL03Supported Entering

Tue Sep  8 01:36:31.218 2026 : CtrlDataManager getMrCtrlInfo - Entering

Tue Sep  8 01:36:31.218 2026 : CtrlDataManager getMrCtrlInfo - Returning persisted Static and Dynamic controller info

Tue Sep  8 01:36:31.218 2026 : Array::isArrMissing Entering
Tue Sep  8 01:36:31.218 2026 : Array::isArrMissing Getting the array pd list
Tue Sep  8 01:36:31.218 2026 : Array::isArrMissing pd list count:2
Tue Sep  8 01:36:31.218 2026 : Array::isArrMissing pd list count:2
Tue Sep  8 01:36:31.218 2026 : PdDataMfi::getMrPdInfo Entering - getAUInfo:0 getAUInquiryBuffers:0
Tue Sep  8 01:36:31.218 2026 : Array::isArrMissing isDrvMissing:0
Tue Sep  8 01:36:31.218 2026 : Array::getSpaceUsageInfo - tempVdListPtr->getCount():1
Tue Sep  8 01:36:31.218 2026 : Array::getSpaceUsageInfo - SRL:0
Tue Sep  8 01:36:31.218 2026 : Array::getArrBlockSize Entering
Tue Sep  8 01:36:31.218 2026 : Array::isArrMissing Entering
Tue Sep  8 01:36:31.218 2026 : Array::isArrMissing Getting the array pd list
Tue Sep  8 01:36:31.218 2026 : Array::isArrMissing pd list count:2
Tue Sep  8 01:36:31.218 2026 : Array::isArrMissing pd list count:2
Tue Sep  8 01:36:31.218 2026 : PdDataMfi::getMrPdInfo Entering - getAUInfo:0 getAUInquiryBuffers:0
Tue Sep  8 01:36:31.218 2026 : Array::isArrMissing isDrvMissing:0
Tue Sep  8 01:36:31.218 2026 : Array::getArrBlockSize isArrMissing retCode:0 missing:0
Tue Sep  8 01:36:31.218 2026 : Array::getArrBlockSize getPdList retCode:0
Tue Sep  8 01:36:31.218 2026 : Array::getArrBlockSize pd list count:2
Tue Sep  8 01:36:31.218 2026 : PdDataMfi::getMrPdInfo Entering - getAUInfo:1 getAUInquiryBuffers:0
Tue Sep  8 01:36:31.218 2026 : Array::getSize Entering
Tue Sep  8 01:36:31.218 2026 : Array::getSize Entering arrayIndex:2
Tue Sep  8 01:36:31.218 2026 : Array::isArrMissing Entering
Tue Sep  8 01:36:31.218 2026 : Array::isArrMissing Getting the array pd list
Tue Sep  8 01:36:31.218 2026 : Array::isArrMissing pd list count:2
Tue Sep  8 01:36:31.218 2026 : Array::isArrMissing pd list count:2
Tue Sep  8 01:36:31.218 2026 : PdDataMfi::getMrPdInfo Entering - getAUInfo:0 getAUInquiryBuffers:0
Tue Sep  8 01:36:31.218 2026 : Array::isArrMissing isDrvMissing:0
Tue Sep  8 01:36:31.218 2026 : Array::getSize isArrMissing retCode:0 missing:0
Tue Sep  8 01:36:31.218 2026 : Array::getSpaceUsageInfo - Array BlockSize:512
Tue Sep  8 01:36:31.218 2026 : Array::getSpaceUsageInfo - endBlock:781271040
Tue Sep  8 01:36:31.218 2026 : Array::getSpaceUsageInfo - vdStartBlock:0
Tue Sep  8 01:36:31.218 2026 : VdDataMfi::getArrayBlockSize Entering
Tue Sep  8 01:36:31.218 2026 : ConfigDataManager getInstance Entering

Tue Sep  8 01:36:31.218 2026 : VdDataMfi::getArrayBlockSize Getting ArrayList
Tue Sep  8 01:36:31.218 2026 : VdDataMfi::getArrayBlockSize Got ArrayList
Tue Sep  8 01:36:31.218 2026 : VdDataMfi::getArrayBlockSize LDPid:3 SpanCount:3
Tue Sep  8 01:36:31.218 2026 : VdDataMfi::getArrayBlockSize LDPid:3 arrayRef:2
Tue Sep  8 01:36:31.218 2026 : Array::isArrMissing Entering
Tue Sep  8 01:36:31.218 2026 : Array::isArrMissing Getting the array pd list
Tue Sep  8 01:36:31.218 2026 : Array::isArrMissing pd list count:4
Tue Sep  8 01:36:31.218 2026 : Array::isArrMissing pd list count:4
Tue Sep  8 01:36:31.218 2026 : PdDataMfi::getMrPdInfo Entering - getAUInfo:0 getAUInquiryBuffers:0
Tue Sep  8 01:36:31.218 2026 : Array::isArrMissing isDrvMissing:0
Tue Sep  8 01:36:31.218 2026 : Array::isArrMissing Entering
Tue Sep  8 01:36:31.218 2026 : Array::isArrMissing Getting the array pd list
Tue Sep  8 01:36:31.218 2026 : Array::isArrMissing pd list count:4
Tue Sep  8 01:36:31.218 2026 : Array::isArrMissing pd list count:4
Tue Sep  8 01:36:31.218 2026 : PdDataMfi::getMrPdInfo Entering - getAUInfo:0 getAUInquiryBuffers:0
Tue Sep  8 01:36:31.218 2026 : Array::isArrMissing isDrvMissing:0
Tue Sep  8 01:36:31.218 2026 : VdDataMfi::getArrayBlockSize SpanArrayRef:2 arrRef:0
Tue Sep  8 01:36:31.218 2026 : Array::isArrMissing Entering
Tue Sep  8 01:36:31.218 2026 : Array::isArrMissing Getting the array pd list
Tue Sep  8 01:36:31.218 2026 : Array::isArrMissing pd list count:2
Tue Sep  8 01:36:31.218 2026 : Array::isArrMissing pd list count:2
Tue Sep  8 01:36:31.218 2026 : PdDataMfi::getMrPdInfo Entering - getAUInfo:0 getAUInquiryBuffers:0
Tue Sep  8 01:36:31.218 2026 : Array::isArrMissing isDrvMissing:0
Tue Sep  8 01:36:31.218 2026 : Array::isArrMissing Entering
Tue Sep  8 01:36:31.218 2026 : Array::isArrMissing Getting the array pd list
Tue Sep  8 01:36:31.218 2026 : Array::isArrMissing pd list count:2
Tue Sep  8 01:36:31.218 2026 : Array::isArrMissing pd list count:2
Tue Sep  8 01:36:31.218 2026 : PdDataMfi::getMrPdInfo Entering - getAUInfo:0 getAUInquiryBuffers:0
Tue Sep  8 01:36:31.218 2026 : Array::isArrMissing isDrvMissing:0
Tue Sep  8 01:36:31.218 2026 : VdDataMfi::getArrayBlockSize SpanArrayRef:2 arrRef:1
Tue Sep  8 01:36:31.218 2026 : Array::isArrMissing Entering
Tue Sep  8 01:36:31.218 2026 : Array::isArrMissing Getting the array pd list
Tue Sep  8 01:36:31.218 2026 : Array::isArrMissing pd list count:2
Tue Sep  8 01:36:31.218 2026 : Array::isArrMissing pd list count:2
Tue Sep  8 01:36:31.218 2026 : PdDataMfi::getMrPdInfo Entering - getAUInfo:0 getAUInquiryBuffers:0
Tue Sep  8 01:36:31.218 2026 : Array::isArrMissing isDrvMissing:0
Tue Sep  8 01:36:31.218 2026 : Array::isArrMissing Entering
Tue Sep  8 01:36:31.218 2026 : Array::isArrMissing Getting the array pd list
Tue Sep  8 01:36:31.218 2026 : Array::isArrMissing pd list count:2
Tue Sep  8 01:36:31.218 2026 : Array::isArrMissing pd list count:2
Tue Sep  8 01:36:31.218 2026 : PdDataMfi::getMrPdInfo Entering - getAUInfo:0 getAUInquiryBuffers:0
Tue Sep  8 01:36:31.218 2026 : Array::isArrMissing isDrvMissing:0
Tue Sep  8 01:36:31.218 2026 : VdDataMfi::getArrayBlockSize SpanArrayRef:2 arrRef:2
Tue Sep  8 01:36:31.218 2026 : Array::getArrBlockSize Entering
Tue Sep  8 01:36:31.218 2026 : Array::isArrMissing Entering
Tue Sep  8 01:36:31.218 2026 : Array::isArrMissing Getting the array pd list
Tue Sep  8 01:36:31.218 2026 : Array::isArrMissing pd list count:2
Tue Sep  8 01:36:31.218 2026 : Array::isArrMissing pd list count:2
Tue Sep  8 01:36:31.218 2026 : PdDataMfi::getMrPdInfo Entering - getAUInfo:0 getAUInquiryBuffers:0
Tue Sep  8 01:36:31.218 2026 : Array::isArrMissing isDrvMissing:0
Tue Sep  8 01:36:31.218 2026 : Array::getArrBlockSize isArrMissing retCode:0 missing:0
Tue Sep  8 01:36:31.218 2026 : Array::getArrBlockSize getPdList retCode:0
Tue Sep  8 01:36:31.218 2026 : Array::getArrBlockSize pd list count:2
Tue Sep  8 01:36:31.218 2026 : PdDataMfi::getMrPdInfo Entering - getAUInfo:1 getAUInquiryBuffers:0
Tue Sep  8 01:36:31.218 2026 : VdDataMfi::getArrayBlockSize - ArrayBlockSize:512
Tue Sep  8 01:36:31.218 2026 : VdDataMfi::getArrayBlockSize Exiting driveBlockSize:512
Tue Sep  8 01:36:31.218 2026 : Array::getSpaceUsageInfo - vdSize:781271040
Tue Sep  8 01:36:31.218 2026 : Array::getSpaceUsageInfo - startBlock:0
Tue Sep  8 01:36:31.218 2026 : Array::getSpaceUsageInfo - prlLevel:1
Tue Sep  8 01:36:31.218 2026 : Array::getSpaceUsageInfo - spanDepth:1
Tue Sep  8 01:36:31.218 2026 : Array::getSpaceUsageInfo - spNoOfBlocks:781271040
Tue Sep  8 01:36:31.218 2026 : Array::getSpaceUsageInfo - numOfPd:2
Tue Sep  8 01:36:31.218 2026 : Array::getSpaceUsageInfo - numOfPd:2 spNoOfBlocks(Before):781271040
Tue Sep  8 01:36:31.218 2026 : Array::getSpaceUsageInfo - spNoOfBlocks:781271040
Tue Sep  8 01:36:31.218 2026 : Array::getSpaceUsageInfo - spNoOfBlocks(Final):781271040
Tue Sep  8 01:36:31.218 2026 : Array::getSpaceUsageInfo - startBlock(Final):781271040
Tue Sep  8 01:36:31.218 2026 : Array::getSpaceUsageInfo - startBlock:781271040
Tue Sep  8 01:36:31.218 2026 : Array::getSpaceUsageInfo - endBlock:781271040
Tue Sep  8 01:36:31.218 2026 : Array::getSize Entering
Tue Sep  8 01:36:31.219 2026 : Array::getSize Entering arrayIndex:2
Tue Sep  8 01:36:31.219 2026 : Array::isArrMissing Entering
Tue Sep  8 01:36:31.219 2026 : Array::isArrMissing Getting the array pd list
Tue Sep  8 01:36:31.219 2026 : Array::isArrMissing pd list count:2
Tue Sep  8 01:36:31.219 2026 : Array::isArrMissing pd list count:2
Tue Sep  8 01:36:31.219 2026 : PdDataMfi::getMrPdInfo Entering - getAUInfo:0 getAUInquiryBuffers:0
Tue Sep  8 01:36:31.219 2026 : Array::isArrMissing isDrvMissing:0
Tue Sep  8 01:36:31.219 2026 : Array::getSize isArrMissing retCode:0 missing:0
Tue Sep  8 01:36:31.219 2026 : Array::getSize Entering
Tue Sep  8 01:36:31.219 2026 : Array::getSize Entering arrayIndex:2
Tue Sep  8 01:36:31.219 2026 : Array::isArrMissing Entering
Tue Sep  8 01:36:31.219 2026 : Array::isArrMissing Getting the array pd list
Tue Sep  8 01:36:31.219 2026 : Array::isArrMissing pd list count:2
Tue Sep  8 01:36:31.219 2026 : Array::isArrMissing pd list count:2
Tue Sep  8 01:36:31.219 2026 : PdDataMfi::getMrPdInfo Entering - getAUInfo:0 getAUInquiryBuffers:0
Tue Sep  8 01:36:31.219 2026 : Array::isArrMissing isDrvMissing:0
Tue Sep  8 01:36:31.219 2026 : Array::getSize isArrMissing retCode:0 missing:0
Tue Sep  8 01:36:31.219 2026 : CtrlDataManager getInstance Entering

Tue Sep  8 01:36:31.219 2026 : CtrlDataManager getSupportedSizeBaseUnits Entering
Tue Sep  8 01:36:31.219 2026 : CtrlDataManager getMrCtrlInfo - Entering

Tue Sep  8 01:36:31.219 2026 : CtrlDataManager getMrCtrlInfo - Returning persisted Static and Dynamic controller info

Tue Sep  8 01:36:31.219 2026 : CtrlDataManager getSupportedSizeBaseUnits Exiting - retCode :0 *baseUnits:0
Tue Sep  8 01:36:31.219 2026 : Array::isArrMissing Entering
Tue Sep  8 01:36:31.219 2026 : Array::isArrMissing Getting the array pd list
Tue Sep  8 01:36:31.219 2026 : Array::isArrMissing pd list count:2
Tue Sep  8 01:36:31.219 2026 : Array::isArrMissing pd list count:2
Tue Sep  8 01:36:31.219 2026 : PdDataMfi::getMrPdInfo Entering - getAUInfo:0 getAUInquiryBuffers:0
Tue Sep  8 01:36:31.219 2026 : Array::isArrMissing isDrvMissing:0
Tue Sep  8 01:36:31.219 2026 : Array::getSpaceUsageInfo - Entering
Tue Sep  8 01:36:31.219 2026 : CtrlDataManager getInstance Entering

Tue Sep  8 01:36:31.219 2026 : CtrlDataManager isSRL03Supported Entering

Tue Sep  8 01:36:31.219 2026 : CtrlDataManager getMrCtrlInfo - Entering

Tue Sep  8 01:36:31.219 2026 : CtrlDataManager getMrCtrlInfo - Returning persisted Static and Dynamic controller info

Tue Sep  8 01:36:31.219 2026 : Array::isArrMissing Entering
Tue Sep  8 01:36:31.219 2026 : Array::isArrMissing Getting the array pd list
Tue Sep  8 01:36:31.219 2026 : Array::isArrMissing pd list count:2
Tue Sep  8 01:36:31.219 2026 : Array::isArrMissing pd list count:2
Tue Sep  8 01:36:31.219 2026 : PdDataMfi::getMrPdInfo Entering - getAUInfo:0 getAUInquiryBuffers:0
Tue Sep  8 01:36:31.219 2026 : Array::isArrMissing isDrvMissing:0
Tue Sep  8 01:36:31.219 2026 : Array::getSpaceUsageInfo - tempVdListPtr->getCount():1
Tue Sep  8 01:36:31.219 2026 : Array::getSpaceUsageInfo - SRL:0
Tue Sep  8 01:36:31.219 2026 : Array::getArrBlockSize Entering
Tue Sep  8 01:36:31.219 2026 : Array::isArrMissing Entering
Tue Sep  8 01:36:31.219 2026 : Array::isArrMissing Getting the array pd list
Tue Sep  8 01:36:31.219 2026 : Array::isArrMissing pd list count:2
Tue Sep  8 01:36:31.219 2026 : Array::isArrMissing pd list count:2
Tue Sep  8 01:36:31.219 2026 : PdDataMfi::getMrPdInfo Entering - getAUInfo:0 getAUInquiryBuffers:0
Tue Sep  8 01:36:31.219 2026 : Array::isArrMissing isDrvMissing:0
Tue Sep  8 01:36:31.219 2026 : Array::getArrBlockSize isArrMissing retCode:0 missing:0
Tue Sep  8 01:36:31.219 2026 : Array::getArrBlockSize getPdList retCode:0
Tue Sep  8 01:36:31.219 2026 : Array::getArrBlockSize pd list count:2
Tue Sep  8 01:36:31.219 2026 : PdDataMfi::getMrPdInfo Entering - getAUInfo:1 getAUInquiryBuffers:0
Tue Sep  8 01:36:31.219 2026 : Array::getSize Entering
Tue Sep  8 01:36:31.219 2026 : Array::getSize Entering arrayIndex:2
Tue Sep  8 01:36:31.219 2026 : Array::isArrMissing Entering
Tue Sep  8 01:36:31.219 2026 : Array::isArrMissing Getting the array pd list
Tue Sep  8 01:36:31.219 2026 : Array::isArrMissing pd list count:2
Tue Sep  8 01:36:31.219 2026 : Array::isArrMissing pd list count:2
Tue Sep  8 01:36:31.219 2026 : PdDataMfi::getMrPdInfo Entering - getAUInfo:0 getAUInquiryBuffers:0
Tue Sep  8 01:36:31.219 2026 : Array::isArrMissing isDrvMissing:0
Tue Sep  8 01:36:31.219 2026 : Array::getSize isArrMissing retCode:0 missing:0
Tue Sep  8 01:36:31.219 2026 : Array::getSpaceUsageInfo - Array BlockSize:512
Tue Sep  8 01:36:31.219 2026 : Array::getSpaceUsageInfo - endBlock:781271040
Tue Sep  8 01:36:31.219 2026 : Array::getSpaceUsageInfo - vdStartBlock:0
Tue Sep  8 01:36:31.219 2026 : VdDataMfi::getArrayBlockSize Entering
Tue Sep  8 01:36:31.219 2026 : ConfigDataManager getInstance Entering

Tue Sep  8 01:36:31.219 2026 : VdDataMfi::getArrayBlockSize Getting ArrayList
Tue Sep  8 01:36:31.219 2026 : VdDataMfi::getArrayBlockSize Got ArrayList
Tue Sep  8 01:36:31.219 2026 : VdDataMfi::getArrayBlockSize LDPid:3 SpanCount:3
Tue Sep  8 01:36:31.219 2026 : VdDataMfi::getArrayBlockSize LDPid:3 arrayRef:2
Tue Sep  8 01:36:31.219 2026 : Array::isArrMissing Entering
Tue Sep  8 01:36:31.219 2026 : Array::isArrMissing Getting the array pd list
Tue Sep  8 01:36:31.219 2026 : Array::isArrMissing pd list count:4
Tue Sep  8 01:36:31.219 2026 : Array::isArrMissing pd list count:4
Tue Sep  8 01:36:31.219 2026 : PdDataMfi::getMrPdInfo Entering - getAUInfo:0 getAUInquiryBuffers:0
Tue Sep  8 01:36:31.219 2026 : Array::isArrMissing isDrvMissing:0
Tue Sep  8 01:36:31.219 2026 : Array::isArrMissing Entering
Tue Sep  8 01:36:31.219 2026 : Array::isArrMissing Getting the array pd list
Tue Sep  8 01:36:31.219 2026 : Array::isArrMissing pd list count:4
Tue Sep  8 01:36:31.219 2026 : Array::isArrMissing pd list count:4
Tue Sep  8 01:36:31.219 2026 : PdDataMfi::getMrPdInfo Entering - getAUInfo:0 getAUInquiryBuffers:0
Tue Sep  8 01:36:31.219 2026 : Array::isArrMissing isDrvMissing:0
Tue Sep  8 01:36:31.219 2026 : VdDataMfi::getArrayBlockSize SpanArrayRef:2 arrRef:0
Tue Sep  8 01:36:31.219 2026 : Array::isArrMissing Entering
Tue Sep  8 01:36:31.219 2026 : Array::isArrMissing Getting the array pd list
Tue Sep  8 01:36:31.219 2026 : Array::isArrMissing pd list count:2
Tue Sep  8 01:36:31.219 2026 : Array::isArrMissing pd list count:2
Tue Sep  8 01:36:31.219 2026 : PdDataMfi::getMrPdInfo Entering - getAUInfo:0 getAUInquiryBuffers:0
Tue Sep  8 01:36:31.219 2026 : Array::isArrMissing isDrvMissing:0
Tue Sep  8 01:36:31.219 2026 : Array::isArrMissing Entering
Tue Sep  8 01:36:31.219 2026 : Array::isArrMissing Getting the array pd list
Tue Sep  8 01:36:31.219 2026 : Array::isArrMissing pd list count:2
Tue Sep  8 01:36:31.219 2026 : Array::isArrMissing pd list count:2
Tue Sep  8 01:36:31.219 2026 : PdDataMfi::getMrPdInfo Entering - getAUInfo:0 getAUInquiryBuffers:0
Tue Sep  8 01:36:31.219 2026 : Array::isArrMissing isDrvMissing:0
Tue Sep  8 01:36:31.219 2026 : VdDataMfi::getArrayBlockSize SpanArrayRef:2 arrRef:1
Tue Sep  8 01:36:31.219 2026 : Array::isArrMissing Entering
Tue Sep  8 01:36:31.219 2026 : Array::isArrMissing Getting the array pd list
Tue Sep  8 01:36:31.219 2026 : Array::isArrMissing pd list count:2
Tue Sep  8 01:36:31.219 2026 : Array::isArrMissing pd list count:2
Tue Sep  8 01:36:31.219 2026 : PdDataMfi::getMrPdInfo Entering - getAUInfo:0 getAUInquiryBuffers:0
Tue Sep  8 01:36:31.219 2026 : Array::isArrMissing isDrvMissing:0
Tue Sep  8 01:36:31.219 2026 : Array::isArrMissing Entering
Tue Sep  8 01:36:31.219 2026 : Array::isArrMissing Getting the array pd list
Tue Sep  8 01:36:31.219 2026 : Array::isArrMissing pd list count:2
Tue Sep  8 01:36:31.219 2026 : Array::isArrMissing pd list count:2
Tue Sep  8 01:36:31.219 2026 : PdDataMfi::getMrPdInfo Entering - getAUInfo:0 getAUInquiryBuffers:0
Tue Sep  8 01:36:31.219 2026 : Array::isArrMissing isDrvMissing:0
Tue Sep  8 01:36:31.219 2026 : VdDataMfi::getArrayBlockSize SpanArrayRef:2 arrRef:2
Tue Sep  8 01:36:31.219 2026 : Array::getArrBlockSize Entering
Tue Sep  8 01:36:31.219 2026 : Array::isArrMissing Entering
Tue Sep  8 01:36:31.219 2026 : Array::isArrMissing Getting the array pd list
Tue Sep  8 01:36:31.219 2026 : Array::isArrMissing pd list count:2
Tue Sep  8 01:36:31.219 2026 : Array::isArrMissing pd list count:2
Tue Sep  8 01:36:31.219 2026 : PdDataMfi::getMrPdInfo Entering - getAUInfo:0 getAUInquiryBuffers:0
Tue Sep  8 01:36:31.219 2026 : Array::isArrMissing isDrvMissing:0
Tue Sep  8 01:36:31.219 2026 : Array::getArrBlockSize isArrMissing retCode:0 missing:0
Tue Sep  8 01:36:31.219 2026 : Array::getArrBlockSize getPdList retCode:0
Tue Sep  8 01:36:31.219 2026 : Array::getArrBlockSize pd list count:2
Tue Sep  8 01:36:31.219 2026 : PdDataMfi::getMrPdInfo Entering - getAUInfo:1 getAUInquiryBuffers:0
Tue Sep  8 01:36:31.219 2026 : VdDataMfi::getArrayBlockSize - ArrayBlockSize:512
Tue Sep  8 01:36:31.219 2026 : VdDataMfi::getArrayBlockSize Exiting driveBlockSize:512
Tue Sep  8 01:36:31.219 2026 : Array::getSpaceUsageInfo - vdSize:781271040
Tue Sep  8 01:36:31.219 2026 : Array::getSpaceUsageInfo - startBlock:0
Tue Sep  8 01:36:31.219 2026 : Array::getSpaceUsageInfo - prlLevel:1
Tue Sep  8 01:36:31.219 2026 : Array::getSpaceUsageInfo - spanDepth:1
Tue Sep  8 01:36:31.219 2026 : Array::getSpaceUsageInfo - spNoOfBlocks:781271040
Tue Sep  8 01:36:31.219 2026 : Array::getSpaceUsageInfo - numOfPd:2
Tue Sep  8 01:36:31.219 2026 : Array::getSpaceUsageInfo - numOfPd:2 spNoOfBlocks(Before):781271040
Tue Sep  8 01:36:31.219 2026 : Array::getSpaceUsageInfo - spNoOfBlocks:781271040
Tue Sep  8 01:36:31.219 2026 : Array::getSpaceUsageInfo - spNoOfBlocks(Final):781271040
Tue Sep  8 01:36:31.219 2026 : Array::getSpaceUsageInfo - startBlock(Final):781271040
Tue Sep  8 01:36:31.219 2026 : Array::getSpaceUsageInfo - startBlock:781271040
Tue Sep  8 01:36:31.219 2026 : Array::getSpaceUsageInfo - endBlock:781271040
Tue Sep  8 01:36:31.219 2026 : Array::isArrMissing Entering
Tue Sep  8 01:36:31.219 2026 : Array::isArrMissing Getting the array pd list
Tue Sep  8 01:36:31.219 2026 : Array::isArrMissing pd list count:2
Tue Sep  8 01:36:31.219 2026 : Array::isArrMissing pd list count:2
Tue Sep  8 01:36:31.219 2026 : PdDataMfi::getMrPdInfo Entering - getAUInfo:0 getAUInquiryBuffers:0
Tue Sep  8 01:36:31.219 2026 : Array::isArrMissing isDrvMissing:0
Tue Sep  8 01:36:31.219 2026 : PdDataMfi::getMrPdInfo Entering - getAUInfo:0 getAUInquiryBuffers:0
Tue Sep  8 01:36:31.219 2026 : PdDataMfi::PdInfo Entering
Tue Sep  8 01:36:31.219 2026 : PdDataMfi::getMrPdInfo Entering - getAUInfo:1 getAUInquiryBuffers:1
Tue Sep  8 01:36:31.219 2026 : PdDataMfi::getMrPdInfo - Reading drive's AU information - Drive PID:347 getAUInfo:1 getAUInquiryBuffers:1
Tue Sep  8 01:36:31.219 2026 : StoreLIBFacade::getDriveAUInfo Entering - Drive PID:347 getAUInfo:1 getAUInquiryBuffers:1
Tue Sep  8 01:36:31.219 2026 : StoreLIBFacade::getDriveAUInfo DCMD OpCode: 0x2020000
Tue Sep  8 01:36:31.219 2026 : CLI8 : StoreLIBFacade::issueStorelibCmd Entering ctrlId=0

Tue Sep  8 01:36:31.219 2026 : CLI8 : StoreLIBFacade::fireStorelibCommand Entering

Tue Sep  8 01:36:31.220 2026 : CLI8 : StoreLIBFacade::fireStorelibCommand Exiting with retCode:0x0

Tue Sep  8 01:36:31.220 2026 : ResponseHandler::checkSl8Response ENTER
Tue Sep  8 01:36:31.220 2026 : ResponseHandler::clearSl8ResponseData Enter
Tue Sep  8 01:36:31.220 2026 : clear resp data
Tue Sep  8 01:36:31.220 2026 : ResponseHandler::clearSl8ResponseData Exit
Tue Sep  8 01:36:31.220 2026 : ResponseParser::CreateInstance Enter
Tue Sep  8 01:36:31.220 2026 : ResponseParser::CreateInstance Exit
Tue Sep  8 01:36:31.220 2026 : FirmwareFailuresParser::GetErrorStrings Enter SLExtStat=0
Tue Sep  8 01:36:31.220 2026 : FirmwareFailuresParser::IgnoreStatusParser Enter
Tue Sep  8 01:36:31.220 2026 : FirmwareFailuresParser::IgnoreStatusParser Exit
Tue Sep  8 01:36:31.220 2026 : FirmwareFailuresParser::GetErrorStrings Exit
Tue Sep  8 01:36:31.220 2026 : ResponseHandler::checkSl8Response .message string Ignore extended status
Tue Sep  8 01:36:31.220 2026 : ResponseHandler::checkSl8Response EXIT with return code 0x0
Tue Sep  8 01:36:31.220 2026 : ResponseHandler::handleMR8BufferStatus Entering
Tue Sep  8 01:36:31.220 2026 : ResponseHandler::handleMR8BufferStatus dataBufElements:10 cmdType:2 cmd:514
Tue Sep  8 01:36:31.220 2026 : ResponseHandler::handleMR8BufferStatus dataBufElements:10 opCode:0x2020000
Tue Sep  8 01:36:31.220 2026 : ResponseHandler::handleMR8BufferStatus buffer:2 bufStatus:7
Tue Sep  8 01:36:31.220 2026 : ResponseHandler::handleMR8BufferStatus buffer:3 bufStatus:7
Tue Sep  8 01:36:31.220 2026 : ResponseHandler::handleMR8BufferStatus buffer:4 bufStatus:2
Tue Sep  8 01:36:31.220 2026 : ResponseHandler::handleMR8BufferStatus memsettig buffer:4 bufLength:12
Tue Sep  8 01:36:31.220 2026 : ResponseHandler::handleMR8BufferStatus buffer:5 bufStatus:7
Tue Sep  8 01:36:31.220 2026 : ResponseHandler::handleMR8BufferStatus buffer:6 bufStatus:7
Tue Sep  8 01:36:31.220 2026 : ResponseHandler::handleMR8BufferStatus buffer:7 bufStatus:7
Tue Sep  8 01:36:31.220 2026 : ResponseHandler::handleMR8BufferStatus buffer:8 bufStatus:7
Tue Sep  8 01:36:31.220 2026 : ResponseHandler::handleMR8BufferStatus buffer:9 bufStatus:0
Tue Sep  8 01:36:31.220 2026 : ResponseHandler::handleMR8BufferStatus memsettig buffer:9 bufLength:1024
Tue Sep  8 01:36:31.220 2026 : ResponseHandler::handleMR8BufferStatus Exiting
Tue Sep  8 01:36:31.220 2026 : CLI8 : StoreLIBFacade::issueStorelibCmd Exiting with retCode:0 cmdExtStatus =0

Tue Sep  8 01:36:31.220 2026 : StoreLIBFacade::getDriveAUInfo - SL returns cmdExtStatus:0x0, reasonCode:0x0
Tue Sep  8 01:36:31.220 2026 : CLI8 : StoreLIBFacade::issueStorelibCmd Entering ctrlId=0

Tue Sep  8 01:36:31.220 2026 : CLI8 : StoreLIBFacade::fireStorelibCommand Entering

Tue Sep  8 01:36:31.221 2026 : CLI8 : StoreLIBFacade::fireStorelibCommand Exiting with retCode:0x0

Tue Sep  8 01:36:31.221 2026 : ResponseHandler::checkSl8Response ENTER
Tue Sep  8 01:36:31.221 2026 : ResponseHandler::clearSl8ResponseData Enter
Tue Sep  8 01:36:31.221 2026 : clear resp data
Tue Sep  8 01:36:31.221 2026 : ResponseHandler::clearSl8ResponseData Exit
Tue Sep  8 01:36:31.221 2026 : ResponseParser::CreateInstance Enter
Tue Sep  8 01:36:31.221 2026 : ResponseParser::CreateInstance Exit
Tue Sep  8 01:36:31.221 2026 : FirmwareFailuresParser::GetErrorStrings Enter SLExtStat=0
Tue Sep  8 01:36:31.221 2026 : FirmwareFailuresParser::IgnoreStatusParser Enter
Tue Sep  8 01:36:31.221 2026 : FirmwareFailuresParser::IgnoreStatusParser Exit
Tue Sep  8 01:36:31.221 2026 : FirmwareFailuresParser::GetErrorStrings Exit
Tue Sep  8 01:36:31.221 2026 : ResponseHandler::checkSl8Response .message string Ignore extended status
Tue Sep  8 01:36:31.221 2026 : ResponseHandler::checkSl8Response EXIT with return code 0x0
Tue Sep  8 01:36:31.221 2026 : ResponseHandler::handleMR8BufferStatus Entering
Tue Sep  8 01:36:31.221 2026 : ResponseHandler::handleMR8BufferStatus dataBufElements:10 cmdType:2 cmd:514
Tue Sep  8 01:36:31.221 2026 : ResponseHandler::handleMR8BufferStatus dataBufElements:10 opCode:0x2020000
Tue Sep  8 01:36:31.221 2026 : ResponseHandler::handleMR8BufferStatus buffer:2 bufStatus:7
Tue Sep  8 01:36:31.221 2026 : ResponseHandler::handleMR8BufferStatus buffer:3 bufStatus:7
Tue Sep  8 01:36:31.221 2026 : ResponseHandler::handleMR8BufferStatus buffer:4 bufStatus:2
Tue Sep  8 01:36:31.221 2026 : ResponseHandler::handleMR8BufferStatus memsettig buffer:4 bufLength:12
Tue Sep  8 01:36:31.221 2026 : ResponseHandler::handleMR8BufferStatus buffer:5 bufStatus:7
Tue Sep  8 01:36:31.221 2026 : ResponseHandler::handleMR8BufferStatus buffer:6 bufStatus:7
Tue Sep  8 01:36:31.221 2026 : ResponseHandler::handleMR8BufferStatus buffer:7 bufStatus:7
Tue Sep  8 01:36:31.221 2026 : ResponseHandler::handleMR8BufferStatus buffer:8 bufStatus:7
Tue Sep  8 01:36:31.221 2026 : ResponseHandler::handleMR8BufferStatus buffer:9 bufStatus:0
Tue Sep  8 01:36:31.221 2026 : ResponseHandler::handleMR8BufferStatus memsettig buffer:9 bufLength:8
Tue Sep  8 01:36:31.221 2026 : ResponseHandler::handleMR8BufferStatus Exiting
Tue Sep  8 01:36:31.221 2026 : CLI8 : StoreLIBFacade::issueStorelibCmd Exiting with retCode:0 cmdExtStatus =0

Tue Sep  8 01:36:31.221 2026 : StoreLIBFacade::getDriveAUInfo - SL returns cmdExtStatus:0x0, reasonCode:0x0
Tue Sep  8 01:36:31.221 2026 : StoreLIBFacade::getDriveAUInfo Exiting - retCode:0

Tue Sep  8 01:36:31.221 2026 : PdDataMfi::getMrPdInfo - Reading drive's AU information - Drive PID:347 retCode:0
Tue Sep  8 01:36:31.221 2026 : PdDataMfi::getMrPdInfo - AU Count:1
Tue Sep  8 01:36:31.221 2026 : PdDataMfi::computeCoercedSizeFromLun Entering
Tue Sep  8 01:36:31.221 2026 : PdDataMfi::computeCoercedSizeFromLun - AU Count:1
Tue Sep  8 01:36:31.221 2026 : PdDataMf::computteCoercedSizeFromLun - allCoercedSizePopulated:1 minCoercedSize:6250168320
Tue Sep  8 01:36:31.221 2026 : PdDataMfi::getMrPdInfo - coercedSize:6250168320 nonCoercedSize:0 rawSize:6251233968
Tue Sep  8 01:36:31.221 2026 : PdDataMf::getMrPdInfo - PID:347 SCSIInquiry Elements:1 inquiry Elements:1 VPD Elements:1
Tue Sep  8 01:36:31.221 2026 : PdDataMf::getMrPdInfo - Exiting with retCode:0
Tue Sep  8 01:36:31.221 2026 : CtrlDataManager getInstance Entering

Tue Sep  8 01:36:31.221 2026 : CtrlDataManager getSupportedSizeBaseUnits Entering
Tue Sep  8 01:36:31.221 2026 : CtrlDataManager getMrCtrlInfo - Entering

Tue Sep  8 01:36:31.221 2026 : CtrlDataManager getMrCtrlInfo - Returning persisted Static and Dynamic controller info

Tue Sep  8 01:36:31.221 2026 : CtrlDataManager getSupportedSizeBaseUnits Exiting - retCode :0 *baseUnits:0
Tue Sep  8 01:36:31.221 2026 : PdDataMfi::getMrPdInfo Entering - getAUInfo:0 getAUInquiryBuffers:0
Tue Sep  8 01:36:31.221 2026 : PdDataMfi::getMrPdInfo Entering - getAUInfo:0 getAUInquiryBuffers:0
Tue Sep  8 01:36:31.221 2026 : PdDataMfi::getMrPdInfo Entering - getAUInfo:0 getAUInquiryBuffers:0
Tue Sep  8 01:36:31.221 2026 : PdDataMfi::getMrPdInfo Entering - getAUInfo:0 getAUInquiryBuffers:0
Tue Sep  8 01:36:31.221 2026 : PdDataMfi::getMrPdInfo Entering - getAUInfo:0 getAUInquiryBuffers:0
Tue Sep  8 01:36:31.221 2026 : PdDataMfi::getEnclDeviceId Exiting enclPersistentId:356
Tue Sep  8 01:36:31.221 2026 : PdDataMfi::PdInfo pdState : 2
Tue Sep  8 01:36:31.221 2026 : PdDataMfi::getDriveState Entering - driveState:0x2 isSupported:1
Tue Sep  8 01:36:31.221 2026 : PdDataMfi::getDriveState Exiting - DriveState:Conf
Tue Sep  8 01:36:31.221 2026 : PdDataMfi::getMrPdInfo Entering - getAUInfo:1 getAUInquiryBuffers:0
Tue Sep  8 01:36:31.221 2026 : PdDataMfi::getShortLUNStatus Entering
Tue Sep  8 01:36:31.221 2026 : PdDataMfi::getShortLUNStatus - AU Count:1
Tue Sep  8 01:36:31.221 2026 : PdDataMfi::getLUNStatus Entering - lunStatus:9
Tue Sep  8 01:36:31.221 2026 : PdDataMfi::getLUNStatus Exiting - LUN Status:Online
Tue Sep  8 01:36:31.222 2026 : PdDataMfi::getShortLUNStatus lunStatusStr:Online
Tue Sep  8 01:36:31.222 2026 : PdDataMfi::PdInfo - AU Count:1
Tue Sep  8 01:36:31.222 2026 : PdDataMfi::getPdConfigInfo Entering
Tue Sep  8 01:36:31.222 2026 : ConfigDataManager getInstance Entering


Tue Sep  8 01:36:31.222 2026 : PdDataMfi::getMrPdInfo Entering - getAUInfo:0 getAUInquiryBuffers:0
Tue Sep  8 01:36:31.222 2026 : PdDataMfi::getPdConfigInfo dgListPtr->getCount():3
Tue Sep  8 01:36:31.222 2026 : getPdConfigInfo - arrayListPtr->getCount():1
Tue Sep  8 01:36:31.222 2026 : PdDataMf::getPdConfigInfo - DriveCount:4
Tue Sep  8 01:36:31.222 2026 : PdDataMfi::getMrPdInfo Entering - getAUInfo:0 getAUInquiryBuffers:0
Tue Sep  8 01:36:31.222 2026 : PdDataMfi::getMrPdInfo Entering - getAUInfo:0 getAUInquiryBuffers:0
Tue Sep  8 01:36:31.222 2026 : PdDataMfi::getMrPdInfo Entering - getAUInfo:0 getAUInquiryBuffers:0
Tue Sep  8 01:36:31.222 2026 : PdDataMfi::getMrPdInfo Entering - getAUInfo:0 getAUInquiryBuffers:0
Tue Sep  8 01:36:31.222 2026 : getPdConfigInfo - arrayListPtr->getCount():1
Tue Sep  8 01:36:31.222 2026 : PdDataMf::getPdConfigInfo - DriveCount:2
Tue Sep  8 01:36:31.222 2026 : PdDataMfi::getMrPdInfo Entering - getAUInfo:0 getAUInquiryBuffers:0
Tue Sep  8 01:36:31.222 2026 : PdDataMfi::getMrPdInfo Entering - getAUInfo:0 getAUInquiryBuffers:0
Tue Sep  8 01:36:31.222 2026 : getPdConfigInfo - arrayListPtr->getCount():1
Tue Sep  8 01:36:31.222 2026 : PdDataMf::getPdConfigInfo - DriveCount:2
Tue Sep  8 01:36:31.222 2026 : PdDataMfi::getMrPdInfo Entering - getAUInfo:0 getAUInquiryBuffers:0
Tue Sep  8 01:36:31.222 2026 : PdDataMf::getPdConfigInfo - Exiting
Tue Sep  8 01:36:31.222 2026 : PdDataMf::PdInfo - Getting model number - driveInquiryDataLength:4104 scsiInquiryDataLength:82
Tue Sep  8 01:36:31.222 2026 : PdDataMfi::getAtlpathDriveId Entering
Tue Sep  8 01:36:31.222 2026 : PdDataMfi::getMrPdInfo Entering - getAUInfo:0 getAUInquiryBuffers:0
Tue Sep  8 01:36:31.222 2026 : PdDataMfi::altPath Exiting retCode:0 altPath:-
Tue Sep  8 01:36:31.222 2026 : PdDataMfi::getProgress - Entering
Tue Sep  8 01:36:31.222 2026 : PdDataMfi::getMrPdInfo Entering - getAUInfo:0 getAUInquiryBuffers:0
Tue Sep  8 01:36:31.222 2026 : StoreLIBFacade::getDriveProgress Entering - Drive PID:347
Tue Sep  8 01:36:31.222 2026 : StoreLIBFacade::getDriveProgress DCMD OpCode: 0x2060100
Tue Sep  8 01:36:31.222 2026 : CLI8 : StoreLIBFacade::issueStorelibCmd Entering ctrlId=0

Tue Sep  8 01:36:31.222 2026 : CLI8 : StoreLIBFacade::fireStorelibCommand Entering

Tue Sep  8 01:36:31.222 2026 : CLI8 : StoreLIBFacade::fireStorelibCommand Exiting with retCode:0x0

Tue Sep  8 01:36:31.222 2026 : ResponseHandler::checkSl8Response ENTER
Tue Sep  8 01:36:31.222 2026 : ResponseHandler::clearSl8ResponseData Enter
Tue Sep  8 01:36:31.222 2026 : clear resp data
Tue Sep  8 01:36:31.222 2026 : ResponseHandler::clearSl8ResponseData Exit
Tue Sep  8 01:36:31.222 2026 : ResponseParser::CreateInstance Enter
Tue Sep  8 01:36:31.222 2026 : ResponseParser::CreateInstance Exit
Tue Sep  8 01:36:31.222 2026 : FirmwareFailuresParser::GetErrorStrings Enter SLExtStat=0
Tue Sep  8 01:36:31.222 2026 : FirmwareFailuresParser::IgnoreStatusParser Enter
Tue Sep  8 01:36:31.222 2026 : FirmwareFailuresParser::IgnoreStatusParser Exit
Tue Sep  8 01:36:31.222 2026 : FirmwareFailuresParser::GetErrorStrings Exit
Tue Sep  8 01:36:31.222 2026 : ResponseHandler::checkSl8Response .message string Ignore extended status
Tue Sep  8 01:36:31.222 2026 : ResponseHandler::checkSl8Response EXIT with return code 0x0
Tue Sep  8 01:36:31.222 2026 : ResponseHandler::handleMR8BufferStatus Entering
Tue Sep  8 01:36:31.222 2026 : ResponseHandler::handleMR8BufferStatus dataBufElements:3 cmdType:2 cmd:514
Tue Sep  8 01:36:31.222 2026 : ResponseHandler::handleMR8BufferStatus dataBufElements:3 opCode:0x2060100
Tue Sep  8 01:36:31.222 2026 : ResponseHandler::handleMR8BufferStatus buffer:2 bufStatus:7
Tue Sep  8 01:36:31.222 2026 : ResponseHandler::handleMR8BufferStatus Exiting
Tue Sep  8 01:36:31.222 2026 : CLI8 : StoreLIBFacade::issueStorelibCmd Exiting with retCode:0 cmdExtStatus =0

Tue Sep  8 01:36:31.222 2026 : CLI8 : StoreLIBFacade::getDriveProgress Exiting - retCode:0x0
Tue Sep  8 01:36:31.222 2026 : PdDataMfi::getProgress - Exiting retCode:0
Tue Sep  8 01:36:31.222 2026 : DiskGrp::getDgTopology - pdAUProgressCount:0
Tue Sep  8 01:36:31.222 2026 : PdDataMfi::getMrPdInfo Entering - getAUInfo:0 getAUInquiryBuffers:0
Tue Sep  8 01:36:31.222 2026 : PdDataMfi::PdInfo Entering
Tue Sep  8 01:36:31.222 2026 : PdDataMfi::getMrPdInfo Entering - getAUInfo:1 getAUInquiryBuffers:1
Tue Sep  8 01:36:31.222 2026 : PdDataMfi::getMrPdInfo - Reading drive's AU information - Drive PID:348 getAUInfo:1 getAUInquiryBuffers:1
Tue Sep  8 01:36:31.222 2026 : StoreLIBFacade::getDriveAUInfo Entering - Drive PID:348 getAUInfo:1 getAUInquiryBuffers:1
Tue Sep  8 01:36:31.222 2026 : StoreLIBFacade::getDriveAUInfo DCMD OpCode: 0x2020000
Tue Sep  8 01:36:31.222 2026 : CLI8 : StoreLIBFacade::issueStorelibCmd Entering ctrlId=0

Tue Sep  8 01:36:31.222 2026 : CLI8 : StoreLIBFacade::fireStorelibCommand Entering

Tue Sep  8 01:36:31.223 2026 : CLI8 : StoreLIBFacade::fireStorelibCommand Exiting with retCode:0x0

Tue Sep  8 01:36:31.223 2026 : ResponseHandler::checkSl8Response ENTER
Tue Sep  8 01:36:31.223 2026 : ResponseHandler::clearSl8ResponseData Enter
Tue Sep  8 01:36:31.223 2026 : clear resp data
Tue Sep  8 01:36:31.223 2026 : ResponseHandler::clearSl8ResponseData Exit
Tue Sep  8 01:36:31.223 2026 : ResponseParser::CreateInstance Enter
Tue Sep  8 01:36:31.223 2026 : ResponseParser::CreateInstance Exit
Tue Sep  8 01:36:31.223 2026 : FirmwareFailuresParser::GetErrorStrings Enter SLExtStat=0
Tue Sep  8 01:36:31.223 2026 : FirmwareFailuresParser::IgnoreStatusParser Enter
Tue Sep  8 01:36:31.223 2026 : FirmwareFailuresParser::IgnoreStatusParser Exit
Tue Sep  8 01:36:31.223 2026 : FirmwareFailuresParser::GetErrorStrings Exit
Tue Sep  8 01:36:31.223 2026 : ResponseHandler::checkSl8Response .message string Ignore extended status
Tue Sep  8 01:36:31.223 2026 : ResponseHandler::checkSl8Response EXIT with return code 0x0
Tue Sep  8 01:36:31.223 2026 : ResponseHandler::handleMR8BufferStatus Entering
Tue Sep  8 01:36:31.223 2026 : ResponseHandler::handleMR8BufferStatus dataBufElements:10 cmdType:2 cmd:514
Tue Sep  8 01:36:31.223 2026 : ResponseHandler::handleMR8BufferStatus dataBufElements:10 opCode:0x2020000
Tue Sep  8 01:36:31.223 2026 : ResponseHandler::handleMR8BufferStatus buffer:2 bufStatus:7
Tue Sep  8 01:36:31.223 2026 : ResponseHandler::handleMR8BufferStatus buffer:3 bufStatus:7
Tue Sep  8 01:36:31.223 2026 : ResponseHandler::handleMR8BufferStatus buffer:4 bufStatus:2
Tue Sep  8 01:36:31.223 2026 : ResponseHandler::handleMR8BufferStatus memsettig buffer:4 bufLength:12
Tue Sep  8 01:36:31.223 2026 : ResponseHandler::handleMR8BufferStatus buffer:5 bufStatus:7
Tue Sep  8 01:36:31.223 2026 : ResponseHandler::handleMR8BufferStatus buffer:6 bufStatus:7
Tue Sep  8 01:36:31.223 2026 : ResponseHandler::handleMR8BufferStatus buffer:7 bufStatus:7
Tue Sep  8 01:36:31.223 2026 : ResponseHandler::handleMR8BufferStatus buffer:8 bufStatus:7
Tue Sep  8 01:36:31.223 2026 : ResponseHandler::handleMR8BufferStatus buffer:9 bufStatus:0
Tue Sep  8 01:36:31.223 2026 : ResponseHandler::handleMR8BufferStatus memsettig buffer:9 bufLength:1024
Tue Sep  8 01:36:31.223 2026 : ResponseHandler::handleMR8BufferStatus Exiting
Tue Sep  8 01:36:31.223 2026 : CLI8 : StoreLIBFacade::issueStorelibCmd Exiting with retCode:0 cmdExtStatus =0

Tue Sep  8 01:36:31.223 2026 : StoreLIBFacade::getDriveAUInfo - SL returns cmdExtStatus:0x0, reasonCode:0x0
Tue Sep  8 01:36:31.223 2026 : CLI8 : StoreLIBFacade::issueStorelibCmd Entering ctrlId=0

Tue Sep  8 01:36:31.223 2026 : CLI8 : StoreLIBFacade::fireStorelibCommand Entering

Tue Sep  8 01:36:31.224 2026 : CLI8 : StoreLIBFacade::fireStorelibCommand Exiting with retCode:0x0

Tue Sep  8 01:36:31.224 2026 : ResponseHandler::checkSl8Response ENTER
Tue Sep  8 01:36:31.224 2026 : ResponseHandler::clearSl8ResponseData Enter
Tue Sep  8 01:36:31.224 2026 : clear resp data
Tue Sep  8 01:36:31.224 2026 : ResponseHandler::clearSl8ResponseData Exit
Tue Sep  8 01:36:31.224 2026 : ResponseParser::CreateInstance Enter
Tue Sep  8 01:36:31.224 2026 : ResponseParser::CreateInstance Exit
Tue Sep  8 01:36:31.224 2026 : FirmwareFailuresParser::GetErrorStrings Enter SLExtStat=0
Tue Sep  8 01:36:31.224 2026 : FirmwareFailuresParser::IgnoreStatusParser Enter
Tue Sep  8 01:36:31.224 2026 : FirmwareFailuresParser::IgnoreStatusParser Exit
Tue Sep  8 01:36:31.224 2026 : FirmwareFailuresParser::GetErrorStrings Exit
Tue Sep  8 01:36:31.224 2026 : ResponseHandler::checkSl8Response .message string Ignore extended status
Tue Sep  8 01:36:31.224 2026 : ResponseHandler::checkSl8Response EXIT with return code 0x0
Tue Sep  8 01:36:31.224 2026 : ResponseHandler::handleMR8BufferStatus Entering
Tue Sep  8 01:36:31.224 2026 : ResponseHandler::handleMR8BufferStatus dataBufElements:10 cmdType:2 cmd:514
Tue Sep  8 01:36:31.224 2026 : ResponseHandler::handleMR8BufferStatus dataBufElements:10 opCode:0x2020000
Tue Sep  8 01:36:31.224 2026 : ResponseHandler::handleMR8BufferStatus buffer:2 bufStatus:7
Tue Sep  8 01:36:31.224 2026 : ResponseHandler::handleMR8BufferStatus buffer:3 bufStatus:7
Tue Sep  8 01:36:31.224 2026 : ResponseHandler::handleMR8BufferStatus buffer:4 bufStatus:2
Tue Sep  8 01:36:31.224 2026 : ResponseHandler::handleMR8BufferStatus memsettig buffer:4 bufLength:12
Tue Sep  8 01:36:31.224 2026 : ResponseHandler::handleMR8BufferStatus buffer:5 bufStatus:7
Tue Sep  8 01:36:31.224 2026 : ResponseHandler::handleMR8BufferStatus buffer:6 bufStatus:7
Tue Sep  8 01:36:31.224 2026 : ResponseHandler::handleMR8BufferStatus buffer:7 bufStatus:7
Tue Sep  8 01:36:31.224 2026 : ResponseHandler::handleMR8BufferStatus buffer:8 bufStatus:7
Tue Sep  8 01:36:31.224 2026 : ResponseHandler::handleMR8BufferStatus buffer:9 bufStatus:0
Tue Sep  8 01:36:31.224 2026 : ResponseHandler::handleMR8BufferStatus memsettig buffer:9 bufLength:8
Tue Sep  8 01:36:31.224 2026 : ResponseHandler::handleMR8BufferStatus Exiting
Tue Sep  8 01:36:31.224 2026 : CLI8 : StoreLIBFacade::issueStorelibCmd Exiting with retCode:0 cmdExtStatus =0

Tue Sep  8 01:36:31.224 2026 : StoreLIBFacade::getDriveAUInfo - SL returns cmdExtStatus:0x0, reasonCode:0x0
Tue Sep  8 01:36:31.224 2026 : StoreLIBFacade::getDriveAUInfo Exiting - retCode:0

Tue Sep  8 01:36:31.224 2026 : PdDataMfi::getMrPdInfo - Reading drive's AU information - Drive PID:348 retCode:0
Tue Sep  8 01:36:31.224 2026 : PdDataMfi::getMrPdInfo - AU Count:1
Tue Sep  8 01:36:31.224 2026 : PdDataMfi::computeCoercedSizeFromLun Entering
Tue Sep  8 01:36:31.224 2026 : PdDataMfi::computeCoercedSizeFromLun - AU Count:1
Tue Sep  8 01:36:31.224 2026 : PdDataMf::computteCoercedSizeFromLun - allCoercedSizePopulated:1 minCoercedSize:6250168320
Tue Sep  8 01:36:31.224 2026 : PdDataMfi::getMrPdInfo - coercedSize:6250168320 nonCoercedSize:0 rawSize:6251233968
Tue Sep  8 01:36:31.224 2026 : PdDataMf::getMrPdInfo - PID:348 SCSIInquiry Elements:1 inquiry Elements:1 VPD Elements:1
Tue Sep  8 01:36:31.224 2026 : PdDataMf::getMrPdInfo - Exiting with retCode:0
Tue Sep  8 01:36:31.224 2026 : CtrlDataManager getInstance Entering

Tue Sep  8 01:36:31.224 2026 : CtrlDataManager getSupportedSizeBaseUnits Entering
Tue Sep  8 01:36:31.224 2026 : CtrlDataManager getMrCtrlInfo - Entering

Tue Sep  8 01:36:31.224 2026 : CtrlDataManager getMrCtrlInfo - Returning persisted Static and Dynamic controller info

Tue Sep  8 01:36:31.224 2026 : CtrlDataManager getSupportedSizeBaseUnits Exiting - retCode :0 *baseUnits:0
Tue Sep  8 01:36:31.224 2026 : PdDataMfi::getMrPdInfo Entering - getAUInfo:0 getAUInquiryBuffers:0
Tue Sep  8 01:36:31.224 2026 : PdDataMfi::getMrPdInfo Entering - getAUInfo:0 getAUInquiryBuffers:0
Tue Sep  8 01:36:31.224 2026 : PdDataMfi::getMrPdInfo Entering - getAUInfo:0 getAUInquiryBuffers:0
Tue Sep  8 01:36:31.224 2026 : PdDataMfi::getMrPdInfo Entering - getAUInfo:0 getAUInquiryBuffers:0
Tue Sep  8 01:36:31.224 2026 : PdDataMfi::getMrPdInfo Entering - getAUInfo:0 getAUInquiryBuffers:0
Tue Sep  8 01:36:31.224 2026 : PdDataMfi::getEnclDeviceId Exiting enclPersistentId:356
Tue Sep  8 01:36:31.224 2026 : PdDataMfi::PdInfo pdState : 2
Tue Sep  8 01:36:31.224 2026 : PdDataMfi::getDriveState Entering - driveState:0x2 isSupported:1
Tue Sep  8 01:36:31.224 2026 : PdDataMfi::getDriveState Exiting - DriveState:Conf
Tue Sep  8 01:36:31.224 2026 : PdDataMfi::getMrPdInfo Entering - getAUInfo:1 getAUInquiryBuffers:0
Tue Sep  8 01:36:31.224 2026 : PdDataMfi::getShortLUNStatus Entering
Tue Sep  8 01:36:31.224 2026 : PdDataMfi::getShortLUNStatus - AU Count:1
Tue Sep  8 01:36:31.224 2026 : PdDataMfi::getLUNStatus Entering - lunStatus:9
Tue Sep  8 01:36:31.224 2026 : PdDataMfi::getLUNStatus Exiting - LUN Status:Online
Tue Sep  8 01:36:31.224 2026 : PdDataMfi::getShortLUNStatus lunStatusStr:Online
Tue Sep  8 01:36:31.224 2026 : PdDataMfi::PdInfo - AU Count:1
Tue Sep  8 01:36:31.224 2026 : PdDataMfi::getPdConfigInfo Entering
Tue Sep  8 01:36:31.224 2026 : ConfigDataManager getInstance Entering

Tue Sep  8 01:36:31.224 2026 : PdDataMfi::getMrPdInfo Entering - getAUInfo:0 getAUInquiryBuffers:0
Tue Sep  8 01:36:31.224 2026 : PdDataMfi::getPdConfigInfo dgListPtr->getCount():3
Tue Sep  8 01:36:31.224 2026 : getPdConfigInfo - arrayListPtr->getCount():1
Tue Sep  8 01:36:31.224 2026 : PdDataMf::getPdConfigInfo - DriveCount:4
Tue Sep  8 01:36:31.224 2026 : PdDataMfi::getMrPdInfo Entering - getAUInfo:0 getAUInquiryBuffers:0
Tue Sep  8 01:36:31.224 2026 : PdDataMfi::getMrPdInfo Entering - getAUInfo:0 getAUInquiryBuffers:0
Tue Sep  8 01:36:31.224 2026 : PdDataMfi::getMrPdInfo Entering - getAUInfo:0 getAUInquiryBuffers:0
Tue Sep  8 01:36:31.224 2026 : PdDataMfi::getMrPdInfo Entering - getAUInfo:0 getAUInquiryBuffers:0
Tue Sep  8 01:36:31.224 2026 : getPdConfigInfo - arrayListPtr->getCount():1
Tue Sep  8 01:36:31.224 2026 : PdDataMf::getPdConfigInfo - DriveCount:2
Tue Sep  8 01:36:31.224 2026 : PdDataMfi::getMrPdInfo Entering - getAUInfo:0 getAUInquiryBuffers:0
Tue Sep  8 01:36:31.224 2026 : PdDataMfi::getMrPdInfo Entering - getAUInfo:0 getAUInquiryBuffers:0
Tue Sep  8 01:36:31.224 2026 : getPdConfigInfo - arrayListPtr->getCount():1
Tue Sep  8 01:36:31.224 2026 : PdDataMf::getPdConfigInfo - DriveCount:2
Tue Sep  8 01:36:31.224 2026 : PdDataMfi::getMrPdInfo Entering - getAUInfo:0 getAUInquiryBuffers:0
Tue Sep  8 01:36:31.224 2026 : PdDataMfi::getMrPdInfo Entering - getAUInfo:0 getAUInquiryBuffers:0
Tue Sep  8 01:36:31.224 2026 : PdDataMf::getPdConfigInfo - Exiting
Tue Sep  8 01:36:31.225 2026 : PdDataMf::PdInfo - Getting model number - driveInquiryDataLength:4104 scsiInquiryDataLength:82
Tue Sep  8 01:36:31.225 2026 : PdDataMfi::getAtlpathDriveId Entering
Tue Sep  8 01:36:31.225 2026 : PdDataMfi::getMrPdInfo Entering - getAUInfo:0 getAUInquiryBuffers:0
Tue Sep  8 01:36:31.225 2026 : PdDataMfi::altPath Exiting retCode:0 altPath:-
Tue Sep  8 01:36:31.225 2026 : PdDataMfi::getProgress - Entering
Tue Sep  8 01:36:31.225 2026 : PdDataMfi::getMrPdInfo Entering - getAUInfo:0 getAUInquiryBuffers:0
Tue Sep  8 01:36:31.225 2026 : StoreLIBFacade::getDriveProgress Entering - Drive PID:348
Tue Sep  8 01:36:31.225 2026 : StoreLIBFacade::getDriveProgress DCMD OpCode: 0x2060100
Tue Sep  8 01:36:31.225 2026 : CLI8 : StoreLIBFacade::issueStorelibCmd Entering ctrlId=0

Tue Sep  8 01:36:31.225 2026 : CLI8 : StoreLIBFacade::fireStorelibCommand Entering

Tue Sep  8 01:36:31.225 2026 : CLI8 : StoreLIBFacade::fireStorelibCommand Exiting with retCode:0x0

Tue Sep  8 01:36:31.225 2026 : ResponseHandler::checkSl8Response ENTER
Tue Sep  8 01:36:31.225 2026 : ResponseHandler::clearSl8ResponseData Enter
Tue Sep  8 01:36:31.225 2026 : clear resp data
Tue Sep  8 01:36:31.225 2026 : ResponseHandler::clearSl8ResponseData Exit
Tue Sep  8 01:36:31.225 2026 : ResponseParser::CreateInstance Enter
Tue Sep  8 01:36:31.225 2026 : ResponseParser::CreateInstance Exit
Tue Sep  8 01:36:31.225 2026 : FirmwareFailuresParser::GetErrorStrings Enter SLExtStat=0
Tue Sep  8 01:36:31.225 2026 : FirmwareFailuresParser::IgnoreStatusParser Enter
Tue Sep  8 01:36:31.225 2026 : FirmwareFailuresParser::IgnoreStatusParser Exit
Tue Sep  8 01:36:31.225 2026 : FirmwareFailuresParser::GetErrorStrings Exit
Tue Sep  8 01:36:31.225 2026 : ResponseHandler::checkSl8Response .message string Ignore extended status
Tue Sep  8 01:36:31.225 2026 : ResponseHandler::checkSl8Response EXIT with return code 0x0
Tue Sep  8 01:36:31.225 2026 : ResponseHandler::handleMR8BufferStatus Entering
Tue Sep  8 01:36:31.225 2026 : ResponseHandler::handleMR8BufferStatus dataBufElements:3 cmdType:2 cmd:514
Tue Sep  8 01:36:31.225 2026 : ResponseHandler::handleMR8BufferStatus dataBufElements:3 opCode:0x2060100
Tue Sep  8 01:36:31.225 2026 : ResponseHandler::handleMR8BufferStatus buffer:2 bufStatus:7
Tue Sep  8 01:36:31.225 2026 : ResponseHandler::handleMR8BufferStatus Exiting
Tue Sep  8 01:36:31.225 2026 : CLI8 : StoreLIBFacade::issueStorelibCmd Exiting with retCode:0 cmdExtStatus =0

Tue Sep  8 01:36:31.225 2026 : CLI8 : StoreLIBFacade::getDriveProgress Exiting - retCode:0x0
Tue Sep  8 01:36:31.225 2026 : PdDataMfi::getProgress - Exiting retCode:0
Tue Sep  8 01:36:31.225 2026 : DiskGrp::getDgTopology - pdAUProgressCount:0
Tue Sep  8 01:36:31.225 2026 : ConfigDataManager getInstance Entering

Tue Sep  8 01:36:31.225 2026 : ConfigDataManager::updateConfig Entered
Tue Sep  8 01:36:31.225 2026 : DriveDataManager getInstance Entering

Tue Sep  8 01:36:31.225 2026 : CtrlDataManager getInstance Entering

Tue Sep  8 01:36:31.225 2026 : ConfigDataManager getInstance Entering

Tue Sep  8 01:36:31.225 2026 : Entering VolumeDataManager::vdSortFunc
Tue Sep  8 01:36:31.225 2026 : Exiting VolumeDataManager::vdSortFunc
Tue Sep  8 01:36:31.225 2026 : Entering VolumeDataManager::vdSortFunc
Tue Sep  8 01:36:31.225 2026 : Exiting VolumeDataManager::vdSortFunc
Tue Sep  8 01:36:31.225 2026 : CtrlDataManager getInstance Entering

Tue Sep  8 01:36:31.225 2026 : CtrlDataManager getSupportedSizeBaseUnits Entering
Tue Sep  8 01:36:31.225 2026 : CtrlDataManager getMrCtrlInfo - Entering

Tue Sep  8 01:36:31.225 2026 : CtrlDataManager getMrCtrlInfo - Returning persisted Static and Dynamic controller info

Tue Sep  8 01:36:31.225 2026 : CtrlDataManager getSupportedSizeBaseUnits Exiting - retCode :0 *baseUnits:0
Tue Sep  8 01:36:31.225 2026 : ConfigDataManager getInstance Entering

Tue Sep  8 01:36:31.225 2026 : VdDataMf::getVdInfo - Calling getDgIndex
Tue Sep  8 01:36:31.225 2026 : VdDataMf::getDgIndex Entering
Tue Sep  8 01:36:31.225 2026 : ConfigDataManager getInstance Entering

Tue Sep  8 01:36:31.225 2026 : VdDataMf::getDgIndex dgList count:3
Tue Sep  8 01:36:31.225 2026 : VdDataMf::getDgIndex dgIndex:0
Tue Sep  8 01:36:31.225 2026 : VdDataMf::getDgIndex arrayList count:1
Tue Sep  8 01:36:31.225 2026 : VdDataMf::getDgIndex VD count:1
Tue Sep  8 01:36:31.225 2026 : VdDataMf::getDgIndex targetId:1 vdIdPtr->getTargetId():1
Tue Sep  8 01:36:31.225 2026 : VdDataMf::getDgIndex dgIndex:1
Tue Sep  8 01:36:31.225 2026 : VdDataMf::getDgIndex arrayList count:1
Tue Sep  8 01:36:31.225 2026 : VdDataMf::getDgIndex VD count:1
Tue Sep  8 01:36:31.225 2026 : VdDataMf::getDgIndex targetId:1 vdIdPtr->getTargetId():2
Tue Sep  8 01:36:31.225 2026 : VdDataMf::getDgIndex dgIndex:2
Tue Sep  8 01:36:31.225 2026 : VdDataMf::getDgIndex arrayList count:1
Tue Sep  8 01:36:31.225 2026 : VdDataMf::getDgIndex VD count:1
Tue Sep  8 01:36:31.225 2026 : VdDataMf::getDgIndex targetId:1 vdIdPtr->getTargetId():3
Tue Sep  8 01:36:31.225 2026 : handleUT8CharArray Entering data:ubuntu26 maxBytes:16 charType:1
Tue Sep  8 01:36:31.225 2026 : handleUT8CharArray tempStr:ubuntu26 length:8
Tue Sep  8 01:36:31.225 2026 : handleUT8CharArray Exiting formattedData:ubuntu26
Tue Sep  8 01:36:31.225 2026 : CtrlDataManager getInstance Entering

Tue Sep  8 01:36:31.225 2026 : CtrlDataManager getSupportedSizeBaseUnits Entering
Tue Sep  8 01:36:31.225 2026 : CtrlDataManager getMrCtrlInfo - Entering

Tue Sep  8 01:36:31.225 2026 : CtrlDataManager getMrCtrlInfo - Returning persisted Static and Dynamic controller info

Tue Sep  8 01:36:31.225 2026 : CtrlDataManager getSupportedSizeBaseUnits Exiting - retCode :0 *baseUnits:0
Tue Sep  8 01:36:31.225 2026 : ConfigDataManager getInstance Entering

Tue Sep  8 01:36:31.225 2026 : VdDataMf::getVdInfo - Calling getDgIndex
Tue Sep  8 01:36:31.225 2026 : VdDataMf::getDgIndex Entering
Tue Sep  8 01:36:31.225 2026 : ConfigDataManager getInstance Entering

Tue Sep  8 01:36:31.225 2026 : VdDataMf::getDgIndex dgList count:3
Tue Sep  8 01:36:31.225 2026 : VdDataMf::getDgIndex dgIndex:0
Tue Sep  8 01:36:31.225 2026 : VdDataMf::getDgIndex arrayList count:1
Tue Sep  8 01:36:31.225 2026 : VdDataMf::getDgIndex VD count:1
Tue Sep  8 01:36:31.225 2026 : VdDataMf::getDgIndex targetId:2 vdIdPtr->getTargetId():1
Tue Sep  8 01:36:31.225 2026 : VdDataMf::getDgIndex dgIndex:1
Tue Sep  8 01:36:31.225 2026 : VdDataMf::getDgIndex arrayList count:1
Tue Sep  8 01:36:31.225 2026 : VdDataMf::getDgIndex VD count:1
Tue Sep  8 01:36:31.225 2026 : VdDataMf::getDgIndex targetId:2 vdIdPtr->getTargetId():2
Tue Sep  8 01:36:31.225 2026 : VdDataMf::getDgIndex dgIndex:2
Tue Sep  8 01:36:31.225 2026 : VdDataMf::getDgIndex arrayList count:1
Tue Sep  8 01:36:31.225 2026 : VdDataMf::getDgIndex VD count:1
Tue Sep  8 01:36:31.225 2026 : VdDataMf::getDgIndex targetId:2 vdIdPtr->getTargetId():3
Tue Sep  8 01:36:31.225 2026 : handleUT8CharArray Entering data: maxBytes:16 charType:1
Tue Sep  8 01:36:31.225 2026 : handleUT8CharArray tempStr: length:0
Tue Sep  8 01:36:31.225 2026 : handleUT8CharArray Exiting formattedData:
Tue Sep  8 01:36:31.225 2026 : CtrlDataManager getInstance Entering

Tue Sep  8 01:36:31.225 2026 : CtrlDataManager getSupportedSizeBaseUnits Entering
Tue Sep  8 01:36:31.225 2026 : CtrlDataManager getMrCtrlInfo - Entering

Tue Sep  8 01:36:31.225 2026 : CtrlDataManager getMrCtrlInfo - Returning persisted Static and Dynamic controller info

Tue Sep  8 01:36:31.225 2026 : CtrlDataManager getSupportedSizeBaseUnits Exiting - retCode :0 *baseUnits:0
Tue Sep  8 01:36:31.225 2026 : ConfigDataManager getInstance Entering

Tue Sep  8 01:36:31.225 2026 : VdDataMf::getVdInfo - Calling getDgIndex
Tue Sep  8 01:36:31.225 2026 : VdDataMf::getDgIndex Entering
Tue Sep  8 01:36:31.225 2026 : ConfigDataManager getInstance Entering

Tue Sep  8 01:36:31.225 2026 : VdDataMf::getDgIndex dgList count:3
Tue Sep  8 01:36:31.225 2026 : VdDataMf::getDgIndex dgIndex:0
Tue Sep  8 01:36:31.225 2026 : VdDataMf::getDgIndex arrayList count:1
Tue Sep  8 01:36:31.225 2026 : VdDataMf::getDgIndex VD count:1
Tue Sep  8 01:36:31.225 2026 : VdDataMf::getDgIndex targetId:3 vdIdPtr->getTargetId():1
Tue Sep  8 01:36:31.225 2026 : VdDataMf::getDgIndex dgIndex:1
Tue Sep  8 01:36:31.225 2026 : VdDataMf::getDgIndex arrayList count:1
Tue Sep  8 01:36:31.225 2026 : VdDataMf::getDgIndex VD count:1
Tue Sep  8 01:36:31.225 2026 : VdDataMf::getDgIndex targetId:3 vdIdPtr->getTargetId():2
Tue Sep  8 01:36:31.225 2026 : VdDataMf::getDgIndex dgIndex:2
Tue Sep  8 01:36:31.225 2026 : VdDataMf::getDgIndex arrayList count:1
Tue Sep  8 01:36:31.225 2026 : VdDataMf::getDgIndex VD count:1
Tue Sep  8 01:36:31.225 2026 : VdDataMf::getDgIndex targetId:3 vdIdPtr->getTargetId():3
Tue Sep  8 01:36:31.225 2026 : handleUT8CharArray Entering data: maxBytes:16 charType:1
Tue Sep  8 01:36:31.225 2026 : handleUT8CharArray tempStr: length:0
Tue Sep  8 01:36:31.225 2026 : handleUT8CharArray Exiting formattedData:
Tue Sep  8 01:36:31.225 2026 : DriveDataManager::getMissingDrvTable Entering
Tue Sep  8 01:36:31.225 2026 : ConfigDataManager getInstance Entering

Tue Sep  8 01:36:31.225 2026 : CtrlDataManager getInstance Entering

Tue Sep  8 01:36:31.225 2026 : CtrlDataManager getSupportedSizeBaseUnits Entering
Tue Sep  8 01:36:31.225 2026 : CtrlDataManager getMrCtrlInfo - Entering

Tue Sep  8 01:36:31.225 2026 : CtrlDataManager getMrCtrlInfo - Returning persisted Static and Dynamic controller info

Tue Sep  8 01:36:31.225 2026 : CtrlDataManager getSupportedSizeBaseUnits Exiting - retCode :0 *baseUnits:0
Tue Sep  8 01:36:31.225 2026 : DriveDataManager::getMissingDrvTable - Getting config information...
Tue Sep  8 01:36:31.225 2026 : ConfigDataManager::updateConfig Entered
Tue Sep  8 01:36:31.225 2026 : DriveDataManager getInstance Entering

Tue Sep  8 01:36:31.225 2026 : CtrlDataManager getInstance Entering

Tue Sep  8 01:36:31.225 2026 : ConfigDataManager getInstance Entering

Tue Sep  8 01:36:31.225 2026 : DriveDataManager::getMissingDrvTable  - DG=0, array count:1
Tue Sep  8 01:36:31.225 2026 : Array::isArrMissing Entering
Tue Sep  8 01:36:31.225 2026 : Array::isArrMissing Getting the array pd list
Tue Sep  8 01:36:31.225 2026 : Array::isArrMissing pd list count:4
Tue Sep  8 01:36:31.225 2026 : Array::isArrMissing pd list count:4
Tue Sep  8 01:36:31.225 2026 : PdDataMfi::getMrPdInfo Entering - getAUInfo:0 getAUInquiryBuffers:0
Tue Sep  8 01:36:31.225 2026 : Array::isArrMissing isDrvMissing:0
Tue Sep  8 01:36:31.225 2026 : Array::isArrMissing Entering
Tue Sep  8 01:36:31.225 2026 : Array::isArrMissing Getting the array pd list
Tue Sep  8 01:36:31.225 2026 : Array::isArrMissing pd list count:4
Tue Sep  8 01:36:31.225 2026 : Array::isArrMissing pd list count:4
Tue Sep  8 01:36:31.225 2026 : PdDataMfi::getMrPdInfo Entering - getAUInfo:0 getAUInquiryBuffers:0
Tue Sep  8 01:36:31.225 2026 : Array::isArrMissing isDrvMissing:0
Tue Sep  8 01:36:31.225 2026 : DriveDataManager::getMissingDrvTable  - DG=0, arrayNum:0 missing=0
Tue Sep  8 01:36:31.225 2026 : PdDataMfi::getMrPdInfo Entering - getAUInfo:0 getAUInquiryBuffers:0
Tue Sep  8 01:36:31.225 2026 : DriveDataManager::getMissingDrvTable  - DG=0, arrayNum:0 rowNum=0 pdmissing=0
Tue Sep  8 01:36:31.225 2026 : PdDataMfi::getMrPdInfo Entering - getAUInfo:0 getAUInquiryBuffers:0
Tue Sep  8 01:36:31.225 2026 : DriveDataManager::getMissingDrvTable  - DG=0, arrayNum:0 rowNum=1 pdmissing=0
Tue Sep  8 01:36:31.225 2026 : PdDataMfi::getMrPdInfo Entering - getAUInfo:0 getAUInquiryBuffers:0
Tue Sep  8 01:36:31.225 2026 : DriveDataManager::getMissingDrvTable  - DG=0, arrayNum:0 rowNum=2 pdmissing=0
Tue Sep  8 01:36:31.225 2026 : PdDataMfi::getMrPdInfo Entering - getAUInfo:0 getAUInquiryBuffers:0
Tue Sep  8 01:36:31.225 2026 : DriveDataManager::getMissingDrvTable  - DG=0, arrayNum:0 rowNum=3 pdmissing=0
Tue Sep  8 01:36:31.225 2026 : DriveDataManager::getMissingDrvTable  - DG=1, array count:1
Tue Sep  8 01:36:31.225 2026 : Array::isArrMissing Entering
Tue Sep  8 01:36:31.225 2026 : Array::isArrMissing Getting the array pd list
Tue Sep  8 01:36:31.225 2026 : Array::isArrMissing pd list count:2
Tue Sep  8 01:36:31.225 2026 : Array::isArrMissing pd list count:2
Tue Sep  8 01:36:31.225 2026 : PdDataMfi::getMrPdInfo Entering - getAUInfo:0 getAUInquiryBuffers:0
Tue Sep  8 01:36:31.225 2026 : Array::isArrMissing isDrvMissing:0
Tue Sep  8 01:36:31.225 2026 : Array::isArrMissing Entering
Tue Sep  8 01:36:31.225 2026 : Array::isArrMissing Getting the array pd list
Tue Sep  8 01:36:31.225 2026 : Array::isArrMissing pd list count:2
Tue Sep  8 01:36:31.225 2026 : Array::isArrMissing pd list count:2
Tue Sep  8 01:36:31.225 2026 : PdDataMfi::getMrPdInfo Entering - getAUInfo:0 getAUInquiryBuffers:0
Tue Sep  8 01:36:31.225 2026 : Array::isArrMissing isDrvMissing:0
Tue Sep  8 01:36:31.225 2026 : DriveDataManager::getMissingDrvTable  - DG=1, arrayNum:0 missing=0
Tue Sep  8 01:36:31.225 2026 : PdDataMfi::getMrPdInfo Entering - getAUInfo:0 getAUInquiryBuffers:0
Tue Sep  8 01:36:31.225 2026 : DriveDataManager::getMissingDrvTable  - DG=1, arrayNum:0 rowNum=0 pdmissing=0
Tue Sep  8 01:36:31.225 2026 : PdDataMfi::getMrPdInfo Entering - getAUInfo:0 getAUInquiryBuffers:0
Tue Sep  8 01:36:31.225 2026 : DriveDataManager::getMissingDrvTable  - DG=1, arrayNum:0 rowNum=1 pdmissing=0
Tue Sep  8 01:36:31.225 2026 : DriveDataManager::getMissingDrvTable  - DG=2, array count:1
Tue Sep  8 01:36:31.225 2026 : Array::isArrMissing Entering
Tue Sep  8 01:36:31.225 2026 : Array::isArrMissing Getting the array pd list
Tue Sep  8 01:36:31.225 2026 : Array::isArrMissing pd list count:2
Tue Sep  8 01:36:31.225 2026 : Array::isArrMissing pd list count:2
Tue Sep  8 01:36:31.225 2026 : PdDataMfi::getMrPdInfo Entering - getAUInfo:0 getAUInquiryBuffers:0
Tue Sep  8 01:36:31.225 2026 : Array::isArrMissing isDrvMissing:0
Tue Sep  8 01:36:31.225 2026 : Array::isArrMissing Entering
Tue Sep  8 01:36:31.225 2026 : Array::isArrMissing Getting the array pd list
Tue Sep  8 01:36:31.225 2026 : Array::isArrMissing pd list count:2
Tue Sep  8 01:36:31.225 2026 : Array::isArrMissing pd list count:2
Tue Sep  8 01:36:31.225 2026 : PdDataMfi::getMrPdInfo Entering - getAUInfo:0 getAUInquiryBuffers:0
Tue Sep  8 01:36:31.225 2026 : Array::isArrMissing isDrvMissing:0
Tue Sep  8 01:36:31.225 2026 : DriveDataManager::getMissingDrvTable  - DG=2, arrayNum:0 missing=0
Tue Sep  8 01:36:31.225 2026 : PdDataMfi::getMrPdInfo Entering - getAUInfo:0 getAUInquiryBuffers:0
Tue Sep  8 01:36:31.225 2026 : DriveDataManager::getMissingDrvTable  - DG=2, arrayNum:0 rowNum=0 pdmissing=0
Tue Sep  8 01:36:31.225 2026 : PdDataMfi::getMrPdInfo Entering - getAUInfo:0 getAUInquiryBuffers:0
Tue Sep  8 01:36:31.225 2026 : DriveDataManager::getMissingDrvTable  - DG=2, arrayNum:0 rowNum=1 pdmissing=0
Tue Sep  8 01:36:31.225 2026 : DriveDataManager::getMissingDrvTable MissinfDriveCount=0 Exiting - retCode:0
Tue Sep  8 01:36:31.225 2026 : CLI8 : DriveDataManager::readBasicDriveInfo - Entering

Tue Sep  8 01:36:31.225 2026 : ConfigDataManager getInstance Entering

Tue Sep  8 01:36:31.225 2026 : ConfigDataManager::updateConfig Entered
Tue Sep  8 01:36:31.225 2026 : DriveDataManager getInstance Entering

Tue Sep  8 01:36:31.225 2026 : CtrlDataManager getInstance Entering

Tue Sep  8 01:36:31.225 2026 : ConfigDataManager getInstance Entering

Tue Sep  8 01:36:31.225 2026 : PdDataMfi::getMrPdInfo Entering - getAUInfo:0 getAUInquiryBuffers:0
Tue Sep  8 01:36:31.225 2026 : PdDataMfi::getEnclDeviceId Exiting enclPersistentId:344
Tue Sep  8 01:36:31.225 2026 : PdDataMfi::getMrPdInfo Entering - getAUInfo:0 getAUInquiryBuffers:0
Tue Sep  8 01:36:31.225 2026 : PdDataMfi::getEnclDeviceId Exiting enclPersistentId:344
Tue Sep  8 01:36:31.225 2026 : PdDataMfi::getMrPdInfo Entering - getAUInfo:0 getAUInquiryBuffers:0
Tue Sep  8 01:36:31.225 2026 : PdDataMfi::getMrPdInfo Entering - getAUInfo:0 getAUInquiryBuffers:0
Tue Sep  8 01:36:31.225 2026 : PdDataMfi::getMrPdInfo Entering - getAUInfo:0 getAUInquiryBuffers:0
Tue Sep  8 01:36:31.225 2026 : PdDataMfi::getEnclDeviceId Exiting enclPersistentId:344
Tue Sep  8 01:36:31.225 2026 : PdDataMfi::getMrPdInfo Entering - getAUInfo:0 getAUInquiryBuffers:0
Tue Sep  8 01:36:31.225 2026 : PdDataMfi::getEnclDeviceId Exiting enclPersistentId:344
Tue Sep  8 01:36:31.225 2026 : PdDataMfi::getMrPdInfo Entering - getAUInfo:0 getAUInquiryBuffers:0
Tue Sep  8 01:36:31.225 2026 : PdDataMfi::getMrPdInfo Entering - getAUInfo:0 getAUInquiryBuffers:0
Tue Sep  8 01:36:31.225 2026 : PdDataMfi::getMrPdInfo Entering - getAUInfo:0 getAUInquiryBuffers:0
Tue Sep  8 01:36:31.225 2026 : PdDataMfi::getEnclDeviceId Exiting enclPersistentId:356
Tue Sep  8 01:36:31.225 2026 : PdDataMfi::getMrPdInfo Entering - getAUInfo:0 getAUInquiryBuffers:0
Tue Sep  8 01:36:31.225 2026 : PdDataMfi::getEnclDeviceId Exiting enclPersistentId:356
Tue Sep  8 01:36:31.225 2026 : PdDataMfi::getMrPdInfo Entering - getAUInfo:0 getAUInquiryBuffers:0
Tue Sep  8 01:36:31.225 2026 : PdDataMfi::getMrPdInfo Entering - getAUInfo:0 getAUInquiryBuffers:0
Tue Sep  8 01:36:31.225 2026 : PdDataMfi::getMrPdInfo Entering - getAUInfo:0 getAUInquiryBuffers:0
Tue Sep  8 01:36:31.225 2026 : PdDataMfi::getEnclDeviceId Exiting enclPersistentId:344
Tue Sep  8 01:36:31.225 2026 : PdDataMfi::getMrPdInfo Entering - getAUInfo:0 getAUInquiryBuffers:0
Tue Sep  8 01:36:31.225 2026 : PdDataMfi::getEnclDeviceId Exiting enclPersistentId:356
Tue Sep  8 01:36:31.225 2026 : PdDataMfi::getMrPdInfo Entering - getAUInfo:0 getAUInquiryBuffers:0
Tue Sep  8 01:36:31.225 2026 : PdDataMfi::getEnclDeviceId Exiting enclPersistentId:344
Tue Sep  8 01:36:31.225 2026 : PdDataMfi::getMrPdInfo Entering - getAUInfo:0 getAUInquiryBuffers:0
Tue Sep  8 01:36:31.225 2026 : PdDataMfi::getEnclDeviceId Exiting enclPersistentId:344
Tue Sep  8 01:36:31.225 2026 : PdDataMfi::getMrPdInfo Entering - getAUInfo:0 getAUInquiryBuffers:0
Tue Sep  8 01:36:31.225 2026 : PdDataMfi::getMrPdInfo Entering - getAUInfo:0 getAUInquiryBuffers:0
Tue Sep  8 01:36:31.225 2026 : PdDataMfi::getMrPdInfo Entering - getAUInfo:0 getAUInquiryBuffers:0
Tue Sep  8 01:36:31.225 2026 : PdDataMfi::getEnclDeviceId Exiting enclPersistentId:344
Tue Sep  8 01:36:31.225 2026 : PdDataMfi::getMrPdInfo Entering - getAUInfo:0 getAUInquiryBuffers:0

Tue Sep  8 01:36:31.225 2026 : PdDataMfi::getEnclDeviceId Exiting enclPersistentId:344
Tue Sep  8 01:36:31.225 2026 : PdDataMfi::getMrPdInfo Entering - getAUInfo:0 getAUInquiryBuffers:0
Tue Sep  8 01:36:31.225 2026 : PdDataMfi::getMrPdInfo Entering - getAUInfo:0 getAUInquiryBuffers:0
Tue Sep  8 01:36:31.225 2026 : PdDataMfi::getMrPdInfo Entering - getAUInfo:0 getAUInquiryBuffers:0
Tue Sep  8 01:36:31.225 2026 : PdDataMfi::getEnclDeviceId Exiting enclPersistentId:344
Tue Sep  8 01:36:31.225 2026 : PdDataMfi::getMrPdInfo Entering - getAUInfo:0 getAUInquiryBuffers:0
Tue Sep  8 01:36:31.225 2026 : PdDataMfi::getEnclDeviceId Exiting enclPersistentId:344
Tue Sep  8 01:36:31.225 2026 : PdDataMfi::getMrPdInfo Entering - getAUInfo:0 getAUInquiryBuffers:0
Tue Sep  8 01:36:31.225 2026 : PdDataMfi::getMrPdInfo Entering - getAUInfo:0 getAUInquiryBuffers:0
Tue Sep  8 01:36:31.225 2026 : PdDataMfi::getMrPdInfo Entering - getAUInfo:0 getAUInquiryBuffers:0
Tue Sep  8 01:36:31.226 2026 : PdDataMfi::getEnclDeviceId Exiting enclPersistentId:356
Tue Sep  8 01:36:31.226 2026 : PdDataMfi::getMrPdInfo Entering - getAUInfo:0 getAUInquiryBuffers:0
Tue Sep  8 01:36:31.226 2026 : PdDataMfi::getMrPdInfo - Reading drive information - Drive PID:349
Tue Sep  8 01:36:31.226 2026 : StoreLIBFacade::getDriveInfo Entering - Drive PID:349
Tue Sep  8 01:36:31.226 2026 : StoreLIBFacade::getDriveInfo DCMD OpCode: 0x2010000
Tue Sep  8 01:36:31.226 2026 : CLI8 : StoreLIBFacade::issueStorelibCmd Entering ctrlId=0

Tue Sep  8 01:36:31.226 2026 : CLI8 : StoreLIBFacade::fireStorelibCommand Entering

Tue Sep  8 01:36:31.226 2026 : CLI8 : StoreLIBFacade::fireStorelibCommand Exiting with retCode:0x0

Tue Sep  8 01:36:31.226 2026 : ResponseHandler::checkSl8Response ENTER
Tue Sep  8 01:36:31.226 2026 : ResponseHandler::clearSl8ResponseData Enter
Tue Sep  8 01:36:31.226 2026 : clear resp data
Tue Sep  8 01:36:31.226 2026 : ResponseHandler::clearSl8ResponseData Exit
Tue Sep  8 01:36:31.226 2026 : ResponseParser::CreateInstance Enter
Tue Sep  8 01:36:31.226 2026 : ResponseParser::CreateInstance Exit
Tue Sep  8 01:36:31.226 2026 : FirmwareFailuresParser::GetErrorStrings Enter SLExtStat=0
Tue Sep  8 01:36:31.226 2026 : FirmwareFailuresParser::IgnoreStatusParser Enter
Tue Sep  8 01:36:31.226 2026 : FirmwareFailuresParser::IgnoreStatusParser Exit
Tue Sep  8 01:36:31.226 2026 : FirmwareFailuresParser::GetErrorStrings Exit
Tue Sep  8 01:36:31.226 2026 : ResponseHandler::checkSl8Response .message string Ignore extended status
Tue Sep  8 01:36:31.226 2026 : ResponseHandler::checkSl8Response EXIT with return code 0x0
Tue Sep  8 01:36:31.226 2026 : ResponseHandler::handleMR8BufferStatus Entering
Tue Sep  8 01:36:31.226 2026 : ResponseHandler::handleMR8BufferStatus dataBufElements:10 cmdType:2 cmd:514
Tue Sep  8 01:36:31.226 2026 : ResponseHandler::handleMR8BufferStatus dataBufElements:10 opCode:0x2010000
Tue Sep  8 01:36:31.226 2026 : ResponseHandler::handleMR8BufferStatus buffer:2 bufStatus:7
Tue Sep  8 01:36:31.226 2026 : ResponseHandler::handleMR8BufferStatus buffer:3 bufStatus:7
Tue Sep  8 01:36:31.226 2026 : ResponseHandler::handleMR8BufferStatus buffer:4 bufStatus:7
Tue Sep  8 01:36:31.226 2026 : ResponseHandler::handleMR8BufferStatus buffer:5 bufStatus:7
Tue Sep  8 01:36:31.226 2026 : ResponseHandler::handleMR8BufferStatus buffer:6 bufStatus:7
Tue Sep  8 01:36:31.226 2026 : ResponseHandler::handleMR8BufferStatus buffer:7 bufStatus:7
Tue Sep  8 01:36:31.226 2026 : ResponseHandler::handleMR8BufferStatus buffer:8 bufStatus:7
Tue Sep  8 01:36:31.226 2026 : ResponseHandler::handleMR8BufferStatus buffer:9 bufStatus:2
Tue Sep  8 01:36:31.226 2026 : ResponseHandler::handleMR8BufferStatus memsettig buffer:9 bufLength:544
Tue Sep  8 01:36:31.226 2026 : ResponseHandler::handleMR8BufferStatus Exiting
Tue Sep  8 01:36:31.226 2026 : CLI8 : StoreLIBFacade::issueStorelibCmd Exiting with retCode:0 cmdExtStatus =0

Tue Sep  8 01:36:31.226 2026 : StoreLIBFacade::getDriveInfo - SL returns cmdExtStatus:0x0, reasonCode:0x0
Tue Sep  8 01:36:31.226 2026 : StoreLIBFacade::getDriveInfo Exiting - retCode:0

Tue Sep  8 01:36:31.226 2026 : PdDataMfi::getMrPdInfo - Reading drive information - Drive PID:349 retCode:0
Tue Sep  8 01:36:31.226 2026 : PdDataMf::getMrPdInfo - Exiting with retCode:0
Tue Sep  8 01:36:31.226 2026 : PdDataMfi::getEnclDeviceId Exiting enclPersistentId:356
Tue Sep  8 01:36:31.226 2026 : PdDataMfi::getMrPdInfo Entering - getAUInfo:0 getAUInquiryBuffers:0
Tue Sep  8 01:36:31.226 2026 : PdDataMfi::getMrPdInfo Entering - getAUInfo:0 getAUInquiryBuffers:0
Tue Sep  8 01:36:31.226 2026 : PdDataMfi::getMrPdInfo Entering - getAUInfo:0 getAUInquiryBuffers:0
Tue Sep  8 01:36:31.226 2026 : PdDataMfi::getEnclDeviceId Exiting enclPersistentId:356
Tue Sep  8 01:36:31.226 2026 : PdDataMfi::getMrPdInfo Entering - getAUInfo:0 getAUInquiryBuffers:0
Tue Sep  8 01:36:31.226 2026 : PdDataMfi::getEnclDeviceId Exiting enclPersistentId:356
Tue Sep  8 01:36:31.226 2026 : PdDataMfi::getMrPdInfo Entering - getAUInfo:0 getAUInquiryBuffers:0
Tue Sep  8 01:36:31.226 2026 : PdDataMfi::getMrPdInfo Entering - getAUInfo:0 getAUInquiryBuffers:0
Tue Sep  8 01:36:31.226 2026 : PdDataMfi::getMrPdInfo Entering - getAUInfo:0 getAUInquiryBuffers:0
Tue Sep  8 01:36:31.226 2026 : PdDataMfi::getMrPdInfo - Reading drive information - Drive PID:351
Tue Sep  8 01:36:31.226 2026 : StoreLIBFacade::getDriveInfo Entering - Drive PID:351
Tue Sep  8 01:36:31.226 2026 : StoreLIBFacade::getDriveInfo DCMD OpCode: 0x2010000
Tue Sep  8 01:36:31.226 2026 : CLI8 : StoreLIBFacade::issueStorelibCmd Entering ctrlId=0

Tue Sep  8 01:36:31.226 2026 : CLI8 : StoreLIBFacade::fireStorelibCommand Entering

Tue Sep  8 01:36:31.226 2026 : CLI8 : StoreLIBFacade::fireStorelibCommand Exiting with retCode:0x0

Tue Sep  8 01:36:31.226 2026 : ResponseHandler::checkSl8Response ENTER
Tue Sep  8 01:36:31.226 2026 : ResponseHandler::clearSl8ResponseData Enter
Tue Sep  8 01:36:31.226 2026 : clear resp data
Tue Sep  8 01:36:31.226 2026 : ResponseHandler::clearSl8ResponseData Exit
Tue Sep  8 01:36:31.226 2026 : ResponseParser::CreateInstance Enter
Tue Sep  8 01:36:31.226 2026 : ResponseParser::CreateInstance Exit
Tue Sep  8 01:36:31.226 2026 : FirmwareFailuresParser::GetErrorStrings Enter SLExtStat=0
Tue Sep  8 01:36:31.226 2026 : FirmwareFailuresParser::IgnoreStatusParser Enter
Tue Sep  8 01:36:31.226 2026 : FirmwareFailuresParser::IgnoreStatusParser Exit
Tue Sep  8 01:36:31.226 2026 : FirmwareFailuresParser::GetErrorStrings Exit
Tue Sep  8 01:36:31.226 2026 : ResponseHandler::checkSl8Response .message string Ignore extended status
Tue Sep  8 01:36:31.226 2026 : ResponseHandler::checkSl8Response EXIT with return code 0x0
Tue Sep  8 01:36:31.226 2026 : ResponseHandler::handleMR8BufferStatus Entering
Tue Sep  8 01:36:31.226 2026 : ResponseHandler::handleMR8BufferStatus dataBufElements:10 cmdType:2 cmd:514
Tue Sep  8 01:36:31.226 2026 : ResponseHandler::handleMR8BufferStatus dataBufElements:10 opCode:0x2010000
Tue Sep  8 01:36:31.226 2026 : ResponseHandler::handleMR8BufferStatus buffer:2 bufStatus:7
Tue Sep  8 01:36:31.226 2026 : ResponseHandler::handleMR8BufferStatus buffer:3 bufStatus:7
Tue Sep  8 01:36:31.226 2026 : ResponseHandler::handleMR8BufferStatus buffer:4 bufStatus:7
Tue Sep  8 01:36:31.226 2026 : ResponseHandler::handleMR8BufferStatus buffer:5 bufStatus:7
Tue Sep  8 01:36:31.226 2026 : ResponseHandler::handleMR8BufferStatus buffer:6 bufStatus:7
Tue Sep  8 01:36:31.226 2026 : ResponseHandler::handleMR8BufferStatus buffer:7 bufStatus:7
Tue Sep  8 01:36:31.226 2026 : ResponseHandler::handleMR8BufferStatus buffer:8 bufStatus:7
Tue Sep  8 01:36:31.226 2026 : ResponseHandler::handleMR8BufferStatus buffer:9 bufStatus:2
Tue Sep  8 01:36:31.226 2026 : ResponseHandler::handleMR8BufferStatus memsettig buffer:9 bufLength:544
Tue Sep  8 01:36:31.226 2026 : ResponseHandler::handleMR8BufferStatus Exiting
Tue Sep  8 01:36:31.226 2026 : CLI8 : StoreLIBFacade::issueStorelibCmd Exiting with retCode:0 cmdExtStatus =0

Tue Sep  8 01:36:31.226 2026 : StoreLIBFacade::getDriveInfo - SL returns cmdExtStatus:0x0, reasonCode:0x0
Tue Sep  8 01:36:31.226 2026 : StoreLIBFacade::getDriveInfo Exiting - retCode:0

Tue Sep  8 01:36:31.226 2026 : PdDataMfi::getMrPdInfo - Reading drive information - Drive PID:351 retCode:0
Tue Sep  8 01:36:31.226 2026 : PdDataMf::getMrPdInfo - Exiting with retCode:0
Tue Sep  8 01:36:31.226 2026 : PdDataMfi::getEnclDeviceId Exiting enclPersistentId:356
Tue Sep  8 01:36:31.226 2026 : PdDataMfi::getMrPdInfo Entering - getAUInfo:0 getAUInquiryBuffers:0
Tue Sep  8 01:36:31.226 2026 : PdDataMfi::getMrPdInfo - Reading drive information - Drive PID:352
Tue Sep  8 01:36:31.226 2026 : StoreLIBFacade::getDriveInfo Entering - Drive PID:352
Tue Sep  8 01:36:31.226 2026 : StoreLIBFacade::getDriveInfo DCMD OpCode: 0x2010000
Tue Sep  8 01:36:31.226 2026 : CLI8 : StoreLIBFacade::issueStorelibCmd Entering ctrlId=0

Tue Sep  8 01:36:31.226 2026 : CLI8 : StoreLIBFacade::fireStorelibCommand Entering

Tue Sep  8 01:36:31.227 2026 : CLI8 : StoreLIBFacade::fireStorelibCommand Exiting with retCode:0x0

Tue Sep  8 01:36:31.227 2026 : ResponseHandler::checkSl8Response ENTER
Tue Sep  8 01:36:31.227 2026 : ResponseHandler::clearSl8ResponseData Enter
Tue Sep  8 01:36:31.227 2026 : clear resp data
Tue Sep  8 01:36:31.227 2026 : ResponseHandler::clearSl8ResponseData Exit
Tue Sep  8 01:36:31.227 2026 : ResponseParser::CreateInstance Enter
Tue Sep  8 01:36:31.227 2026 : ResponseParser::CreateInstance Exit
Tue Sep  8 01:36:31.227 2026 : FirmwareFailuresParser::GetErrorStrings Enter SLExtStat=0
Tue Sep  8 01:36:31.227 2026 : FirmwareFailuresParser::IgnoreStatusParser Enter
Tue Sep  8 01:36:31.227 2026 : FirmwareFailuresParser::IgnoreStatusParser Exit
Tue Sep  8 01:36:31.227 2026 : FirmwareFailuresParser::GetErrorStrings Exit
Tue Sep  8 01:36:31.227 2026 : ResponseHandler::checkSl8Response .message string Ignore extended status
Tue Sep  8 01:36:31.227 2026 : ResponseHandler::checkSl8Response EXIT with return code 0x0
Tue Sep  8 01:36:31.227 2026 : ResponseHandler::handleMR8BufferStatus Entering
Tue Sep  8 01:36:31.227 2026 : ResponseHandler::handleMR8BufferStatus dataBufElements:10 cmdType:2 cmd:514
Tue Sep  8 01:36:31.227 2026 : ResponseHandler::handleMR8BufferStatus dataBufElements:10 opCode:0x2010000
Tue Sep  8 01:36:31.227 2026 : ResponseHandler::handleMR8BufferStatus buffer:2 bufStatus:7
Tue Sep  8 01:36:31.227 2026 : ResponseHandler::handleMR8BufferStatus buffer:3 bufStatus:7
Tue Sep  8 01:36:31.227 2026 : ResponseHandler::handleMR8BufferStatus buffer:4 bufStatus:7
Tue Sep  8 01:36:31.227 2026 : ResponseHandler::handleMR8BufferStatus buffer:5 bufStatus:7
Tue Sep  8 01:36:31.227 2026 : ResponseHandler::handleMR8BufferStatus buffer:6 bufStatus:7
Tue Sep  8 01:36:31.227 2026 : ResponseHandler::handleMR8BufferStatus buffer:7 bufStatus:7
Tue Sep  8 01:36:31.227 2026 : ResponseHandler::handleMR8BufferStatus buffer:8 bufStatus:7
Tue Sep  8 01:36:31.227 2026 : ResponseHandler::handleMR8BufferStatus buffer:9 bufStatus:2
Tue Sep  8 01:36:31.227 2026 : ResponseHandler::handleMR8BufferStatus memsettig buffer:9 bufLength:544
Tue Sep  8 01:36:31.227 2026 : ResponseHandler::handleMR8BufferStatus Exiting
Tue Sep  8 01:36:31.227 2026 : CLI8 : StoreLIBFacade::issueStorelibCmd Exiting with retCode:0 cmdExtStatus =0

Tue Sep  8 01:36:31.227 2026 : StoreLIBFacade::getDriveInfo - SL returns cmdExtStatus:0x0, reasonCode:0x0
Tue Sep  8 01:36:31.227 2026 : StoreLIBFacade::getDriveInfo Exiting - retCode:0

Tue Sep  8 01:36:31.227 2026 : PdDataMfi::getMrPdInfo - Reading drive information - Drive PID:352 retCode:0
Tue Sep  8 01:36:31.227 2026 : PdDataMf::getMrPdInfo - Exiting with retCode:0
Tue Sep  8 01:36:31.227 2026 : PdDataMfi::getEnclDeviceId Exiting enclPersistentId:356
Tue Sep  8 01:36:31.227 2026 : PdDataMfi::getMrPdInfo Entering - getAUInfo:0 getAUInquiryBuffers:0
Tue Sep  8 01:36:31.227 2026 : PdDataMfi::getMrPdInfo Entering - getAUInfo:0 getAUInquiryBuffers:0
Tue Sep  8 01:36:31.227 2026 : PdDataMfi::getMrPdInfo Entering - getAUInfo:0 getAUInquiryBuffers:0
Tue Sep  8 01:36:31.227 2026 : PdDataMfi::getMrPdInfo - Reading drive information - Drive PID:350
Tue Sep  8 01:36:31.227 2026 : StoreLIBFacade::getDriveInfo Entering - Drive PID:350
Tue Sep  8 01:36:31.227 2026 : StoreLIBFacade::getDriveInfo DCMD OpCode: 0x2010000
Tue Sep  8 01:36:31.227 2026 : CLI8 : StoreLIBFacade::issueStorelibCmd Entering ctrlId=0

Tue Sep  8 01:36:31.227 2026 : CLI8 : StoreLIBFacade::fireStorelibCommand Entering

Tue Sep  8 01:36:31.227 2026 : CLI8 : StoreLIBFacade::fireStorelibCommand Exiting with retCode:0x0

Tue Sep  8 01:36:31.227 2026 : ResponseHandler::checkSl8Response ENTER
Tue Sep  8 01:36:31.227 2026 : ResponseHandler::clearSl8ResponseData Enter
Tue Sep  8 01:36:31.227 2026 : clear resp data
Tue Sep  8 01:36:31.227 2026 : ResponseHandler::clearSl8ResponseData Exit
Tue Sep  8 01:36:31.227 2026 : ResponseParser::CreateInstance Enter
Tue Sep  8 01:36:31.227 2026 : ResponseParser::CreateInstance Exit
Tue Sep  8 01:36:31.227 2026 : FirmwareFailuresParser::GetErrorStrings Enter SLExtStat=0
Tue Sep  8 01:36:31.227 2026 : FirmwareFailuresParser::IgnoreStatusParser Enter
Tue Sep  8 01:36:31.227 2026 : FirmwareFailuresParser::IgnoreStatusParser Exit
Tue Sep  8 01:36:31.227 2026 : FirmwareFailuresParser::GetErrorStrings Exit
Tue Sep  8 01:36:31.227 2026 : ResponseHandler::checkSl8Response .message string Ignore extended status
Tue Sep  8 01:36:31.227 2026 : ResponseHandler::checkSl8Response EXIT with return code 0x0
Tue Sep  8 01:36:31.227 2026 : ResponseHandler::handleMR8BufferStatus Entering
Tue Sep  8 01:36:31.227 2026 : ResponseHandler::handleMR8BufferStatus dataBufElements:10 cmdType:2 cmd:514
Tue Sep  8 01:36:31.227 2026 : ResponseHandler::handleMR8BufferStatus dataBufElements:10 opCode:0x2010000
Tue Sep  8 01:36:31.227 2026 : ResponseHandler::handleMR8BufferStatus buffer:2 bufStatus:7
Tue Sep  8 01:36:31.227 2026 : ResponseHandler::handleMR8BufferStatus buffer:3 bufStatus:7
Tue Sep  8 01:36:31.227 2026 : ResponseHandler::handleMR8BufferStatus buffer:4 bufStatus:7
Tue Sep  8 01:36:31.227 2026 : ResponseHandler::handleMR8BufferStatus buffer:5 bufStatus:7
Tue Sep  8 01:36:31.227 2026 : ResponseHandler::handleMR8BufferStatus buffer:6 bufStatus:7
Tue Sep  8 01:36:31.227 2026 : ResponseHandler::handleMR8BufferStatus buffer:7 bufStatus:7
Tue Sep  8 01:36:31.227 2026 : ResponseHandler::handleMR8BufferStatus buffer:8 bufStatus:7
Tue Sep  8 01:36:31.227 2026 : ResponseHandler::handleMR8BufferStatus buffer:9 bufStatus:2
Tue Sep  8 01:36:31.227 2026 : ResponseHandler::handleMR8BufferStatus memsettig buffer:9 bufLength:544
Tue Sep  8 01:36:31.227 2026 : ResponseHandler::handleMR8BufferStatus Exiting
Tue Sep  8 01:36:31.227 2026 : CLI8 : StoreLIBFacade::issueStorelibCmd Exiting with retCode:0 cmdExtStatus =0

Tue Sep  8 01:36:31.227 2026 : StoreLIBFacade::getDriveInfo - SL returns cmdExtStatus:0x0, reasonCode:0x0
Tue Sep  8 01:36:31.227 2026 : StoreLIBFacade::getDriveInfo Exiting - retCode:0

Tue Sep  8 01:36:31.227 2026 : PdDataMfi::getMrPdInfo - Reading drive information - Drive PID:350 retCode:0
Tue Sep  8 01:36:31.227 2026 : PdDataMf::getMrPdInfo - Exiting with retCode:0
Tue Sep  8 01:36:31.227 2026 : PdDataMfi::getEnclDeviceId Exiting enclPersistentId:356
Tue Sep  8 01:36:31.227 2026 : PdDataMfi::getMrPdInfo Entering - getAUInfo:0 getAUInquiryBuffers:0
Tue Sep  8 01:36:31.227 2026 : PdDataMfi::getEnclDeviceId Exiting enclPersistentId:356
Tue Sep  8 01:36:31.227 2026 : PdDataMfi::getMrPdInfo Entering - getAUInfo:0 getAUInquiryBuffers:0
Tue Sep  8 01:36:31.227 2026 : PdDataMfi::getMrPdInfo Entering - getAUInfo:0 getAUInquiryBuffers:0
Tue Sep  8 01:36:31.227 2026 : PdDataMfi::getMrPdInfo Entering - getAUInfo:0 getAUInquiryBuffers:0
Tue Sep  8 01:36:31.227 2026 : PdDataMfi::getEnclDeviceId Exiting enclPersistentId:356
Tue Sep  8 01:36:31.227 2026 : PdDataMfi::getMrPdInfo Entering - getAUInfo:0 getAUInquiryBuffers:0
Tue Sep  8 01:36:31.227 2026 : PdDataMfi::getEnclDeviceId Exiting enclPersistentId:356
Tue Sep  8 01:36:31.227 2026 : PdDataMfi::getMrPdInfo Entering - getAUInfo:0 getAUInquiryBuffers:0
Tue Sep  8 01:36:31.227 2026 : PdDataMfi::getMrPdInfo Entering - getAUInfo:0 getAUInquiryBuffers:0
Tue Sep  8 01:36:31.227 2026 : PdDataMfi::getMrPdInfo Entering - getAUInfo:0 getAUInquiryBuffers:0
Tue Sep  8 01:36:31.227 2026 : PdDataMfi::getEnclDeviceId Exiting enclPersistentId:356
Tue Sep  8 01:36:31.227 2026 : PdDataMfi::getMrPdInfo Entering - getAUInfo:0 getAUInquiryBuffers:0
Tue Sep  8 01:36:31.227 2026 : PdDataMfi::getEnclDeviceId Exiting enclPersistentId:356
Tue Sep  8 01:36:31.227 2026 : PdDataMfi::getMrPdInfo Entering - getAUInfo:0 getAUInquiryBuffers:0
Tue Sep  8 01:36:31.227 2026 : PdDataMfi::getMrPdInfo Entering - getAUInfo:0 getAUInquiryBuffers:0
Tue Sep  8 01:36:31.227 2026 : PdDataMfi::getMrPdInfo Entering - getAUInfo:0 getAUInquiryBuffers:0
Tue Sep  8 01:36:31.227 2026 : PdDataMfi::getEnclDeviceId Exiting enclPersistentId:356
Tue Sep  8 01:36:31.227 2026 : PdDataMfi::getMrPdInfo Entering - getAUInfo:0 getAUInquiryBuffers:0
Tue Sep  8 01:36:31.227 2026 : PdDataMfi::getEnclDeviceId Exiting enclPersistentId:356
Tue Sep  8 01:36:31.227 2026 : PdDataMfi::getMrPdInfo Entering - getAUInfo:0 getAUInquiryBuffers:0
Tue Sep  8 01:36:31.227 2026 : PdDataMfi::getMrPdInfo Entering - getAUInfo:0 getAUInquiryBuffers:0
Tue Sep  8 01:36:31.227 2026 : PdDataMfi::getMrPdInfo Entering - getAUInfo:0 getAUInquiryBuffers:0
Tue Sep  8 01:36:31.227 2026 : PdDataMfi::getEnclDeviceId Exiting enclPersistentId:344
Tue Sep  8 01:36:31.227 2026 : PdDataMfi::getMrPdInfo Entering - getAUInfo:0 getAUInquiryBuffers:0
Tue Sep  8 01:36:31.227 2026 : PdDataMfi::getEnclDeviceId Exiting enclPersistentId:356
Tue Sep  8 01:36:31.227 2026 : PdDataMfi::getMrPdInfo Entering - getAUInfo:0 getAUInquiryBuffers:0
Tue Sep  8 01:36:31.227 2026 : PdDataMfi::getEnclDeviceId Exiting enclPersistentId:344
Tue Sep  8 01:36:31.227 2026 : PdDataMfi::getMrPdInfo Entering - getAUInfo:0 getAUInquiryBuffers:0
Tue Sep  8 01:36:31.227 2026 : PdDataMfi::getEnclDeviceId Exiting enclPersistentId:356
Tue Sep  8 01:36:31.227 2026 : PdDataMfi::getMrPdInfo Entering - getAUInfo:0 getAUInquiryBuffers:0
Tue Sep  8 01:36:31.228 2026 : PdDataMfi::getEnclDeviceId Exiting enclPersistentId:344
Tue Sep  8 01:36:31.228 2026 : PdDataMfi::getMrPdInfo Entering - getAUInfo:0 getAUInquiryBuffers:0
Tue Sep  8 01:36:31.228 2026 : PdDataMfi::getEnclDeviceId Exiting enclPersistentId:356
Tue Sep  8 01:36:31.228 2026 : PdDataMfi::getMrPdInfo Entering - getAUInfo:0 getAUInquiryBuffers:0
Tue Sep  8 01:36:31.228 2026 : PdDataMfi::getEnclDeviceId Exiting enclPersistentId:344
Tue Sep  8 01:36:31.228 2026 : PdDataMfi::getMrPdInfo Entering - getAUInfo:0 getAUInquiryBuffers:0
Tue Sep  8 01:36:31.228 2026 : PdDataMfi::getEnclDeviceId Exiting enclPersistentId:356
Tue Sep  8 01:36:31.228 2026 : PdDataMfi::getMrPdInfo Entering - getAUInfo:0 getAUInquiryBuffers:0
Tue Sep  8 01:36:31.228 2026 : PdDataMfi::getEnclDeviceId Exiting enclPersistentId:356
Tue Sep  8 01:36:31.228 2026 : PdDataMfi::getMrPdInfo Entering - getAUInfo:0 getAUInquiryBuffers:0
Tue Sep  8 01:36:31.228 2026 : PdDataMfi::getEnclDeviceId Exiting enclPersistentId:356
Tue Sep  8 01:36:31.228 2026 : PdDataMfi::getMrPdInfo Entering - getAUInfo:0 getAUInquiryBuffers:0
Tue Sep  8 01:36:31.228 2026 : PdDataMfi::getMrPdInfo Entering - getAUInfo:0 getAUInquiryBuffers:0
Tue Sep  8 01:36:31.228 2026 : PdDataMfi::getMrPdInfo Entering - getAUInfo:0 getAUInquiryBuffers:0
Tue Sep  8 01:36:31.228 2026 : PdDataMfi::getEnclDeviceId Exiting enclPersistentId:356
Tue Sep  8 01:36:31.228 2026 : PdDataMfi::getMrPdInfo Entering - getAUInfo:0 getAUInquiryBuffers:0
Tue Sep  8 01:36:31.228 2026 : PdDataMfi::getEnclDeviceId Exiting enclPersistentId:356
Tue Sep  8 01:36:31.228 2026 : PdDataMfi::getMrPdInfo Entering - getAUInfo:0 getAUInquiryBuffers:0
Tue Sep  8 01:36:31.228 2026 : PdDataMfi::getMrPdInfo Entering - getAUInfo:0 getAUInquiryBuffers:0
Tue Sep  8 01:36:31.228 2026 : PdDataMfi::getMrPdInfo Entering - getAUInfo:0 getAUInquiryBuffers:0
Tue Sep  8 01:36:31.228 2026 : PdDataMfi::getMrPdInfo Entering - getAUInfo:0 getAUInquiryBuffers:0
Tue Sep  8 01:36:31.228 2026 : PdDataMfi::getEnclDeviceId Exiting enclPersistentId:344
Tue Sep  8 01:36:31.228 2026 : PdDataMfi::getMrPdInfo Entering - getAUInfo:0 getAUInquiryBuffers:0
Tue Sep  8 01:36:31.228 2026 : PdDataMfi::PdInfo Entering
Tue Sep  8 01:36:31.228 2026 : PdDataMfi::getMrPdInfo Entering - getAUInfo:1 getAUInquiryBuffers:1
Tue Sep  8 01:36:31.228 2026 : CtrlDataManager getInstance Entering

Tue Sep  8 01:36:31.228 2026 : CtrlDataManager getSupportedSizeBaseUnits Entering
Tue Sep  8 01:36:31.228 2026 : CtrlDataManager getMrCtrlInfo - Entering

Tue Sep  8 01:36:31.228 2026 : CtrlDataManager getMrCtrlInfo - Returning persisted Static and Dynamic controller info

Tue Sep  8 01:36:31.228 2026 : CtrlDataManager getSupportedSizeBaseUnits Exiting - retCode :0 *baseUnits:0
Tue Sep  8 01:36:31.228 2026 : PdDataMfi::getMrPdInfo Entering - getAUInfo:0 getAUInquiryBuffers:0
Tue Sep  8 01:36:31.228 2026 : PdDataMfi::getMrPdInfo Entering - getAUInfo:0 getAUInquiryBuffers:0
Tue Sep  8 01:36:31.228 2026 : PdDataMfi::getMrPdInfo Entering - getAUInfo:0 getAUInquiryBuffers:0
Tue Sep  8 01:36:31.228 2026 : PdDataMfi::getMrPdInfo Entering - getAUInfo:0 getAUInquiryBuffers:0
Tue Sep  8 01:36:31.228 2026 : PdDataMfi::getMrPdInfo Entering - getAUInfo:0 getAUInquiryBuffers:0
Tue Sep  8 01:36:31.228 2026 : PdDataMfi::getEnclDeviceId Exiting enclPersistentId:344
Tue Sep  8 01:36:31.228 2026 : PdDataMfi::PdInfo pdState : 2
Tue Sep  8 01:36:31.228 2026 : PdDataMfi::getDriveState Entering - driveState:0x2 isSupported:1
Tue Sep  8 01:36:31.228 2026 : PdDataMfi::getDriveState Exiting - DriveState:Conf
Tue Sep  8 01:36:31.228 2026 : PdDataMfi::getMrPdInfo Entering - getAUInfo:1 getAUInquiryBuffers:0
Tue Sep  8 01:36:31.228 2026 : PdDataMfi::getShortLUNStatus Entering
Tue Sep  8 01:36:31.228 2026 : PdDataMfi::getShortLUNStatus - AU Count:1
Tue Sep  8 01:36:31.228 2026 : PdDataMfi::getLUNStatus Entering - lunStatus:9
Tue Sep  8 01:36:31.228 2026 : PdDataMfi::getLUNStatus Exiting - LUN Status:Online
Tue Sep  8 01:36:31.228 2026 : PdDataMfi::getShortLUNStatus lunStatusStr:Online
Tue Sep  8 01:36:31.228 2026 : PdDataMfi::PdInfo - AU Count:1
Tue Sep  8 01:36:31.228 2026 : PdDataMfi::getPdConfigInfo Entering
Tue Sep  8 01:36:31.228 2026 : ConfigDataManager getInstance Entering

Tue Sep  8 01:36:31.228 2026 : PdDataMfi::getMrPdInfo Entering - getAUInfo:0 getAUInquiryBuffers:0
Tue Sep  8 01:36:31.228 2026 : PdDataMfi::getPdConfigInfo dgListPtr->getCount():3
Tue Sep  8 01:36:31.228 2026 : getPdConfigInfo - arrayListPtr->getCount():1
Tue Sep  8 01:36:31.228 2026 : PdDataMf::getPdConfigInfo - DriveCount:4
Tue Sep  8 01:36:31.228 2026 : PdDataMfi::getMrPdInfo Entering - getAUInfo:0 getAUInquiryBuffers:0
Tue Sep  8 01:36:31.228 2026 : PdDataMf::getPdConfigInfo - Exiting
Tue Sep  8 01:36:31.228 2026 : PdDataMf::PdInfo - Getting model number - driveInquiryDataLength:520 scsiInquiryDataLength:82
Tue Sep  8 01:36:31.228 2026 : PdDataMfi::getAtlpathDriveId Entering
Tue Sep  8 01:36:31.228 2026 : PdDataMfi::getMrPdInfo Entering - getAUInfo:0 getAUInquiryBuffers:0
Tue Sep  8 01:36:31.228 2026 : PdDataMfi::altPath Exiting retCode:0 altPath:-
Tue Sep  8 01:36:31.228 2026 : PdDataMfi::getAllLunInfo Entering
Tue Sep  8 01:36:31.228 2026 : CtrlDataManager getInstance Entering

Tue Sep  8 01:36:31.228 2026 : PdDataMfi::getMrPdInfo Entering - getAUInfo:1 getAUInquiryBuffers:0
Tue Sep  8 01:36:31.228 2026 : CtrlDataManager getSupportedSizeBaseUnits Entering
Tue Sep  8 01:36:31.228 2026 : CtrlDataManager getMrCtrlInfo - Entering

Tue Sep  8 01:36:31.228 2026 : CtrlDataManager getMrCtrlInfo - Returning persisted Static and Dynamic controller info

Tue Sep  8 01:36:31.228 2026 : CtrlDataManager getSupportedSizeBaseUnits Exiting - retCode :0 *baseUnits:0
Tue Sep  8 01:36:31.228 2026 : PdDataMfi::getMrPdInfo Entering - getAUInfo:0 getAUInquiryBuffers:0
Tue Sep  8 01:36:31.228 2026 : PdDataMfi::getLUNStatus Entering - lunStatus:9
Tue Sep  8 01:36:31.228 2026 : PdDataMfi::getLUNStatus Exiting - LUN Status:Online
Tue Sep  8 01:36:31.228 2026 : PdDataMfi::getMrPdInfo Entering - getAUInfo:0 getAUInquiryBuffers:0
Tue Sep  8 01:36:31.228 2026 : PdDataMfi::getMrPdInfo Entering - getAUInfo:0 getAUInquiryBuffers:0
Tue Sep  8 01:36:31.228 2026 : PdDataMfi::getEnclDeviceId Exiting enclPersistentId:344
Tue Sep  8 01:36:31.228 2026 : PdDataMfi::getMrPdInfo Entering - getAUInfo:0 getAUInquiryBuffers:0
Tue Sep  8 01:36:31.228 2026 : PdDataMfi::PdInfo Entering
Tue Sep  8 01:36:31.228 2026 : PdDataMfi::getMrPdInfo Entering - getAUInfo:1 getAUInquiryBuffers:1
Tue Sep  8 01:36:31.228 2026 : CtrlDataManager getInstance Entering

Tue Sep  8 01:36:31.228 2026 : CtrlDataManager getSupportedSizeBaseUnits Entering
Tue Sep  8 01:36:31.228 2026 : CtrlDataManager getMrCtrlInfo - Entering

Tue Sep  8 01:36:31.228 2026 : CtrlDataManager getMrCtrlInfo - Returning persisted Static and Dynamic controller info

Tue Sep  8 01:36:31.228 2026 : CtrlDataManager getSupportedSizeBaseUnits Exiting - retCode :0 *baseUnits:0
Tue Sep  8 01:36:31.228 2026 : PdDataMfi::getMrPdInfo Entering - getAUInfo:0 getAUInquiryBuffers:0
Tue Sep  8 01:36:31.228 2026 : PdDataMfi::getMrPdInfo Entering - getAUInfo:0 getAUInquiryBuffers:0
Tue Sep  8 01:36:31.228 2026 : PdDataMfi::getMrPdInfo Entering - getAUInfo:0 getAUInquiryBuffers:0
Tue Sep  8 01:36:31.228 2026 : PdDataMfi::getMrPdInfo Entering - getAUInfo:0 getAUInquiryBuffers:0
Tue Sep  8 01:36:31.228 2026 : PdDataMfi::getMrPdInfo Entering - getAUInfo:0 getAUInquiryBuffers:0
Tue Sep  8 01:36:31.228 2026 : PdDataMfi::getEnclDeviceId Exiting enclPersistentId:344
Tue Sep  8 01:36:31.228 2026 : PdDataMfi::PdInfo pdState : 2
Tue Sep  8 01:36:31.228 2026 : PdDataMfi::getDriveState Entering - driveState:0x2 isSupported:1
Tue Sep  8 01:36:31.228 2026 : PdDataMfi::getDriveState Exiting - DriveState:Conf
Tue Sep  8 01:36:31.228 2026 : PdDataMfi::getMrPdInfo Entering - getAUInfo:1 getAUInquiryBuffers:0
Tue Sep  8 01:36:31.228 2026 : PdDataMfi::getShortLUNStatus Entering
Tue Sep  8 01:36:31.228 2026 : PdDataMfi::getShortLUNStatus - AU Count:1
Tue Sep  8 01:36:31.228 2026 : PdDataMfi::getLUNStatus Entering - lunStatus:9
Tue Sep  8 01:36:31.228 2026 : PdDataMfi::getLUNStatus Exiting - LUN Status:Online
Tue Sep  8 01:36:31.228 2026 : PdDataMfi::getShortLUNStatus lunStatusStr:Online
Tue Sep  8 01:36:31.228 2026 : PdDataMfi::PdInfo - AU Count:1
Tue Sep  8 01:36:31.228 2026 : PdDataMfi::getPdConfigInfo Entering
Tue Sep  8 01:36:31.228 2026 : ConfigDataManager getInstance Entering

Tue Sep  8 01:36:31.228 2026 : PdDataMfi::getMrPdInfo Entering - getAUInfo:0 getAUInquiryBuffers:0
Tue Sep  8 01:36:31.228 2026 : PdDataMfi::getPdConfigInfo dgListPtr->getCount():3
Tue Sep  8 01:36:31.228 2026 : getPdConfigInfo - arrayListPtr->getCount():1
Tue Sep  8 01:36:31.228 2026 : PdDataMf::getPdConfigInfo - DriveCount:4
Tue Sep  8 01:36:31.228 2026 : PdDataMfi::getMrPdInfo Entering - getAUInfo:0 getAUInquiryBuffers:0
Tue Sep  8 01:36:31.228 2026 : PdDataMfi::getMrPdInfo Entering - getAUInfo:0 getAUInquiryBuffers:0
Tue Sep  8 01:36:31.228 2026 : PdDataMf::getPdConfigInfo - Exiting
Tue Sep  8 01:36:31.228 2026 : PdDataMf::PdInfo - Getting model number - driveInquiryDataLength:520 scsiInquiryDataLength:82
Tue Sep  8 01:36:31.228 2026 : PdDataMfi::getAtlpathDriveId Entering
Tue Sep  8 01:36:31.228 2026 : PdDataMfi::getMrPdInfo Entering - getAUInfo:0 getAUInquiryBuffers:0
Tue Sep  8 01:36:31.228 2026 : PdDataMfi::altPath Exiting retCode:0 altPath:-
Tue Sep  8 01:36:31.228 2026 : PdDataMfi::getAllLunInfo Entering
Tue Sep  8 01:36:31.228 2026 : CtrlDataManager getInstance Entering

Tue Sep  8 01:36:31.228 2026 : PdDataMfi::getMrPdInfo Entering - getAUInfo:1 getAUInquiryBuffers:0
Tue Sep  8 01:36:31.228 2026 : CtrlDataManager getSupportedSizeBaseUnits Entering
Tue Sep  8 01:36:31.228 2026 : CtrlDataManager getMrCtrlInfo - Entering

Tue Sep  8 01:36:31.228 2026 : CtrlDataManager getMrCtrlInfo - Returning persisted Static and Dynamic controller info

Tue Sep  8 01:36:31.228 2026 : CtrlDataManager getSupportedSizeBaseUnits Exiting - retCode :0 *baseUnits:0
Tue Sep  8 01:36:31.228 2026 : PdDataMfi::getMrPdInfo Entering - getAUInfo:0 getAUInquiryBuffers:0
Tue Sep  8 01:36:31.228 2026 : PdDataMfi::getLUNStatus Entering - lunStatus:9
Tue Sep  8 01:36:31.228 2026 : PdDataMfi::getLUNStatus Exiting - LUN Status:Online
Tue Sep  8 01:36:31.228 2026 : PdDataMfi::getMrPdInfo Entering - getAUInfo:0 getAUInquiryBuffers:0
Tue Sep  8 01:36:31.228 2026 : PdDataMfi::getMrPdInfo Entering - getAUInfo:0 getAUInquiryBuffers:0
Tue Sep  8 01:36:31.228 2026 : PdDataMfi::getEnclDeviceId Exiting enclPersistentId:344
Tue Sep  8 01:36:31.228 2026 : PdDataMfi::getMrPdInfo Entering - getAUInfo:0 getAUInquiryBuffers:0
Tue Sep  8 01:36:31.228 2026 : PdDataMfi::PdInfo Entering
Tue Sep  8 01:36:31.228 2026 : PdDataMfi::getMrPdInfo Entering - getAUInfo:1 getAUInquiryBuffers:1
Tue Sep  8 01:36:31.228 2026 : CtrlDataManager getInstance Entering

Tue Sep  8 01:36:31.228 2026 : CtrlDataManager getSupportedSizeBaseUnits Entering
Tue Sep  8 01:36:31.228 2026 : CtrlDataManager getMrCtrlInfo - Entering

Tue Sep  8 01:36:31.228 2026 : CtrlDataManager getMrCtrlInfo - Returning persisted Static and Dynamic controller info

Tue Sep  8 01:36:31.228 2026 : CtrlDataManager getSupportedSizeBaseUnits Exiting - retCode :0 *baseUnits:0
Tue Sep  8 01:36:31.228 2026 : PdDataMfi::getMrPdInfo Entering - getAUInfo:0 getAUInquiryBuffers:0
Tue Sep  8 01:36:31.228 2026 : PdDataMfi::getMrPdInfo Entering - getAUInfo:0 getAUInquiryBuffers:0
Tue Sep  8 01:36:31.228 2026 : PdDataMfi::getMrPdInfo Entering - getAUInfo:0 getAUInquiryBuffers:0
Tue Sep  8 01:36:31.228 2026 : PdDataMfi::getMrPdInfo Entering - getAUInfo:0 getAUInquiryBuffers:0
Tue Sep  8 01:36:31.228 2026 : PdDataMfi::getMrPdInfo Entering - getAUInfo:0 getAUInquiryBuffers:0
Tue Sep  8 01:36:31.228 2026 : PdDataMfi::getEnclDeviceId Exiting enclPersistentId:344
Tue Sep  8 01:36:31.228 2026 : PdDataMfi::PdInfo pdState : 2
Tue Sep  8 01:36:31.228 2026 : PdDataMfi::getDriveState Entering - driveState:0x2 isSupported:1
Tue Sep  8 01:36:31.228 2026 : PdDataMfi::getDriveState Exiting - DriveState:Conf
Tue Sep  8 01:36:31.228 2026 : PdDataMfi::getMrPdInfo Entering - getAUInfo:1 getAUInquiryBuffers:0
Tue Sep  8 01:36:31.228 2026 : PdDataMfi::getShortLUNStatus Entering
Tue Sep  8 01:36:31.228 2026 : PdDataMfi::getShortLUNStatus - AU Count:1
Tue Sep  8 01:36:31.228 2026 : PdDataMfi::getLUNStatus Entering - lunStatus:9
Tue Sep  8 01:36:31.228 2026 : PdDataMfi::getLUNStatus Exiting - LUN Status:Online
Tue Sep  8 01:36:31.228 2026 : PdDataMfi::getShortLUNStatus lunStatusStr:Online
Tue Sep  8 01:36:31.228 2026 : PdDataMfi::PdInfo - AU Count:1
Tue Sep  8 01:36:31.228 2026 : PdDataMfi::getPdConfigInfo Entering
Tue Sep  8 01:36:31.228 2026 : ConfigDataManager getInstance Entering

Tue Sep  8 01:36:31.228 2026 : PdDataMfi::getMrPdInfo Entering - getAUInfo:0 getAUInquiryBuffers:0
Tue Sep  8 01:36:31.228 2026 : PdDataMfi::getPdConfigInfo dgListPtr->getCount():3
Tue Sep  8 01:36:31.228 2026 : getPdConfigInfo - arrayListPtr->getCount():1
Tue Sep  8 01:36:31.228 2026 : PdDataMf::getPdConfigInfo - DriveCount:4
Tue Sep  8 01:36:31.228 2026 : PdDataMfi::getMrPdInfo Entering - getAUInfo:0 getAUInquiryBuffers:0
Tue Sep  8 01:36:31.228 2026 : PdDataMfi::getMrPdInfo Entering - getAUInfo:0 getAUInquiryBuffers:0
Tue Sep  8 01:36:31.228 2026 : PdDataMfi::getMrPdInfo Entering - getAUInfo:0 getAUInquiryBuffers:0
Tue Sep  8 01:36:31.228 2026 : PdDataMf::getPdConfigInfo - Exiting
Tue Sep  8 01:36:31.228 2026 : PdDataMf::PdInfo - Getting model number - driveInquiryDataLength:520 scsiInquiryDataLength:82
Tue Sep  8 01:36:31.228 2026 : PdDataMfi::getAtlpathDriveId Entering
Tue Sep  8 01:36:31.228 2026 : PdDataMfi::getMrPdInfo Entering - getAUInfo:0 getAUInquiryBuffers:0
Tue Sep  8 01:36:31.228 2026 : PdDataMfi::altPath Exiting retCode:0 altPath:-
Tue Sep  8 01:36:31.228 2026 : PdDataMfi::getAllLunInfo Entering
Tue Sep  8 01:36:31.228 2026 : CtrlDataManager getInstance Entering

Tue Sep  8 01:36:31.228 2026 : PdDataMfi::getMrPdInfo Entering - getAUInfo:1 getAUInquiryBuffers:0
Tue Sep  8 01:36:31.228 2026 : CtrlDataManager getSupportedSizeBaseUnits Entering
Tue Sep  8 01:36:31.228 2026 : CtrlDataManager getMrCtrlInfo - Entering

Tue Sep  8 01:36:31.228 2026 : CtrlDataManager getMrCtrlInfo - Returning persisted Static and Dynamic controller info


Tue Sep  8 01:36:31.228 2026 : CtrlDataManager getSupportedSizeBaseUnits Exiting - retCode :0 *baseUnits:0
Tue Sep  8 01:36:31.228 2026 : PdDataMfi::getMrPdInfo Entering - getAUInfo:0 getAUInquiryBuffers:0
Tue Sep  8 01:36:31.228 2026 : PdDataMfi::getLUNStatus Entering - lunStatus:9
Tue Sep  8 01:36:31.228 2026 : PdDataMfi::getLUNStatus Exiting - LUN Status:Online
Tue Sep  8 01:36:31.228 2026 : PdDataMfi::getMrPdInfo Entering - getAUInfo:0 getAUInquiryBuffers:0
Tue Sep  8 01:36:31.228 2026 : PdDataMfi::getMrPdInfo Entering - getAUInfo:0 getAUInquiryBuffers:0
Tue Sep  8 01:36:31.228 2026 : PdDataMfi::getEnclDeviceId Exiting enclPersistentId:344
Tue Sep  8 01:36:31.228 2026 : PdDataMfi::getMrPdInfo Entering - getAUInfo:0 getAUInquiryBuffers:0
Tue Sep  8 01:36:31.228 2026 : PdDataMfi::PdInfo Entering
Tue Sep  8 01:36:31.228 2026 : PdDataMfi::getMrPdInfo Entering - getAUInfo:1 getAUInquiryBuffers:1
Tue Sep  8 01:36:31.228 2026 : CtrlDataManager getInstance Entering

Tue Sep  8 01:36:31.228 2026 : CtrlDataManager getSupportedSizeBaseUnits Entering
Tue Sep  8 01:36:31.228 2026 : CtrlDataManager getMrCtrlInfo - Entering

Tue Sep  8 01:36:31.228 2026 : CtrlDataManager getMrCtrlInfo - Returning persisted Static and Dynamic controller info

Tue Sep  8 01:36:31.228 2026 : CtrlDataManager getSupportedSizeBaseUnits Exiting - retCode :0 *baseUnits:0
Tue Sep  8 01:36:31.228 2026 : PdDataMfi::getMrPdInfo Entering - getAUInfo:0 getAUInquiryBuffers:0
Tue Sep  8 01:36:31.228 2026 : PdDataMfi::getMrPdInfo Entering - getAUInfo:0 getAUInquiryBuffers:0
Tue Sep  8 01:36:31.228 2026 : PdDataMfi::getMrPdInfo Entering - getAUInfo:0 getAUInquiryBuffers:0
Tue Sep  8 01:36:31.228 2026 : PdDataMfi::getMrPdInfo Entering - getAUInfo:0 getAUInquiryBuffers:0
Tue Sep  8 01:36:31.228 2026 : PdDataMfi::getMrPdInfo Entering - getAUInfo:0 getAUInquiryBuffers:0
Tue Sep  8 01:36:31.228 2026 : PdDataMfi::getEnclDeviceId Exiting enclPersistentId:344
Tue Sep  8 01:36:31.228 2026 : PdDataMfi::PdInfo pdState : 2
Tue Sep  8 01:36:31.228 2026 : PdDataMfi::getDriveState Entering - driveState:0x2 isSupported:1
Tue Sep  8 01:36:31.228 2026 : PdDataMfi::getDriveState Exiting - DriveState:Conf
Tue Sep  8 01:36:31.228 2026 : PdDataMfi::getMrPdInfo Entering - getAUInfo:1 getAUInquiryBuffers:0
Tue Sep  8 01:36:31.228 2026 : PdDataMfi::getShortLUNStatus Entering
Tue Sep  8 01:36:31.228 2026 : PdDataMfi::getShortLUNStatus - AU Count:1
Tue Sep  8 01:36:31.228 2026 : PdDataMfi::getLUNStatus Entering - lunStatus:9
Tue Sep  8 01:36:31.228 2026 : PdDataMfi::getLUNStatus Exiting - LUN Status:Online
Tue Sep  8 01:36:31.228 2026 : PdDataMfi::getShortLUNStatus lunStatusStr:Online
Tue Sep  8 01:36:31.228 2026 : PdDataMfi::PdInfo - AU Count:1
Tue Sep  8 01:36:31.228 2026 : PdDataMfi::getPdConfigInfo Entering
Tue Sep  8 01:36:31.228 2026 : ConfigDataManager getInstance Entering

Tue Sep  8 01:36:31.228 2026 : PdDataMfi::getMrPdInfo Entering - getAUInfo:0 getAUInquiryBuffers:0
Tue Sep  8 01:36:31.228 2026 : PdDataMfi::getPdConfigInfo dgListPtr->getCount():3
Tue Sep  8 01:36:31.228 2026 : getPdConfigInfo - arrayListPtr->getCount():1
Tue Sep  8 01:36:31.228 2026 : PdDataMf::getPdConfigInfo - DriveCount:4
Tue Sep  8 01:36:31.228 2026 : PdDataMfi::getMrPdInfo Entering - getAUInfo:0 getAUInquiryBuffers:0
Tue Sep  8 01:36:31.228 2026 : PdDataMfi::getMrPdInfo Entering - getAUInfo:0 getAUInquiryBuffers:0
Tue Sep  8 01:36:31.228 2026 : PdDataMfi::getMrPdInfo Entering - getAUInfo:0 getAUInquiryBuffers:0
Tue Sep  8 01:36:31.228 2026 : PdDataMfi::getMrPdInfo Entering - getAUInfo:0 getAUInquiryBuffers:0
Tue Sep  8 01:36:31.228 2026 : PdDataMf::getPdConfigInfo - Exiting
Tue Sep  8 01:36:31.228 2026 : PdDataMf::PdInfo - Getting model number - driveInquiryDataLength:520 scsiInquiryDataLength:82
Tue Sep  8 01:36:31.228 2026 : PdDataMfi::getAtlpathDriveId Entering
Tue Sep  8 01:36:31.228 2026 : PdDataMfi::getMrPdInfo Entering - getAUInfo:0 getAUInquiryBuffers:0
Tue Sep  8 01:36:31.228 2026 : PdDataMfi::altPath Exiting retCode:0 altPath:-
Tue Sep  8 01:36:31.228 2026 : PdDataMfi::getAllLunInfo Entering
Tue Sep  8 01:36:31.228 2026 : CtrlDataManager getInstance Entering

Tue Sep  8 01:36:31.228 2026 : PdDataMfi::getMrPdInfo Entering - getAUInfo:1 getAUInquiryBuffers:0
Tue Sep  8 01:36:31.228 2026 : CtrlDataManager getSupportedSizeBaseUnits Entering
Tue Sep  8 01:36:31.228 2026 : CtrlDataManager getMrCtrlInfo - Entering

Tue Sep  8 01:36:31.228 2026 : CtrlDataManager getMrCtrlInfo - Returning persisted Static and Dynamic controller info

Tue Sep  8 01:36:31.228 2026 : CtrlDataManager getSupportedSizeBaseUnits Exiting - retCode :0 *baseUnits:0
Tue Sep  8 01:36:31.228 2026 : PdDataMfi::getMrPdInfo Entering - getAUInfo:0 getAUInquiryBuffers:0
Tue Sep  8 01:36:31.228 2026 : PdDataMfi::getLUNStatus Entering - lunStatus:9
Tue Sep  8 01:36:31.228 2026 : PdDataMfi::getLUNStatus Exiting - LUN Status:Online
Tue Sep  8 01:36:31.228 2026 : PdDataMfi::getMrPdInfo Entering - getAUInfo:0 getAUInquiryBuffers:0
Tue Sep  8 01:36:31.228 2026 : PdDataMfi::getMrPdInfo Entering - getAUInfo:0 getAUInquiryBuffers:0
Tue Sep  8 01:36:31.228 2026 : PdDataMfi::getEnclDeviceId Exiting enclPersistentId:356
Tue Sep  8 01:36:31.228 2026 : PdDataMfi::getMrPdInfo Entering - getAUInfo:0 getAUInquiryBuffers:0
Tue Sep  8 01:36:31.228 2026 : PdDataMfi::PdInfo Entering
Tue Sep  8 01:36:31.228 2026 : PdDataMfi::getMrPdInfo Entering - getAUInfo:1 getAUInquiryBuffers:1
Tue Sep  8 01:36:31.228 2026 : CtrlDataManager getInstance Entering

Tue Sep  8 01:36:31.228 2026 : CtrlDataManager getSupportedSizeBaseUnits Entering
Tue Sep  8 01:36:31.228 2026 : CtrlDataManager getMrCtrlInfo - Entering

Tue Sep  8 01:36:31.228 2026 : CtrlDataManager getMrCtrlInfo - Returning persisted Static and Dynamic controller info

Tue Sep  8 01:36:31.228 2026 : CtrlDataManager getSupportedSizeBaseUnits Exiting - retCode :0 *baseUnits:0
Tue Sep  8 01:36:31.228 2026 : PdDataMfi::getMrPdInfo Entering - getAUInfo:0 getAUInquiryBuffers:0
Tue Sep  8 01:36:31.228 2026 : PdDataMfi::getMrPdInfo Entering - getAUInfo:0 getAUInquiryBuffers:0
Tue Sep  8 01:36:31.228 2026 : PdDataMfi::getMrPdInfo Entering - getAUInfo:0 getAUInquiryBuffers:0
Tue Sep  8 01:36:31.228 2026 : PdDataMfi::getMrPdInfo Entering - getAUInfo:0 getAUInquiryBuffers:0
Tue Sep  8 01:36:31.228 2026 : PdDataMfi::getMrPdInfo Entering - getAUInfo:0 getAUInquiryBuffers:0
Tue Sep  8 01:36:31.228 2026 : PdDataMfi::getEnclDeviceId Exiting enclPersistentId:356
Tue Sep  8 01:36:31.228 2026 : PdDataMfi::PdInfo pdState : 2
Tue Sep  8 01:36:31.228 2026 : PdDataMfi::getDriveState Entering - driveState:0x2 isSupported:1
Tue Sep  8 01:36:31.228 2026 : PdDataMfi::getDriveState Exiting - DriveState:Conf
Tue Sep  8 01:36:31.228 2026 : PdDataMfi::getMrPdInfo Entering - getAUInfo:1 getAUInquiryBuffers:0
Tue Sep  8 01:36:31.228 2026 : PdDataMfi::getShortLUNStatus Entering
Tue Sep  8 01:36:31.228 2026 : PdDataMfi::getShortLUNStatus - AU Count:1
Tue Sep  8 01:36:31.228 2026 : PdDataMfi::getLUNStatus Entering - lunStatus:9
Tue Sep  8 01:36:31.228 2026 : PdDataMfi::getLUNStatus Exiting - LUN Status:Online
Tue Sep  8 01:36:31.228 2026 : PdDataMfi::getShortLUNStatus lunStatusStr:Online
Tue Sep  8 01:36:31.228 2026 : PdDataMfi::PdInfo - AU Count:1
Tue Sep  8 01:36:31.228 2026 : PdDataMfi::getPdConfigInfo Entering
Tue Sep  8 01:36:31.228 2026 : ConfigDataManager getInstance Entering

Tue Sep  8 01:36:31.228 2026 : PdDataMfi::getMrPdInfo Entering - getAUInfo:0 getAUInquiryBuffers:0
Tue Sep  8 01:36:31.228 2026 : PdDataMfi::getPdConfigInfo dgListPtr->getCount():3
Tue Sep  8 01:36:31.228 2026 : getPdConfigInfo - arrayListPtr->getCount():1
Tue Sep  8 01:36:31.228 2026 : PdDataMf::getPdConfigInfo - DriveCount:4
Tue Sep  8 01:36:31.228 2026 : PdDataMfi::getMrPdInfo Entering - getAUInfo:0 getAUInquiryBuffers:0
Tue Sep  8 01:36:31.228 2026 : PdDataMfi::getMrPdInfo Entering - getAUInfo:0 getAUInquiryBuffers:0
Tue Sep  8 01:36:31.228 2026 : PdDataMfi::getMrPdInfo Entering - getAUInfo:0 getAUInquiryBuffers:0
Tue Sep  8 01:36:31.228 2026 : PdDataMfi::getMrPdInfo Entering - getAUInfo:0 getAUInquiryBuffers:0
Tue Sep  8 01:36:31.228 2026 : getPdConfigInfo - arrayListPtr->getCount():1
Tue Sep  8 01:36:31.228 2026 : PdDataMf::getPdConfigInfo - DriveCount:2
Tue Sep  8 01:36:31.228 2026 : PdDataMfi::getMrPdInfo Entering - getAUInfo:0 getAUInquiryBuffers:0
Tue Sep  8 01:36:31.228 2026 : PdDataMf::getPdConfigInfo - Exiting
Tue Sep  8 01:36:31.228 2026 : PdDataMf::PdInfo - Getting model number - driveInquiryDataLength:4104 scsiInquiryDataLength:82
Tue Sep  8 01:36:31.228 2026 : PdDataMfi::getAtlpathDriveId Entering
Tue Sep  8 01:36:31.228 2026 : PdDataMfi::getMrPdInfo Entering - getAUInfo:0 getAUInquiryBuffers:0
Tue Sep  8 01:36:31.228 2026 : PdDataMfi::altPath Exiting retCode:0 altPath:-
Tue Sep  8 01:36:31.229 2026 : PdDataMfi::getAllLunInfo Entering
Tue Sep  8 01:36:31.229 2026 : CtrlDataManager getInstance Entering

Tue Sep  8 01:36:31.229 2026 : PdDataMfi::getMrPdInfo Entering - getAUInfo:1 getAUInquiryBuffers:0
Tue Sep  8 01:36:31.229 2026 : CtrlDataManager getSupportedSizeBaseUnits Entering
Tue Sep  8 01:36:31.229 2026 : CtrlDataManager getMrCtrlInfo - Entering

Tue Sep  8 01:36:31.229 2026 : CtrlDataManager getMrCtrlInfo - Returning persisted Static and Dynamic controller info

Tue Sep  8 01:36:31.229 2026 : CtrlDataManager getSupportedSizeBaseUnits Exiting - retCode :0 *baseUnits:0
Tue Sep  8 01:36:31.229 2026 : PdDataMfi::getMrPdInfo Entering - getAUInfo:0 getAUInquiryBuffers:0
Tue Sep  8 01:36:31.229 2026 : PdDataMfi::getLUNStatus Entering - lunStatus:9
Tue Sep  8 01:36:31.229 2026 : PdDataMfi::getLUNStatus Exiting - LUN Status:Online
Tue Sep  8 01:36:31.229 2026 : PdDataMfi::getMrPdInfo Entering - getAUInfo:0 getAUInquiryBuffers:0
Tue Sep  8 01:36:31.229 2026 : PdDataMfi::getMrPdInfo Entering - getAUInfo:0 getAUInquiryBuffers:0
Tue Sep  8 01:36:31.229 2026 : PdDataMfi::getEnclDeviceId Exiting enclPersistentId:356
Tue Sep  8 01:36:31.229 2026 : PdDataMfi::getMrPdInfo Entering - getAUInfo:0 getAUInquiryBuffers:0
Tue Sep  8 01:36:31.229 2026 : PdDataMfi::PdInfo Entering
Tue Sep  8 01:36:31.229 2026 : PdDataMfi::getMrPdInfo Entering - getAUInfo:1 getAUInquiryBuffers:1
Tue Sep  8 01:36:31.229 2026 : CtrlDataManager getInstance Entering

Tue Sep  8 01:36:31.229 2026 : CtrlDataManager getSupportedSizeBaseUnits Entering
Tue Sep  8 01:36:31.229 2026 : CtrlDataManager getMrCtrlInfo - Entering

Tue Sep  8 01:36:31.229 2026 : CtrlDataManager getMrCtrlInfo - Returning persisted Static and Dynamic controller info

Tue Sep  8 01:36:31.229 2026 : CtrlDataManager getSupportedSizeBaseUnits Exiting - retCode :0 *baseUnits:0
Tue Sep  8 01:36:31.229 2026 : PdDataMfi::getMrPdInfo Entering - getAUInfo:0 getAUInquiryBuffers:0
Tue Sep  8 01:36:31.229 2026 : PdDataMfi::getMrPdInfo Entering - getAUInfo:0 getAUInquiryBuffers:0
Tue Sep  8 01:36:31.229 2026 : PdDataMfi::getMrPdInfo Entering - getAUInfo:0 getAUInquiryBuffers:0
Tue Sep  8 01:36:31.229 2026 : PdDataMfi::getMrPdInfo Entering - getAUInfo:0 getAUInquiryBuffers:0
Tue Sep  8 01:36:31.229 2026 : PdDataMfi::getMrPdInfo Entering - getAUInfo:0 getAUInquiryBuffers:0
Tue Sep  8 01:36:31.229 2026 : PdDataMfi::getEnclDeviceId Exiting enclPersistentId:356
Tue Sep  8 01:36:31.229 2026 : PdDataMfi::PdInfo pdState : 2
Tue Sep  8 01:36:31.229 2026 : PdDataMfi::getDriveState Entering - driveState:0x2 isSupported:1
Tue Sep  8 01:36:31.229 2026 : PdDataMfi::getDriveState Exiting - DriveState:Conf
Tue Sep  8 01:36:31.229 2026 : PdDataMfi::getMrPdInfo Entering - getAUInfo:1 getAUInquiryBuffers:0
Tue Sep  8 01:36:31.229 2026 : PdDataMfi::getShortLUNStatus Entering
Tue Sep  8 01:36:31.229 2026 : PdDataMfi::getShortLUNStatus - AU Count:1
Tue Sep  8 01:36:31.229 2026 : PdDataMfi::getLUNStatus Entering - lunStatus:9
Tue Sep  8 01:36:31.229 2026 : PdDataMfi::getLUNStatus Exiting - LUN Status:Online
Tue Sep  8 01:36:31.229 2026 : PdDataMfi::getShortLUNStatus lunStatusStr:Online
Tue Sep  8 01:36:31.229 2026 : PdDataMfi::PdInfo - AU Count:1
Tue Sep  8 01:36:31.229 2026 : PdDataMfi::getPdConfigInfo Entering
Tue Sep  8 01:36:31.229 2026 : ConfigDataManager getInstance Entering

Tue Sep  8 01:36:31.229 2026 : PdDataMfi::getMrPdInfo Entering - getAUInfo:0 getAUInquiryBuffers:0
Tue Sep  8 01:36:31.229 2026 : PdDataMfi::getPdConfigInfo dgListPtr->getCount():3
Tue Sep  8 01:36:31.229 2026 : getPdConfigInfo - arrayListPtr->getCount():1
Tue Sep  8 01:36:31.229 2026 : PdDataMf::getPdConfigInfo - DriveCount:4
Tue Sep  8 01:36:31.229 2026 : PdDataMfi::getMrPdInfo Entering - getAUInfo:0 getAUInquiryBuffers:0
Tue Sep  8 01:36:31.229 2026 : PdDataMfi::getMrPdInfo Entering - getAUInfo:0 getAUInquiryBuffers:0
Tue Sep  8 01:36:31.229 2026 : PdDataMfi::getMrPdInfo Entering - getAUInfo:0 getAUInquiryBuffers:0
Tue Sep  8 01:36:31.229 2026 : PdDataMfi::getMrPdInfo Entering - getAUInfo:0 getAUInquiryBuffers:0
Tue Sep  8 01:36:31.229 2026 : getPdConfigInfo - arrayListPtr->getCount():1
Tue Sep  8 01:36:31.229 2026 : PdDataMf::getPdConfigInfo - DriveCount:2
Tue Sep  8 01:36:31.229 2026 : PdDataMfi::getMrPdInfo Entering - getAUInfo:0 getAUInquiryBuffers:0
Tue Sep  8 01:36:31.229 2026 : PdDataMfi::getMrPdInfo Entering - getAUInfo:0 getAUInquiryBuffers:0
Tue Sep  8 01:36:31.229 2026 : PdDataMf::getPdConfigInfo - Exiting
Tue Sep  8 01:36:31.229 2026 : PdDataMf::PdInfo - Getting model number - driveInquiryDataLength:4104 scsiInquiryDataLength:82
Tue Sep  8 01:36:31.229 2026 : PdDataMfi::getAtlpathDriveId Entering
Tue Sep  8 01:36:31.229 2026 : PdDataMfi::getMrPdInfo Entering - getAUInfo:0 getAUInquiryBuffers:0
Tue Sep  8 01:36:31.229 2026 : PdDataMfi::altPath Exiting retCode:0 altPath:-
Tue Sep  8 01:36:31.229 2026 : PdDataMfi::getAllLunInfo Entering
Tue Sep  8 01:36:31.229 2026 : CtrlDataManager getInstance Entering

Tue Sep  8 01:36:31.229 2026 : PdDataMfi::getMrPdInfo Entering - getAUInfo:1 getAUInquiryBuffers:0
Tue Sep  8 01:36:31.229 2026 : CtrlDataManager getSupportedSizeBaseUnits Entering
Tue Sep  8 01:36:31.229 2026 : CtrlDataManager getMrCtrlInfo - Entering

Tue Sep  8 01:36:31.229 2026 : CtrlDataManager getMrCtrlInfo - Returning persisted Static and Dynamic controller info

Tue Sep  8 01:36:31.229 2026 : CtrlDataManager getSupportedSizeBaseUnits Exiting - retCode :0 *baseUnits:0
Tue Sep  8 01:36:31.229 2026 : PdDataMfi::getMrPdInfo Entering - getAUInfo:0 getAUInquiryBuffers:0
Tue Sep  8 01:36:31.229 2026 : PdDataMfi::getLUNStatus Entering - lunStatus:9
Tue Sep  8 01:36:31.229 2026 : PdDataMfi::getLUNStatus Exiting - LUN Status:Online
Tue Sep  8 01:36:31.229 2026 : PdDataMfi::getMrPdInfo Entering - getAUInfo:0 getAUInquiryBuffers:0
Tue Sep  8 01:36:31.229 2026 : PdDataMfi::getMrPdInfo Entering - getAUInfo:0 getAUInquiryBuffers:0
Tue Sep  8 01:36:31.229 2026 : PdDataMfi::getEnclDeviceId Exiting enclPersistentId:356
Tue Sep  8 01:36:31.229 2026 : PdDataMfi::getMrPdInfo Entering - getAUInfo:0 getAUInquiryBuffers:0
Tue Sep  8 01:36:31.229 2026 : PdDataMfi::PdInfo Entering
Tue Sep  8 01:36:31.229 2026 : PdDataMfi::getMrPdInfo Entering - getAUInfo:1 getAUInquiryBuffers:1
Tue Sep  8 01:36:31.229 2026 : CtrlDataManager getInstance Entering

Tue Sep  8 01:36:31.229 2026 : CtrlDataManager getSupportedSizeBaseUnits Entering
Tue Sep  8 01:36:31.229 2026 : CtrlDataManager getMrCtrlInfo - Entering

Tue Sep  8 01:36:31.229 2026 : CtrlDataManager getMrCtrlInfo - Returning persisted Static and Dynamic controller info

Tue Sep  8 01:36:31.229 2026 : CtrlDataManager getSupportedSizeBaseUnits Exiting - retCode :0 *baseUnits:0
Tue Sep  8 01:36:31.229 2026 : PdDataMfi::getMrPdInfo Entering - getAUInfo:0 getAUInquiryBuffers:0
Tue Sep  8 01:36:31.229 2026 : PdDataMfi::getMrPdInfo Entering - getAUInfo:0 getAUInquiryBuffers:0
Tue Sep  8 01:36:31.229 2026 : PdDataMfi::getMrPdInfo Entering - getAUInfo:0 getAUInquiryBuffers:0
Tue Sep  8 01:36:31.229 2026 : PdDataMfi::getMrPdInfo Entering - getAUInfo:0 getAUInquiryBuffers:0
Tue Sep  8 01:36:31.229 2026 : PdDataMfi::getMrPdInfo Entering - getAUInfo:0 getAUInquiryBuffers:0
Tue Sep  8 01:36:31.229 2026 : PdDataMfi::getEnclDeviceId Exiting enclPersistentId:356
Tue Sep  8 01:36:31.229 2026 : PdDataMfi::PdInfo pdState : 2
Tue Sep  8 01:36:31.229 2026 : PdDataMfi::getDriveState Entering - driveState:0x2 isSupported:1
Tue Sep  8 01:36:31.229 2026 : PdDataMfi::getDriveState Exiting - DriveState:Conf
Tue Sep  8 01:36:31.229 2026 : PdDataMfi::getMrPdInfo Entering - getAUInfo:1 getAUInquiryBuffers:0
Tue Sep  8 01:36:31.229 2026 : PdDataMfi::getShortLUNStatus Entering
Tue Sep  8 01:36:31.229 2026 : PdDataMfi::getShortLUNStatus - AU Count:1
Tue Sep  8 01:36:31.229 2026 : PdDataMfi::getLUNStatus Entering - lunStatus:9
Tue Sep  8 01:36:31.229 2026 : PdDataMfi::getLUNStatus Exiting - LUN Status:Online
Tue Sep  8 01:36:31.229 2026 : PdDataMfi::getShortLUNStatus lunStatusStr:Online
Tue Sep  8 01:36:31.229 2026 : PdDataMfi::PdInfo - AU Count:1
Tue Sep  8 01:36:31.229 2026 : PdDataMfi::getPdConfigInfo Entering
Tue Sep  8 01:36:31.229 2026 : ConfigDataManager getInstance Entering

Tue Sep  8 01:36:31.229 2026 : PdDataMfi::getMrPdInfo Entering - getAUInfo:0 getAUInquiryBuffers:0
Tue Sep  8 01:36:31.229 2026 : PdDataMfi::getPdConfigInfo dgListPtr->getCount():3
Tue Sep  8 01:36:31.229 2026 : getPdConfigInfo - arrayListPtr->getCount():1
Tue Sep  8 01:36:31.229 2026 : PdDataMf::getPdConfigInfo - DriveCount:4
Tue Sep  8 01:36:31.229 2026 : PdDataMfi::getMrPdInfo Entering - getAUInfo:0 getAUInquiryBuffers:0
Tue Sep  8 01:36:31.229 2026 : PdDataMfi::getMrPdInfo Entering - getAUInfo:0 getAUInquiryBuffers:0
Tue Sep  8 01:36:31.229 2026 : PdDataMfi::getMrPdInfo Entering - getAUInfo:0 getAUInquiryBuffers:0
Tue Sep  8 01:36:31.229 2026 : PdDataMfi::getMrPdInfo Entering - getAUInfo:0 getAUInquiryBuffers:0
Tue Sep  8 01:36:31.229 2026 : getPdConfigInfo - arrayListPtr->getCount():1
Tue Sep  8 01:36:31.229 2026 : PdDataMf::getPdConfigInfo - DriveCount:2
Tue Sep  8 01:36:31.229 2026 : PdDataMfi::getMrPdInfo Entering - getAUInfo:0 getAUInquiryBuffers:0
Tue Sep  8 01:36:31.229 2026 : PdDataMfi::getMrPdInfo Entering - getAUInfo:0 getAUInquiryBuffers:0
Tue Sep  8 01:36:31.229 2026 : getPdConfigInfo - arrayListPtr->getCount():1
Tue Sep  8 01:36:31.229 2026 : PdDataMf::getPdConfigInfo - DriveCount:2
Tue Sep  8 01:36:31.229 2026 : PdDataMfi::getMrPdInfo Entering - getAUInfo:0 getAUInquiryBuffers:0
Tue Sep  8 01:36:31.229 2026 : PdDataMf::getPdConfigInfo - Exiting
Tue Sep  8 01:36:31.229 2026 : PdDataMf::PdInfo - Getting model number - driveInquiryDataLength:4104 scsiInquiryDataLength:82
Tue Sep  8 01:36:31.229 2026 : PdDataMfi::getAtlpathDriveId Entering
Tue Sep  8 01:36:31.229 2026 : PdDataMfi::getMrPdInfo Entering - getAUInfo:0 getAUInquiryBuffers:0
Tue Sep  8 01:36:31.229 2026 : PdDataMfi::altPath Exiting retCode:0 altPath:-
Tue Sep  8 01:36:31.229 2026 : PdDataMfi::getAllLunInfo Entering
Tue Sep  8 01:36:31.229 2026 : CtrlDataManager getInstance Entering

Tue Sep  8 01:36:31.229 2026 : PdDataMfi::getMrPdInfo Entering - getAUInfo:1 getAUInquiryBuffers:0
Tue Sep  8 01:36:31.229 2026 : CtrlDataManager getSupportedSizeBaseUnits Entering
Tue Sep  8 01:36:31.229 2026 : CtrlDataManager getMrCtrlInfo - Entering

Tue Sep  8 01:36:31.229 2026 : CtrlDataManager getMrCtrlInfo - Returning persisted Static and Dynamic controller info

Tue Sep  8 01:36:31.229 2026 : CtrlDataManager getSupportedSizeBaseUnits Exiting - retCode :0 *baseUnits:0
Tue Sep  8 01:36:31.229 2026 : PdDataMfi::getMrPdInfo Entering - getAUInfo:0 getAUInquiryBuffers:0
Tue Sep  8 01:36:31.229 2026 : PdDataMfi::getLUNStatus Entering - lunStatus:9
Tue Sep  8 01:36:31.229 2026 : PdDataMfi::getLUNStatus Exiting - LUN Status:Online
Tue Sep  8 01:36:31.229 2026 : PdDataMfi::getMrPdInfo Entering - getAUInfo:0 getAUInquiryBuffers:0
Tue Sep  8 01:36:31.229 2026 : PdDataMfi::getMrPdInfo Entering - getAUInfo:0 getAUInquiryBuffers:0
Tue Sep  8 01:36:31.229 2026 : PdDataMfi::getEnclDeviceId Exiting enclPersistentId:356
Tue Sep  8 01:36:31.229 2026 : PdDataMfi::getMrPdInfo Entering - getAUInfo:0 getAUInquiryBuffers:0
Tue Sep  8 01:36:31.229 2026 : PdDataMfi::PdInfo Entering
Tue Sep  8 01:36:31.229 2026 : PdDataMfi::getMrPdInfo Entering - getAUInfo:1 getAUInquiryBuffers:1
Tue Sep  8 01:36:31.229 2026 : CtrlDataManager getInstance Entering

Tue Sep  8 01:36:31.229 2026 : CtrlDataManager getSupportedSizeBaseUnits Entering
Tue Sep  8 01:36:31.229 2026 : CtrlDataManager getMrCtrlInfo - Entering

Tue Sep  8 01:36:31.229 2026 : CtrlDataManager getMrCtrlInfo - Returning persisted Static and Dynamic controller info

Tue Sep  8 01:36:31.229 2026 : CtrlDataManager getSupportedSizeBaseUnits Exiting - retCode :0 *baseUnits:0
Tue Sep  8 01:36:31.229 2026 : PdDataMfi::getMrPdInfo Entering - getAUInfo:0 getAUInquiryBuffers:0
Tue Sep  8 01:36:31.229 2026 : PdDataMfi::getMrPdInfo Entering - getAUInfo:0 getAUInquiryBuffers:0
Tue Sep  8 01:36:31.229 2026 : PdDataMfi::getMrPdInfo Entering - getAUInfo:0 getAUInquiryBuffers:0
Tue Sep  8 01:36:31.229 2026 : PdDataMfi::getMrPdInfo Entering - getAUInfo:0 getAUInquiryBuffers:0
Tue Sep  8 01:36:31.229 2026 : PdDataMfi::getMrPdInfo Entering - getAUInfo:0 getAUInquiryBuffers:0
Tue Sep  8 01:36:31.229 2026 : PdDataMfi::getEnclDeviceId Exiting enclPersistentId:356
Tue Sep  8 01:36:31.229 2026 : PdDataMfi::PdInfo pdState : 2
Tue Sep  8 01:36:31.229 2026 : PdDataMfi::getDriveState Entering - driveState:0x2 isSupported:1
Tue Sep  8 01:36:31.229 2026 : PdDataMfi::getDriveState Exiting - DriveState:Conf
Tue Sep  8 01:36:31.229 2026 : PdDataMfi::getMrPdInfo Entering - getAUInfo:1 getAUInquiryBuffers:0
Tue Sep  8 01:36:31.229 2026 : PdDataMfi::getShortLUNStatus Entering
Tue Sep  8 01:36:31.229 2026 : PdDataMfi::getShortLUNStatus - AU Count:1
Tue Sep  8 01:36:31.229 2026 : PdDataMfi::getLUNStatus Entering - lunStatus:9
Tue Sep  8 01:36:31.229 2026 : PdDataMfi::getLUNStatus Exiting - LUN Status:Online
Tue Sep  8 01:36:31.229 2026 : PdDataMfi::getShortLUNStatus lunStatusStr:Online
Tue Sep  8 01:36:31.229 2026 : PdDataMfi::PdInfo - AU Count:1
Tue Sep  8 01:36:31.229 2026 : PdDataMfi::getPdConfigInfo Entering
Tue Sep  8 01:36:31.229 2026 : ConfigDataManager getInstance Entering

Tue Sep  8 01:36:31.229 2026 : PdDataMfi::getMrPdInfo Entering - getAUInfo:0 getAUInquiryBuffers:0
Tue Sep  8 01:36:31.229 2026 : PdDataMfi::getPdConfigInfo dgListPtr->getCount():3
Tue Sep  8 01:36:31.229 2026 : getPdConfigInfo - arrayListPtr->getCount():1
Tue Sep  8 01:36:31.229 2026 : PdDataMf::getPdConfigInfo - DriveCount:4
Tue Sep  8 01:36:31.229 2026 : PdDataMfi::getMrPdInfo Entering - getAUInfo:0 getAUInquiryBuffers:0
Tue Sep  8 01:36:31.229 2026 : PdDataMfi::getMrPdInfo Entering - getAUInfo:0 getAUInquiryBuffers:0
Tue Sep  8 01:36:31.229 2026 : PdDataMfi::getMrPdInfo Entering - getAUInfo:0 getAUInquiryBuffers:0
Tue Sep  8 01:36:31.229 2026 : PdDataMfi::getMrPdInfo Entering - getAUInfo:0 getAUInquiryBuffers:0
Tue Sep  8 01:36:31.229 2026 : getPdConfigInfo - arrayListPtr->getCount():1
Tue Sep  8 01:36:31.229 2026 : PdDataMf::getPdConfigInfo - DriveCount:2
Tue Sep  8 01:36:31.229 2026 : PdDataMfi::getMrPdInfo Entering - getAUInfo:0 getAUInquiryBuffers:0
Tue Sep  8 01:36:31.229 2026 : PdDataMfi::getMrPdInfo Entering - getAUInfo:0 getAUInquiryBuffers:0
Tue Sep  8 01:36:31.229 2026 : getPdConfigInfo - arrayListPtr->getCount():1
Tue Sep  8 01:36:31.229 2026 : PdDataMf::getPdConfigInfo - DriveCount:2
Tue Sep  8 01:36:31.229 2026 : PdDataMfi::getMrPdInfo Entering - getAUInfo:0 getAUInquiryBuffers:0
Tue Sep  8 01:36:31.229 2026 : PdDataMfi::getMrPdInfo Entering - getAUInfo:0 getAUInquiryBuffers:0
Tue Sep  8 01:36:31.229 2026 : PdDataMf::getPdConfigInfo - Exiting
Tue Sep  8 01:36:31.229 2026 : PdDataMf::PdInfo - Getting model number - driveInquiryDataLength:4104 scsiInquiryDataLength:82
Tue Sep  8 01:36:31.229 2026 : PdDataMfi::getAtlpathDriveId Entering
Tue Sep  8 01:36:31.229 2026 : PdDataMfi::getMrPdInfo Entering - getAUInfo:0 getAUInquiryBuffers:0
Tue Sep  8 01:36:31.229 2026 : PdDataMfi::altPath Exiting retCode:0 altPath:-
Tue Sep  8 01:36:31.229 2026 : PdDataMfi::getAllLunInfo Entering
Tue Sep  8 01:36:31.229 2026 : CtrlDataManager getInstance Entering

Tue Sep  8 01:36:31.229 2026 : PdDataMfi::getMrPdInfo Entering - getAUInfo:1 getAUInquiryBuffers:0
Tue Sep  8 01:36:31.229 2026 : CtrlDataManager getSupportedSizeBaseUnits Entering
Tue Sep  8 01:36:31.229 2026 : CtrlDataManager getMrCtrlInfo - Entering

Tue Sep  8 01:36:31.229 2026 : CtrlDataManager getMrCtrlInfo - Returning persisted Static and Dynamic controller info

Tue Sep  8 01:36:31.229 2026 : CtrlDataManager getSupportedSizeBaseUnits Exiting - retCode :0 *baseUnits:0
Tue Sep  8 01:36:31.229 2026 : PdDataMfi::getMrPdInfo Entering - getAUInfo:0 getAUInquiryBuffers:0
Tue Sep  8 01:36:31.229 2026 : PdDataMfi::getLUNStatus Entering - lunStatus:9
Tue Sep  8 01:36:31.229 2026 : PdDataMfi::getLUNStatus Exiting - LUN Status:Online
Tue Sep  8 01:36:31.229 2026 : PdDataMfi::getMrPdInfo Entering - getAUInfo:0 getAUInquiryBuffers:0
Tue Sep  8 01:36:31.229 2026 : PdDataMfi::getMrPdInfo Entering - getAUInfo:0 getAUInquiryBuffers:0
Tue Sep  8 01:36:31.229 2026 : PdDataMfi::getEnclDeviceId Exiting enclPersistentId:356
Tue Sep  8 01:36:31.229 2026 : PdDataMfi::getMrPdInfo Entering - getAUInfo:0 getAUInquiryBuffers:0
Tue Sep  8 01:36:31.229 2026 : PdDataMfi::PdInfo Entering
Tue Sep  8 01:36:31.229 2026 : PdDataMfi::getMrPdInfo Entering - getAUInfo:1 getAUInquiryBuffers:1
Tue Sep  8 01:36:31.229 2026 : PdDataMfi::getMrPdInfo - Reading drive's AU information - Drive PID:349 getAUInfo:1 getAUInquiryBuffers:1
Tue Sep  8 01:36:31.229 2026 : StoreLIBFacade::getDriveAUInfo Entering - Drive PID:349 getAUInfo:1 getAUInquiryBuffers:1
Tue Sep  8 01:36:31.229 2026 : StoreLIBFacade::getDriveAUInfo DCMD OpCode: 0x2020000
Tue Sep  8 01:36:31.229 2026 : CLI8 : StoreLIBFacade::issueStorelibCmd Entering ctrlId=0

Tue Sep  8 01:36:31.229 2026 : CLI8 : StoreLIBFacade::fireStorelibCommand Entering

Tue Sep  8 01:36:31.230 2026 : CLI8 : StoreLIBFacade::fireStorelibCommand Exiting with retCode:0x0

Tue Sep  8 01:36:31.230 2026 : ResponseHandler::checkSl8Response ENTER
Tue Sep  8 01:36:31.230 2026 : ResponseHandler::clearSl8ResponseData Enter
Tue Sep  8 01:36:31.230 2026 : clear resp data
Tue Sep  8 01:36:31.230 2026 : ResponseHandler::clearSl8ResponseData Exit
Tue Sep  8 01:36:31.230 2026 : ResponseParser::CreateInstance Enter
Tue Sep  8 01:36:31.230 2026 : ResponseParser::CreateInstance Exit
Tue Sep  8 01:36:31.230 2026 : FirmwareFailuresParser::GetErrorStrings Enter SLExtStat=0
Tue Sep  8 01:36:31.230 2026 : FirmwareFailuresParser::IgnoreStatusParser Enter
Tue Sep  8 01:36:31.230 2026 : FirmwareFailuresParser::IgnoreStatusParser Exit
Tue Sep  8 01:36:31.230 2026 : FirmwareFailuresParser::GetErrorStrings Exit
Tue Sep  8 01:36:31.230 2026 : ResponseHandler::checkSl8Response .message string Ignore extended status
Tue Sep  8 01:36:31.230 2026 : ResponseHandler::checkSl8Response EXIT with return code 0x0
Tue Sep  8 01:36:31.230 2026 : ResponseHandler::handleMR8BufferStatus Entering
Tue Sep  8 01:36:31.230 2026 : ResponseHandler::handleMR8BufferStatus dataBufElements:10 cmdType:2 cmd:514
Tue Sep  8 01:36:31.230 2026 : ResponseHandler::handleMR8BufferStatus dataBufElements:10 opCode:0x2020000
Tue Sep  8 01:36:31.230 2026 : ResponseHandler::handleMR8BufferStatus buffer:2 bufStatus:7
Tue Sep  8 01:36:31.230 2026 : ResponseHandler::handleMR8BufferStatus buffer:3 bufStatus:7
Tue Sep  8 01:36:31.230 2026 : ResponseHandler::handleMR8BufferStatus buffer:4 bufStatus:2
Tue Sep  8 01:36:31.230 2026 : ResponseHandler::handleMR8BufferStatus memsettig buffer:4 bufLength:12
Tue Sep  8 01:36:31.230 2026 : ResponseHandler::handleMR8BufferStatus buffer:5 bufStatus:7
Tue Sep  8 01:36:31.230 2026 : ResponseHandler::handleMR8BufferStatus buffer:6 bufStatus:7
Tue Sep  8 01:36:31.230 2026 : ResponseHandler::handleMR8BufferStatus buffer:7 bufStatus:7
Tue Sep  8 01:36:31.230 2026 : ResponseHandler::handleMR8BufferStatus buffer:8 bufStatus:7
Tue Sep  8 01:36:31.230 2026 : ResponseHandler::handleMR8BufferStatus buffer:9 bufStatus:0
Tue Sep  8 01:36:31.230 2026 : ResponseHandler::handleMR8BufferStatus memsettig buffer:9 bufLength:1024
Tue Sep  8 01:36:31.230 2026 : ResponseHandler::handleMR8BufferStatus Exiting
Tue Sep  8 01:36:31.230 2026 : CLI8 : StoreLIBFacade::issueStorelibCmd Exiting with retCode:0 cmdExtStatus =0

Tue Sep  8 01:36:31.230 2026 : StoreLIBFacade::getDriveAUInfo - SL returns cmdExtStatus:0x0, reasonCode:0x0
Tue Sep  8 01:36:31.230 2026 : CLI8 : StoreLIBFacade::issueStorelibCmd Entering ctrlId=0

Tue Sep  8 01:36:31.230 2026 : CLI8 : StoreLIBFacade::fireStorelibCommand Entering

Tue Sep  8 01:36:31.232 2026 : CLI8 : StoreLIBFacade::fireStorelibCommand Exiting with retCode:0x0

Tue Sep  8 01:36:31.232 2026 : ResponseHandler::checkSl8Response ENTER
Tue Sep  8 01:36:31.232 2026 : ResponseHandler::clearSl8ResponseData Enter
Tue Sep  8 01:36:31.232 2026 : clear resp data
Tue Sep  8 01:36:31.232 2026 : ResponseHandler::clearSl8ResponseData Exit
Tue Sep  8 01:36:31.232 2026 : ResponseParser::CreateInstance Enter
Tue Sep  8 01:36:31.232 2026 : ResponseParser::CreateInstance Exit
Tue Sep  8 01:36:31.232 2026 : FirmwareFailuresParser::GetErrorStrings Enter SLExtStat=0
Tue Sep  8 01:36:31.232 2026 : FirmwareFailuresParser::IgnoreStatusParser Enter
Tue Sep  8 01:36:31.232 2026 : FirmwareFailuresParser::IgnoreStatusParser Exit
Tue Sep  8 01:36:31.232 2026 : FirmwareFailuresParser::GetErrorStrings Exit
Tue Sep  8 01:36:31.232 2026 : ResponseHandler::checkSl8Response .message string Ignore extended status
Tue Sep  8 01:36:31.232 2026 : ResponseHandler::checkSl8Response EXIT with return code 0x0
Tue Sep  8 01:36:31.232 2026 : ResponseHandler::handleMR8BufferStatus Entering
Tue Sep  8 01:36:31.232 2026 : ResponseHandler::handleMR8BufferStatus dataBufElements:10 cmdType:2 cmd:514
Tue Sep  8 01:36:31.232 2026 : ResponseHandler::handleMR8BufferStatus dataBufElements:10 opCode:0x2020000
Tue Sep  8 01:36:31.232 2026 : ResponseHandler::handleMR8BufferStatus buffer:2 bufStatus:7
Tue Sep  8 01:36:31.232 2026 : ResponseHandler::handleMR8BufferStatus buffer:3 bufStatus:7
Tue Sep  8 01:36:31.232 2026 : ResponseHandler::handleMR8BufferStatus buffer:4 bufStatus:2
Tue Sep  8 01:36:31.232 2026 : ResponseHandler::handleMR8BufferStatus memsettig buffer:4 bufLength:12
Tue Sep  8 01:36:31.232 2026 : ResponseHandler::handleMR8BufferStatus buffer:5 bufStatus:7
Tue Sep  8 01:36:31.232 2026 : ResponseHandler::handleMR8BufferStatus buffer:6 bufStatus:7
Tue Sep  8 01:36:31.232 2026 : ResponseHandler::handleMR8BufferStatus buffer:7 bufStatus:7
Tue Sep  8 01:36:31.232 2026 : ResponseHandler::handleMR8BufferStatus buffer:8 bufStatus:7
Tue Sep  8 01:36:31.232 2026 : ResponseHandler::handleMR8BufferStatus buffer:9 bufStatus:0
Tue Sep  8 01:36:31.232 2026 : ResponseHandler::handleMR8BufferStatus memsettig buffer:9 bufLength:8
Tue Sep  8 01:36:31.232 2026 : ResponseHandler::handleMR8BufferStatus Exiting
Tue Sep  8 01:36:31.232 2026 : CLI8 : StoreLIBFacade::issueStorelibCmd Exiting with retCode:0 cmdExtStatus =0

Tue Sep  8 01:36:31.232 2026 : StoreLIBFacade::getDriveAUInfo - SL returns cmdExtStatus:0x0, reasonCode:0x0
Tue Sep  8 01:36:31.232 2026 : StoreLIBFacade::getDriveAUInfo Exiting - retCode:0

Tue Sep  8 01:36:31.232 2026 : PdDataMfi::getMrPdInfo - Reading drive's AU information - Drive PID:349 retCode:0
Tue Sep  8 01:36:31.232 2026 : PdDataMfi::getMrPdInfo - AU Count:1
Tue Sep  8 01:36:31.232 2026 : PdDataMfi::computeCoercedSizeFromLun Entering
Tue Sep  8 01:36:31.232 2026 : PdDataMfi::computeCoercedSizeFromLun - AU Count:1
Tue Sep  8 01:36:31.232 2026 : PdDataMf::computteCoercedSizeFromLun - allCoercedSizePopulated:1 minCoercedSize:6250168320
Tue Sep  8 01:36:31.232 2026 : PdDataMfi::getMrPdInfo - coercedSize:6250168320 nonCoercedSize:0 rawSize:6251233968
Tue Sep  8 01:36:31.232 2026 : PdDataMf::getMrPdInfo - PID:349 SCSIInquiry Elements:1 inquiry Elements:1 VPD Elements:1
Tue Sep  8 01:36:31.232 2026 : PdDataMf::getMrPdInfo - Exiting with retCode:0
Tue Sep  8 01:36:31.232 2026 : CtrlDataManager getInstance Entering

Tue Sep  8 01:36:31.232 2026 : CtrlDataManager getSupportedSizeBaseUnits Entering
Tue Sep  8 01:36:31.232 2026 : CtrlDataManager getMrCtrlInfo - Entering

Tue Sep  8 01:36:31.232 2026 : CtrlDataManager getMrCtrlInfo - Returning persisted Static and Dynamic controller info

Tue Sep  8 01:36:31.232 2026 : CtrlDataManager getSupportedSizeBaseUnits Exiting - retCode :0 *baseUnits:0
Tue Sep  8 01:36:31.232 2026 : PdDataMfi::getMrPdInfo Entering - getAUInfo:0 getAUInquiryBuffers:0
Tue Sep  8 01:36:31.232 2026 : PdDataMfi::getMrPdInfo Entering - getAUInfo:0 getAUInquiryBuffers:0

Tue Sep  8 01:36:31.232 2026 : PdDataMfi::getMrPdInfo Entering - getAUInfo:0 getAUInquiryBuffers:0
Tue Sep  8 01:36:31.232 2026 : PdDataMfi::getMrPdInfo Entering - getAUInfo:0 getAUInquiryBuffers:0
Tue Sep  8 01:36:31.232 2026 : PdDataMfi::getMrPdInfo Entering - getAUInfo:0 getAUInquiryBuffers:0
Tue Sep  8 01:36:31.232 2026 : PdDataMfi::getEnclDeviceId Exiting enclPersistentId:356
Tue Sep  8 01:36:31.232 2026 : PdDataMfi::PdInfo pdState : 1
Tue Sep  8 01:36:31.232 2026 : PdDataMfi::getDriveState Entering - driveState:0x1 isSupported:1
Tue Sep  8 01:36:31.232 2026 : PdDataMfi::getDriveState Exiting - DriveState:UConf
Tue Sep  8 01:36:31.232 2026 : PdDataMfi::getMrPdInfo Entering - getAUInfo:1 getAUInquiryBuffers:0
Tue Sep  8 01:36:31.232 2026 : PdDataMfi::getShortLUNStatus Entering
Tue Sep  8 01:36:31.232 2026 : PdDataMfi::getShortLUNStatus - AU Count:1
Tue Sep  8 01:36:31.232 2026 : PdDataMfi::getLUNStatus Entering - lunStatus:3
Tue Sep  8 01:36:31.232 2026 : PdDataMfi::getLUNStatus Exiting - LUN Status:Good
Tue Sep  8 01:36:31.232 2026 : PdDataMfi::getShortLUNStatus lunStatusStr:Good
Tue Sep  8 01:36:31.232 2026 : PdDataMfi::PdInfo - AU Count:1
Tue Sep  8 01:36:31.232 2026 : PdDataMfi::getPdConfigInfo Entering
Tue Sep  8 01:36:31.232 2026 : ConfigDataManager getInstance Entering

Tue Sep  8 01:36:31.232 2026 : PdDataMfi::getMrPdInfo Entering - getAUInfo:0 getAUInquiryBuffers:0
Tue Sep  8 01:36:31.232 2026 : PdDataMfi::getPdConfigInfo dgListPtr->getCount():3
Tue Sep  8 01:36:31.232 2026 : getPdConfigInfo - arrayListPtr->getCount():1
Tue Sep  8 01:36:31.232 2026 : PdDataMf::getPdConfigInfo - DriveCount:4
Tue Sep  8 01:36:31.232 2026 : PdDataMfi::getMrPdInfo Entering - getAUInfo:0 getAUInquiryBuffers:0
Tue Sep  8 01:36:31.232 2026 : PdDataMfi::getMrPdInfo Entering - getAUInfo:0 getAUInquiryBuffers:0
Tue Sep  8 01:36:31.232 2026 : PdDataMfi::getMrPdInfo Entering - getAUInfo:0 getAUInquiryBuffers:0
Tue Sep  8 01:36:31.232 2026 : PdDataMfi::getMrPdInfo Entering - getAUInfo:0 getAUInquiryBuffers:0
Tue Sep  8 01:36:31.232 2026 : getPdConfigInfo - arrayListPtr->getCount():1
Tue Sep  8 01:36:31.232 2026 : PdDataMf::getPdConfigInfo - DriveCount:2
Tue Sep  8 01:36:31.232 2026 : PdDataMfi::getMrPdInfo Entering - getAUInfo:0 getAUInquiryBuffers:0
Tue Sep  8 01:36:31.232 2026 : PdDataMfi::getMrPdInfo Entering - getAUInfo:0 getAUInquiryBuffers:0
Tue Sep  8 01:36:31.232 2026 : getPdConfigInfo - arrayListPtr->getCount():1
Tue Sep  8 01:36:31.232 2026 : PdDataMf::getPdConfigInfo - DriveCount:2
Tue Sep  8 01:36:31.232 2026 : PdDataMfi::getMrPdInfo Entering - getAUInfo:0 getAUInquiryBuffers:0
Tue Sep  8 01:36:31.232 2026 : PdDataMfi::getMrPdInfo Entering - getAUInfo:0 getAUInquiryBuffers:0
Tue Sep  8 01:36:31.232 2026 : PdDataMf::PdInfo - Getting model number - driveInquiryDataLength:4104 scsiInquiryDataLength:82
Tue Sep  8 01:36:31.232 2026 : PdDataMfi::getAtlpathDriveId Entering
Tue Sep  8 01:36:31.232 2026 : PdDataMfi::getMrPdInfo Entering - getAUInfo:0 getAUInquiryBuffers:0
Tue Sep  8 01:36:31.232 2026 : PdDataMfi::altPath Exiting retCode:0 altPath:-
Tue Sep  8 01:36:31.232 2026 : PdDataMfi::getAllLunInfo Entering
Tue Sep  8 01:36:31.232 2026 : CtrlDataManager getInstance Entering

Tue Sep  8 01:36:31.232 2026 : PdDataMfi::getMrPdInfo Entering - getAUInfo:1 getAUInquiryBuffers:0
Tue Sep  8 01:36:31.232 2026 : CtrlDataManager getSupportedSizeBaseUnits Entering
Tue Sep  8 01:36:31.232 2026 : CtrlDataManager getMrCtrlInfo - Entering

Tue Sep  8 01:36:31.232 2026 : CtrlDataManager getMrCtrlInfo - Returning persisted Static and Dynamic controller info

Tue Sep  8 01:36:31.232 2026 : CtrlDataManager getSupportedSizeBaseUnits Exiting - retCode :0 *baseUnits:0
Tue Sep  8 01:36:31.232 2026 : PdDataMfi::getMrPdInfo Entering - getAUInfo:0 getAUInquiryBuffers:0
Tue Sep  8 01:36:31.232 2026 : PdDataMfi::getLUNStatus Entering - lunStatus:3
Tue Sep  8 01:36:31.232 2026 : PdDataMfi::getLUNStatus Exiting - LUN Status:Good
Tue Sep  8 01:36:31.232 2026 : PdDataMfi::getMrPdInfo Entering - getAUInfo:0 getAUInquiryBuffers:0
Tue Sep  8 01:36:31.232 2026 : PdDataMfi::getMrPdInfo Entering - getAUInfo:0 getAUInquiryBuffers:0
Tue Sep  8 01:36:31.232 2026 : PdDataMfi::getEnclDeviceId Exiting enclPersistentId:356
Tue Sep  8 01:36:31.232 2026 : PdDataMfi::getMrPdInfo Entering - getAUInfo:0 getAUInquiryBuffers:0
Tue Sep  8 01:36:31.232 2026 : PdDataMfi::PdInfo Entering
Tue Sep  8 01:36:31.232 2026 : PdDataMfi::getMrPdInfo Entering - getAUInfo:1 getAUInquiryBuffers:1
Tue Sep  8 01:36:31.232 2026 : PdDataMfi::getMrPdInfo - Reading drive's AU information - Drive PID:350 getAUInfo:1 getAUInquiryBuffers:1
Tue Sep  8 01:36:31.232 2026 : StoreLIBFacade::getDriveAUInfo Entering - Drive PID:350 getAUInfo:1 getAUInquiryBuffers:1
Tue Sep  8 01:36:31.232 2026 : StoreLIBFacade::getDriveAUInfo DCMD OpCode: 0x2020000
Tue Sep  8 01:36:31.232 2026 : CLI8 : StoreLIBFacade::issueStorelibCmd Entering ctrlId=0

Tue Sep  8 01:36:31.232 2026 : CLI8 : StoreLIBFacade::fireStorelibCommand Entering

Tue Sep  8 01:36:31.233 2026 : CLI8 : StoreLIBFacade::fireStorelibCommand Exiting with retCode:0x0

Tue Sep  8 01:36:31.233 2026 : ResponseHandler::checkSl8Response ENTER
Tue Sep  8 01:36:31.233 2026 : ResponseHandler::clearSl8ResponseData Enter
Tue Sep  8 01:36:31.233 2026 : clear resp data
Tue Sep  8 01:36:31.233 2026 : ResponseHandler::clearSl8ResponseData Exit
Tue Sep  8 01:36:31.233 2026 : ResponseParser::CreateInstance Enter
Tue Sep  8 01:36:31.233 2026 : ResponseParser::CreateInstance Exit
Tue Sep  8 01:36:31.233 2026 : FirmwareFailuresParser::GetErrorStrings Enter SLExtStat=0
Tue Sep  8 01:36:31.233 2026 : FirmwareFailuresParser::IgnoreStatusParser Enter
Tue Sep  8 01:36:31.233 2026 : FirmwareFailuresParser::IgnoreStatusParser Exit
Tue Sep  8 01:36:31.233 2026 : FirmwareFailuresParser::GetErrorStrings Exit
Tue Sep  8 01:36:31.233 2026 : ResponseHandler::checkSl8Response .message string Ignore extended status
Tue Sep  8 01:36:31.233 2026 : ResponseHandler::checkSl8Response EXIT with return code 0x0
Tue Sep  8 01:36:31.233 2026 : ResponseHandler::handleMR8BufferStatus Entering
Tue Sep  8 01:36:31.233 2026 : ResponseHandler::handleMR8BufferStatus dataBufElements:10 cmdType:2 cmd:514
Tue Sep  8 01:36:31.233 2026 : ResponseHandler::handleMR8BufferStatus dataBufElements:10 opCode:0x2020000
Tue Sep  8 01:36:31.233 2026 : ResponseHandler::handleMR8BufferStatus buffer:2 bufStatus:7
Tue Sep  8 01:36:31.233 2026 : ResponseHandler::handleMR8BufferStatus buffer:3 bufStatus:7
Tue Sep  8 01:36:31.233 2026 : ResponseHandler::handleMR8BufferStatus buffer:4 bufStatus:2
Tue Sep  8 01:36:31.233 2026 : ResponseHandler::handleMR8BufferStatus memsettig buffer:4 bufLength:12
Tue Sep  8 01:36:31.233 2026 : ResponseHandler::handleMR8BufferStatus buffer:5 bufStatus:7
Tue Sep  8 01:36:31.233 2026 : ResponseHandler::handleMR8BufferStatus buffer:6 bufStatus:7
Tue Sep  8 01:36:31.233 2026 : ResponseHandler::handleMR8BufferStatus buffer:7 bufStatus:7
Tue Sep  8 01:36:31.233 2026 : ResponseHandler::handleMR8BufferStatus buffer:8 bufStatus:7
Tue Sep  8 01:36:31.233 2026 : ResponseHandler::handleMR8BufferStatus buffer:9 bufStatus:0
Tue Sep  8 01:36:31.233 2026 : ResponseHandler::handleMR8BufferStatus memsettig buffer:9 bufLength:1024
Tue Sep  8 01:36:31.233 2026 : ResponseHandler::handleMR8BufferStatus Exiting
Tue Sep  8 01:36:31.233 2026 : CLI8 : StoreLIBFacade::issueStorelibCmd Exiting with retCode:0 cmdExtStatus =0

Tue Sep  8 01:36:31.233 2026 : StoreLIBFacade::getDriveAUInfo - SL returns cmdExtStatus:0x0, reasonCode:0x0
Tue Sep  8 01:36:31.233 2026 : CLI8 : StoreLIBFacade::issueStorelibCmd Entering ctrlId=0

Tue Sep  8 01:36:31.233 2026 : CLI8 : StoreLIBFacade::fireStorelibCommand Entering

Tue Sep  8 01:36:31.234 2026 : CLI8 : StoreLIBFacade::fireStorelibCommand Exiting with retCode:0x0

Tue Sep  8 01:36:31.234 2026 : ResponseHandler::checkSl8Response ENTER
Tue Sep  8 01:36:31.234 2026 : ResponseHandler::clearSl8ResponseData Enter
Tue Sep  8 01:36:31.234 2026 : clear resp data
Tue Sep  8 01:36:31.234 2026 : ResponseHandler::clearSl8ResponseData Exit
Tue Sep  8 01:36:31.234 2026 : ResponseParser::CreateInstance Enter
Tue Sep  8 01:36:31.234 2026 : ResponseParser::CreateInstance Exit
Tue Sep  8 01:36:31.234 2026 : FirmwareFailuresParser::GetErrorStrings Enter SLExtStat=0
Tue Sep  8 01:36:31.234 2026 : FirmwareFailuresParser::IgnoreStatusParser Enter
Tue Sep  8 01:36:31.234 2026 : FirmwareFailuresParser::IgnoreStatusParser Exit
Tue Sep  8 01:36:31.234 2026 : FirmwareFailuresParser::GetErrorStrings Exit
Tue Sep  8 01:36:31.234 2026 : ResponseHandler::checkSl8Response .message string Ignore extended status
Tue Sep  8 01:36:31.234 2026 : ResponseHandler::checkSl8Response EXIT with return code 0x0
Tue Sep  8 01:36:31.234 2026 : ResponseHandler::handleMR8BufferStatus Entering
Tue Sep  8 01:36:31.234 2026 : ResponseHandler::handleMR8BufferStatus dataBufElements:10 cmdType:2 cmd:514
Tue Sep  8 01:36:31.234 2026 : ResponseHandler::handleMR8BufferStatus dataBufElements:10 opCode:0x2020000
Tue Sep  8 01:36:31.234 2026 : ResponseHandler::handleMR8BufferStatus buffer:2 bufStatus:7
Tue Sep  8 01:36:31.234 2026 : ResponseHandler::handleMR8BufferStatus buffer:3 bufStatus:7
Tue Sep  8 01:36:31.234 2026 : ResponseHandler::handleMR8BufferStatus buffer:4 bufStatus:2
Tue Sep  8 01:36:31.234 2026 : ResponseHandler::handleMR8BufferStatus memsettig buffer:4 bufLength:12
Tue Sep  8 01:36:31.234 2026 : ResponseHandler::handleMR8BufferStatus buffer:5 bufStatus:7
Tue Sep  8 01:36:31.234 2026 : ResponseHandler::handleMR8BufferStatus buffer:6 bufStatus:7
Tue Sep  8 01:36:31.234 2026 : ResponseHandler::handleMR8BufferStatus buffer:7 bufStatus:7
Tue Sep  8 01:36:31.234 2026 : ResponseHandler::handleMR8BufferStatus buffer:8 bufStatus:7
Tue Sep  8 01:36:31.234 2026 : ResponseHandler::handleMR8BufferStatus buffer:9 bufStatus:0
Tue Sep  8 01:36:31.234 2026 : ResponseHandler::handleMR8BufferStatus memsettig buffer:9 bufLength:8
Tue Sep  8 01:36:31.234 2026 : ResponseHandler::handleMR8BufferStatus Exiting
Tue Sep  8 01:36:31.234 2026 : CLI8 : StoreLIBFacade::issueStorelibCmd Exiting with retCode:0 cmdExtStatus =0

Tue Sep  8 01:36:31.234 2026 : StoreLIBFacade::getDriveAUInfo - SL returns cmdExtStatus:0x0, reasonCode:0x0
Tue Sep  8 01:36:31.234 2026 : StoreLIBFacade::getDriveAUInfo Exiting - retCode:0

Tue Sep  8 01:36:31.234 2026 : PdDataMfi::getMrPdInfo - Reading drive's AU information - Drive PID:350 retCode:0
Tue Sep  8 01:36:31.234 2026 : PdDataMfi::getMrPdInfo - AU Count:1
Tue Sep  8 01:36:31.234 2026 : PdDataMfi::computeCoercedSizeFromLun Entering
Tue Sep  8 01:36:31.234 2026 : PdDataMfi::computeCoercedSizeFromLun - AU Count:1
Tue Sep  8 01:36:31.234 2026 : PdDataMf::computteCoercedSizeFromLun - allCoercedSizePopulated:1 minCoercedSize:6250168320
Tue Sep  8 01:36:31.234 2026 : PdDataMfi::getMrPdInfo - coercedSize:6250168320 nonCoercedSize:0 rawSize:6251233968
Tue Sep  8 01:36:31.234 2026 : PdDataMf::getMrPdInfo - PID:350 SCSIInquiry Elements:1 inquiry Elements:1 VPD Elements:1
Tue Sep  8 01:36:31.234 2026 : PdDataMf::getMrPdInfo - Exiting with retCode:0
Tue Sep  8 01:36:31.234 2026 : CtrlDataManager getInstance Entering

Tue Sep  8 01:36:31.234 2026 : CtrlDataManager getSupportedSizeBaseUnits Entering
Tue Sep  8 01:36:31.234 2026 : CtrlDataManager getMrCtrlInfo - Entering

Tue Sep  8 01:36:31.234 2026 : CtrlDataManager getMrCtrlInfo - Returning persisted Static and Dynamic controller info

Tue Sep  8 01:36:31.234 2026 : CtrlDataManager getSupportedSizeBaseUnits Exiting - retCode :0 *baseUnits:0
Tue Sep  8 01:36:31.234 2026 : PdDataMfi::getMrPdInfo Entering - getAUInfo:0 getAUInquiryBuffers:0
Tue Sep  8 01:36:31.234 2026 : PdDataMfi::getMrPdInfo Entering - getAUInfo:0 getAUInquiryBuffers:0
Tue Sep  8 01:36:31.234 2026 : PdDataMfi::getMrPdInfo Entering - getAUInfo:0 getAUInquiryBuffers:0
Tue Sep  8 01:36:31.234 2026 : PdDataMfi::getMrPdInfo Entering - getAUInfo:0 getAUInquiryBuffers:0
Tue Sep  8 01:36:31.234 2026 : PdDataMfi::getMrPdInfo Entering - getAUInfo:0 getAUInquiryBuffers:0
Tue Sep  8 01:36:31.234 2026 : PdDataMfi::getEnclDeviceId Exiting enclPersistentId:356
Tue Sep  8 01:36:31.234 2026 : PdDataMfi::PdInfo pdState : 1
Tue Sep  8 01:36:31.234 2026 : PdDataMfi::getDriveState Entering - driveState:0x1 isSupported:1
Tue Sep  8 01:36:31.234 2026 : PdDataMfi::getDriveState Exiting - DriveState:UConf
Tue Sep  8 01:36:31.234 2026 : PdDataMfi::getMrPdInfo Entering - getAUInfo:1 getAUInquiryBuffers:0
Tue Sep  8 01:36:31.234 2026 : PdDataMfi::getShortLUNStatus Entering
Tue Sep  8 01:36:31.234 2026 : PdDataMfi::getShortLUNStatus - AU Count:1
Tue Sep  8 01:36:31.234 2026 : PdDataMfi::getLUNStatus Entering - lunStatus:3
Tue Sep  8 01:36:31.234 2026 : PdDataMfi::getLUNStatus Exiting - LUN Status:Good
Tue Sep  8 01:36:31.234 2026 : PdDataMfi::getShortLUNStatus lunStatusStr:Good
Tue Sep  8 01:36:31.234 2026 : PdDataMfi::PdInfo - AU Count:1
Tue Sep  8 01:36:31.234 2026 : PdDataMfi::getPdConfigInfo Entering
Tue Sep  8 01:36:31.234 2026 : ConfigDataManager getInstance Entering

Tue Sep  8 01:36:31.234 2026 : PdDataMfi::getMrPdInfo Entering - getAUInfo:0 getAUInquiryBuffers:0
Tue Sep  8 01:36:31.234 2026 : PdDataMfi::getPdConfigInfo dgListPtr->getCount():3
Tue Sep  8 01:36:31.234 2026 : getPdConfigInfo - arrayListPtr->getCount():1
Tue Sep  8 01:36:31.234 2026 : PdDataMf::getPdConfigInfo - DriveCount:4
Tue Sep  8 01:36:31.234 2026 : PdDataMfi::getMrPdInfo Entering - getAUInfo:0 getAUInquiryBuffers:0
Tue Sep  8 01:36:31.234 2026 : PdDataMfi::getMrPdInfo Entering - getAUInfo:0 getAUInquiryBuffers:0
Tue Sep  8 01:36:31.234 2026 : PdDataMfi::getMrPdInfo Entering - getAUInfo:0 getAUInquiryBuffers:0
Tue Sep  8 01:36:31.234 2026 : PdDataMfi::getMrPdInfo Entering - getAUInfo:0 getAUInquiryBuffers:0
Tue Sep  8 01:36:31.234 2026 : getPdConfigInfo - arrayListPtr->getCount():1
Tue Sep  8 01:36:31.234 2026 : PdDataMf::getPdConfigInfo - DriveCount:2
Tue Sep  8 01:36:31.234 2026 : PdDataMfi::getMrPdInfo Entering - getAUInfo:0 getAUInquiryBuffers:0
Tue Sep  8 01:36:31.234 2026 : PdDataMfi::getMrPdInfo Entering - getAUInfo:0 getAUInquiryBuffers:0
Tue Sep  8 01:36:31.234 2026 : getPdConfigInfo - arrayListPtr->getCount():1
Tue Sep  8 01:36:31.234 2026 : PdDataMf::getPdConfigInfo - DriveCount:2
Tue Sep  8 01:36:31.234 2026 : PdDataMfi::getMrPdInfo Entering - getAUInfo:0 getAUInquiryBuffers:0
Tue Sep  8 01:36:31.234 2026 : PdDataMfi::getMrPdInfo Entering - getAUInfo:0 getAUInquiryBuffers:0
Tue Sep  8 01:36:31.234 2026 : PdDataMf::PdInfo - Getting model number - driveInquiryDataLength:4104 scsiInquiryDataLength:82
Tue Sep  8 01:36:31.234 2026 : PdDataMfi::getAtlpathDriveId Entering
Tue Sep  8 01:36:31.234 2026 : PdDataMfi::getMrPdInfo Entering - getAUInfo:0 getAUInquiryBuffers:0
Tue Sep  8 01:36:31.234 2026 : PdDataMfi::altPath Exiting retCode:0 altPath:-
Tue Sep  8 01:36:31.234 2026 : PdDataMfi::getAllLunInfo Entering
Tue Sep  8 01:36:31.234 2026 : CtrlDataManager getInstance Entering

Tue Sep  8 01:36:31.234 2026 : PdDataMfi::getMrPdInfo Entering - getAUInfo:1 getAUInquiryBuffers:0
Tue Sep  8 01:36:31.234 2026 : CtrlDataManager getSupportedSizeBaseUnits Entering
Tue Sep  8 01:36:31.234 2026 : CtrlDataManager getMrCtrlInfo - Entering

Tue Sep  8 01:36:31.234 2026 : CtrlDataManager getMrCtrlInfo - Returning persisted Static and Dynamic controller info

Tue Sep  8 01:36:31.234 2026 : CtrlDataManager getSupportedSizeBaseUnits Exiting - retCode :0 *baseUnits:0
Tue Sep  8 01:36:31.234 2026 : PdDataMfi::getMrPdInfo Entering - getAUInfo:0 getAUInquiryBuffers:0
Tue Sep  8 01:36:31.234 2026 : PdDataMfi::getLUNStatus Entering - lunStatus:3
Tue Sep  8 01:36:31.234 2026 : PdDataMfi::getLUNStatus Exiting - LUN Status:Good
Tue Sep  8 01:36:31.234 2026 : PdDataMfi::getMrPdInfo Entering - getAUInfo:0 getAUInquiryBuffers:0
Tue Sep  8 01:36:31.234 2026 : PdDataMfi::getMrPdInfo Entering - getAUInfo:0 getAUInquiryBuffers:0
Tue Sep  8 01:36:31.234 2026 : PdDataMfi::getEnclDeviceId Exiting enclPersistentId:356
Tue Sep  8 01:36:31.234 2026 : PdDataMfi::getMrPdInfo Entering - getAUInfo:0 getAUInquiryBuffers:0
Tue Sep  8 01:36:31.234 2026 : PdDataMfi::PdInfo Entering
Tue Sep  8 01:36:31.234 2026 : PdDataMfi::getMrPdInfo Entering - getAUInfo:1 getAUInquiryBuffers:1
Tue Sep  8 01:36:31.234 2026 : PdDataMfi::getMrPdInfo - Reading drive's AU information - Drive PID:351 getAUInfo:1 getAUInquiryBuffers:1
Tue Sep  8 01:36:31.234 2026 : StoreLIBFacade::getDriveAUInfo Entering - Drive PID:351 getAUInfo:1 getAUInquiryBuffers:1
Tue Sep  8 01:36:31.234 2026 : StoreLIBFacade::getDriveAUInfo DCMD OpCode: 0x2020000
Tue Sep  8 01:36:31.234 2026 : CLI8 : StoreLIBFacade::issueStorelibCmd Entering ctrlId=0

Tue Sep  8 01:36:31.234 2026 : CLI8 : StoreLIBFacade::fireStorelibCommand Entering

Tue Sep  8 01:36:31.235 2026 : CLI8 : StoreLIBFacade::fireStorelibCommand Exiting with retCode:0x0

Tue Sep  8 01:36:31.235 2026 : ResponseHandler::checkSl8Response ENTER
Tue Sep  8 01:36:31.235 2026 : ResponseHandler::clearSl8ResponseData Enter
Tue Sep  8 01:36:31.235 2026 : clear resp data
Tue Sep  8 01:36:31.235 2026 : ResponseHandler::clearSl8ResponseData Exit
Tue Sep  8 01:36:31.235 2026 : ResponseParser::CreateInstance Enter
Tue Sep  8 01:36:31.235 2026 : ResponseParser::CreateInstance Exit
Tue Sep  8 01:36:31.235 2026 : FirmwareFailuresParser::GetErrorStrings Enter SLExtStat=0
Tue Sep  8 01:36:31.236 2026 : FirmwareFailuresParser::IgnoreStatusParser Enter
Tue Sep  8 01:36:31.236 2026 : FirmwareFailuresParser::IgnoreStatusParser Exit
Tue Sep  8 01:36:31.236 2026 : FirmwareFailuresParser::GetErrorStrings Exit
Tue Sep  8 01:36:31.236 2026 : ResponseHandler::checkSl8Response .message string Ignore extended status
Tue Sep  8 01:36:31.236 2026 : ResponseHandler::checkSl8Response EXIT with return code 0x0
Tue Sep  8 01:36:31.236 2026 : ResponseHandler::handleMR8BufferStatus Entering
Tue Sep  8 01:36:31.236 2026 : ResponseHandler::handleMR8BufferStatus dataBufElements:10 cmdType:2 cmd:514
Tue Sep  8 01:36:31.236 2026 : ResponseHandler::handleMR8BufferStatus dataBufElements:10 opCode:0x2020000
Tue Sep  8 01:36:31.236 2026 : ResponseHandler::handleMR8BufferStatus buffer:2 bufStatus:7
Tue Sep  8 01:36:31.236 2026 : ResponseHandler::handleMR8BufferStatus buffer:3 bufStatus:7
Tue Sep  8 01:36:31.236 2026 : ResponseHandler::handleMR8BufferStatus buffer:4 bufStatus:2
Tue Sep  8 01:36:31.236 2026 : ResponseHandler::handleMR8BufferStatus memsettig buffer:4 bufLength:12
Tue Sep  8 01:36:31.236 2026 : ResponseHandler::handleMR8BufferStatus buffer:5 bufStatus:7
Tue Sep  8 01:36:31.236 2026 : ResponseHandler::handleMR8BufferStatus buffer:6 bufStatus:7
Tue Sep  8 01:36:31.236 2026 : ResponseHandler::handleMR8BufferStatus buffer:7 bufStatus:7
Tue Sep  8 01:36:31.236 2026 : ResponseHandler::handleMR8BufferStatus buffer:8 bufStatus:7
Tue Sep  8 01:36:31.236 2026 : ResponseHandler::handleMR8BufferStatus buffer:9 bufStatus:0
Tue Sep  8 01:36:31.236 2026 : ResponseHandler::handleMR8BufferStatus memsettig buffer:9 bufLength:1024
Tue Sep  8 01:36:31.236 2026 : ResponseHandler::handleMR8BufferStatus Exiting
Tue Sep  8 01:36:31.236 2026 : CLI8 : StoreLIBFacade::issueStorelibCmd Exiting with retCode:0 cmdExtStatus =0

Tue Sep  8 01:36:31.236 2026 : StoreLIBFacade::getDriveAUInfo - SL returns cmdExtStatus:0x0, reasonCode:0x0
Tue Sep  8 01:36:31.236 2026 : CLI8 : StoreLIBFacade::issueStorelibCmd Entering ctrlId=0

Tue Sep  8 01:36:31.236 2026 : CLI8 : StoreLIBFacade::fireStorelibCommand Entering

Tue Sep  8 01:36:31.237 2026 : CLI8 : StoreLIBFacade::fireStorelibCommand Exiting with retCode:0x0

Tue Sep  8 01:36:31.237 2026 : ResponseHandler::checkSl8Response ENTER
Tue Sep  8 01:36:31.237 2026 : ResponseHandler::clearSl8ResponseData Enter
Tue Sep  8 01:36:31.237 2026 : clear resp data
Tue Sep  8 01:36:31.237 2026 : ResponseHandler::clearSl8ResponseData Exit
Tue Sep  8 01:36:31.237 2026 : ResponseParser::CreateInstance Enter
Tue Sep  8 01:36:31.237 2026 : ResponseParser::CreateInstance Exit
Tue Sep  8 01:36:31.237 2026 : FirmwareFailuresParser::GetErrorStrings Enter SLExtStat=0
Tue Sep  8 01:36:31.237 2026 : FirmwareFailuresParser::IgnoreStatusParser Enter
Tue Sep  8 01:36:31.237 2026 : FirmwareFailuresParser::IgnoreStatusParser Exit
Tue Sep  8 01:36:31.237 2026 : FirmwareFailuresParser::GetErrorStrings Exit
Tue Sep  8 01:36:31.237 2026 : ResponseHandler::checkSl8Response .message string Ignore extended status
Tue Sep  8 01:36:31.237 2026 : ResponseHandler::checkSl8Response EXIT with return code 0x0
Tue Sep  8 01:36:31.237 2026 : ResponseHandler::handleMR8BufferStatus Entering
Tue Sep  8 01:36:31.237 2026 : ResponseHandler::handleMR8BufferStatus dataBufElements:10 cmdType:2 cmd:514
Tue Sep  8 01:36:31.237 2026 : ResponseHandler::handleMR8BufferStatus dataBufElements:10 opCode:0x2020000
Tue Sep  8 01:36:31.237 2026 : ResponseHandler::handleMR8BufferStatus buffer:2 bufStatus:7
Tue Sep  8 01:36:31.237 2026 : ResponseHandler::handleMR8BufferStatus buffer:3 bufStatus:7
Tue Sep  8 01:36:31.237 2026 : ResponseHandler::handleMR8BufferStatus buffer:4 bufStatus:2
Tue Sep  8 01:36:31.237 2026 : ResponseHandler::handleMR8BufferStatus memsettig buffer:4 bufLength:12
Tue Sep  8 01:36:31.237 2026 : ResponseHandler::handleMR8BufferStatus buffer:5 bufStatus:7
Tue Sep  8 01:36:31.237 2026 : ResponseHandler::handleMR8BufferStatus buffer:6 bufStatus:7
Tue Sep  8 01:36:31.237 2026 : ResponseHandler::handleMR8BufferStatus buffer:7 bufStatus:7
Tue Sep  8 01:36:31.237 2026 : ResponseHandler::handleMR8BufferStatus buffer:8 bufStatus:7
Tue Sep  8 01:36:31.237 2026 : ResponseHandler::handleMR8BufferStatus buffer:9 bufStatus:0
Tue Sep  8 01:36:31.237 2026 : ResponseHandler::handleMR8BufferStatus memsettig buffer:9 bufLength:8
Tue Sep  8 01:36:31.237 2026 : ResponseHandler::handleMR8BufferStatus Exiting
Tue Sep  8 01:36:31.237 2026 : CLI8 : StoreLIBFacade::issueStorelibCmd Exiting with retCode:0 cmdExtStatus =0

Tue Sep  8 01:36:31.237 2026 : StoreLIBFacade::getDriveAUInfo - SL returns cmdExtStatus:0x0, reasonCode:0x0
Tue Sep  8 01:36:31.237 2026 : StoreLIBFacade::getDriveAUInfo Exiting - retCode:0

Tue Sep  8 01:36:31.237 2026 : PdDataMfi::getMrPdInfo - Reading drive's AU information - Drive PID:351 retCode:0
Tue Sep  8 01:36:31.237 2026 : PdDataMfi::getMrPdInfo - AU Count:1
Tue Sep  8 01:36:31.237 2026 : PdDataMfi::computeCoercedSizeFromLun Entering
Tue Sep  8 01:36:31.237 2026 : PdDataMfi::computeCoercedSizeFromLun - AU Count:1
Tue Sep  8 01:36:31.237 2026 : PdDataMf::computteCoercedSizeFromLun - allCoercedSizePopulated:1 minCoercedSize:6250168320
Tue Sep  8 01:36:31.237 2026 : PdDataMfi::getMrPdInfo - coercedSize:6250168320 nonCoercedSize:0 rawSize:6251233968
Tue Sep  8 01:36:31.237 2026 : PdDataMf::getMrPdInfo - PID:351 SCSIInquiry Elements:1 inquiry Elements:1 VPD Elements:1
Tue Sep  8 01:36:31.237 2026 : PdDataMf::getMrPdInfo - Exiting with retCode:0
Tue Sep  8 01:36:31.237 2026 : CtrlDataManager getInstance Entering

Tue Sep  8 01:36:31.237 2026 : CtrlDataManager getSupportedSizeBaseUnits Entering
Tue Sep  8 01:36:31.237 2026 : CtrlDataManager getMrCtrlInfo - Entering

Tue Sep  8 01:36:31.237 2026 : CtrlDataManager getMrCtrlInfo - Returning persisted Static and Dynamic controller info

Tue Sep  8 01:36:31.237 2026 : CtrlDataManager getSupportedSizeBaseUnits Exiting - retCode :0 *baseUnits:0
Tue Sep  8 01:36:31.237 2026 : PdDataMfi::getMrPdInfo Entering - getAUInfo:0 getAUInquiryBuffers:0
Tue Sep  8 01:36:31.237 2026 : PdDataMfi::getMrPdInfo Entering - getAUInfo:0 getAUInquiryBuffers:0
Tue Sep  8 01:36:31.237 2026 : PdDataMfi::getMrPdInfo Entering - getAUInfo:0 getAUInquiryBuffers:0
Tue Sep  8 01:36:31.237 2026 : PdDataMfi::getMrPdInfo Entering - getAUInfo:0 getAUInquiryBuffers:0
Tue Sep  8 01:36:31.237 2026 : PdDataMfi::getMrPdInfo Entering - getAUInfo:0 getAUInquiryBuffers:0
Tue Sep  8 01:36:31.237 2026 : PdDataMfi::getEnclDeviceId Exiting enclPersistentId:356
Tue Sep  8 01:36:31.237 2026 : PdDataMfi::PdInfo pdState : 1
Tue Sep  8 01:36:31.237 2026 : PdDataMfi::getDriveState Entering - driveState:0x1 isSupported:1
Tue Sep  8 01:36:31.237 2026 : PdDataMfi::getDriveState Exiting - DriveState:UConf
Tue Sep  8 01:36:31.237 2026 : PdDataMfi::getMrPdInfo Entering - getAUInfo:1 getAUInquiryBuffers:0
Tue Sep  8 01:36:31.237 2026 : PdDataMfi::getShortLUNStatus Entering
Tue Sep  8 01:36:31.237 2026 : PdDataMfi::getShortLUNStatus - AU Count:1
Tue Sep  8 01:36:31.237 2026 : PdDataMfi::getLUNStatus Entering - lunStatus:3
Tue Sep  8 01:36:31.237 2026 : PdDataMfi::getLUNStatus Exiting - LUN Status:Good
Tue Sep  8 01:36:31.237 2026 : PdDataMfi::getShortLUNStatus lunStatusStr:Good
Tue Sep  8 01:36:31.237 2026 : PdDataMfi::PdInfo - AU Count:1
Tue Sep  8 01:36:31.237 2026 : PdDataMfi::getPdConfigInfo Entering
Tue Sep  8 01:36:31.237 2026 : ConfigDataManager getInstance Entering

Tue Sep  8 01:36:31.237 2026 : PdDataMfi::getMrPdInfo Entering - getAUInfo:0 getAUInquiryBuffers:0
Tue Sep  8 01:36:31.237 2026 : PdDataMfi::getPdConfigInfo dgListPtr->getCount():3
Tue Sep  8 01:36:31.237 2026 : getPdConfigInfo - arrayListPtr->getCount():1
Tue Sep  8 01:36:31.237 2026 : PdDataMf::getPdConfigInfo - DriveCount:4
Tue Sep  8 01:36:31.237 2026 : PdDataMfi::getMrPdInfo Entering - getAUInfo:0 getAUInquiryBuffers:0
Tue Sep  8 01:36:31.237 2026 : PdDataMfi::getMrPdInfo Entering - getAUInfo:0 getAUInquiryBuffers:0
Tue Sep  8 01:36:31.237 2026 : PdDataMfi::getMrPdInfo Entering - getAUInfo:0 getAUInquiryBuffers:0
Tue Sep  8 01:36:31.237 2026 : PdDataMfi::getMrPdInfo Entering - getAUInfo:0 getAUInquiryBuffers:0
Tue Sep  8 01:36:31.237 2026 : getPdConfigInfo - arrayListPtr->getCount():1
Tue Sep  8 01:36:31.237 2026 : PdDataMf::getPdConfigInfo - DriveCount:2
Tue Sep  8 01:36:31.237 2026 : PdDataMfi::getMrPdInfo Entering - getAUInfo:0 getAUInquiryBuffers:0
Tue Sep  8 01:36:31.237 2026 : PdDataMfi::getMrPdInfo Entering - getAUInfo:0 getAUInquiryBuffers:0
Tue Sep  8 01:36:31.237 2026 : getPdConfigInfo - arrayListPtr->getCount():1
Tue Sep  8 01:36:31.237 2026 : PdDataMf::getPdConfigInfo - DriveCount:2
Tue Sep  8 01:36:31.237 2026 : PdDataMfi::getMrPdInfo Entering - getAUInfo:0 getAUInquiryBuffers:0
Tue Sep  8 01:36:31.237 2026 : PdDataMfi::getMrPdInfo Entering - getAUInfo:0 getAUInquiryBuffers:0
Tue Sep  8 01:36:31.237 2026 : PdDataMf::PdInfo - Getting model number - driveInquiryDataLength:4104 scsiInquiryDataLength:82
Tue Sep  8 01:36:31.237 2026 : PdDataMfi::getAtlpathDriveId Entering
Tue Sep  8 01:36:31.237 2026 : PdDataMfi::getMrPdInfo Entering - getAUInfo:0 getAUInquiryBuffers:0
Tue Sep  8 01:36:31.237 2026 : PdDataMfi::altPath Exiting retCode:0 altPath:-
Tue Sep  8 01:36:31.237 2026 : PdDataMfi::getAllLunInfo Entering
Tue Sep  8 01:36:31.237 2026 : CtrlDataManager getInstance Entering

Tue Sep  8 01:36:31.237 2026 : PdDataMfi::getMrPdInfo Entering - getAUInfo:1 getAUInquiryBuffers:0
Tue Sep  8 01:36:31.237 2026 : CtrlDataManager getSupportedSizeBaseUnits Entering
Tue Sep  8 01:36:31.237 2026 : CtrlDataManager getMrCtrlInfo - Entering

Tue Sep  8 01:36:31.237 2026 : CtrlDataManager getMrCtrlInfo - Returning persisted Static and Dynamic controller info

Tue Sep  8 01:36:31.237 2026 : CtrlDataManager getSupportedSizeBaseUnits Exiting - retCode :0 *baseUnits:0
Tue Sep  8 01:36:31.237 2026 : PdDataMfi::getMrPdInfo Entering - getAUInfo:0 getAUInquiryBuffers:0
Tue Sep  8 01:36:31.237 2026 : PdDataMfi::getLUNStatus Entering - lunStatus:3
Tue Sep  8 01:36:31.237 2026 : PdDataMfi::getLUNStatus Exiting - LUN Status:Good
Tue Sep  8 01:36:31.237 2026 : PdDataMfi::getMrPdInfo Entering - getAUInfo:0 getAUInquiryBuffers:0
Tue Sep  8 01:36:31.237 2026 : PdDataMfi::getMrPdInfo Entering - getAUInfo:0 getAUInquiryBuffers:0
Tue Sep  8 01:36:31.237 2026 : PdDataMfi::getEnclDeviceId Exiting enclPersistentId:356
Tue Sep  8 01:36:31.237 2026 : PdDataMfi::getMrPdInfo Entering - getAUInfo:0 getAUInquiryBuffers:0
Tue Sep  8 01:36:31.237 2026 : PdDataMfi::PdInfo Entering
Tue Sep  8 01:36:31.237 2026 : PdDataMfi::getMrPdInfo Entering - getAUInfo:1 getAUInquiryBuffers:1
Tue Sep  8 01:36:31.237 2026 : PdDataMfi::getMrPdInfo - Reading drive's AU information - Drive PID:352 getAUInfo:1 getAUInquiryBuffers:1
Tue Sep  8 01:36:31.237 2026 : StoreLIBFacade::getDriveAUInfo Entering - Drive PID:352 getAUInfo:1 getAUInquiryBuffers:1
Tue Sep  8 01:36:31.237 2026 : StoreLIBFacade::getDriveAUInfo DCMD OpCode: 0x2020000
Tue Sep  8 01:36:31.237 2026 : CLI8 : StoreLIBFacade::issueStorelibCmd Entering ctrlId=0

Tue Sep  8 01:36:31.237 2026 : CLI8 : StoreLIBFacade::fireStorelibCommand Entering

Tue Sep  8 01:36:31.238 2026 : CLI8 : StoreLIBFacade::fireStorelibCommand Exiting with retCode:0x0

Tue Sep  8 01:36:31.238 2026 : ResponseHandler::checkSl8Response ENTER
Tue Sep  8 01:36:31.238 2026 : ResponseHandler::clearSl8ResponseData Enter
Tue Sep  8 01:36:31.238 2026 : clear resp data
Tue Sep  8 01:36:31.238 2026 : ResponseHandler::clearSl8ResponseData Exit
Tue Sep  8 01:36:31.238 2026 : ResponseParser::CreateInstance Enter
Tue Sep  8 01:36:31.238 2026 : ResponseParser::CreateInstance Exit
Tue Sep  8 01:36:31.238 2026 : FirmwareFailuresParser::GetErrorStrings Enter SLExtStat=0
Tue Sep  8 01:36:31.238 2026 : FirmwareFailuresParser::IgnoreStatusParser Enter
Tue Sep  8 01:36:31.238 2026 : FirmwareFailuresParser::IgnoreStatusParser Exit
Tue Sep  8 01:36:31.238 2026 : FirmwareFailuresParser::GetErrorStrings Exit
Tue Sep  8 01:36:31.238 2026 : ResponseHandler::checkSl8Response .message string Ignore extended status
Tue Sep  8 01:36:31.238 2026 : ResponseHandler::checkSl8Response EXIT with return code 0x0
Tue Sep  8 01:36:31.238 2026 : ResponseHandler::handleMR8BufferStatus Entering
Tue Sep  8 01:36:31.238 2026 : ResponseHandler::handleMR8BufferStatus dataBufElements:10 cmdType:2 cmd:514
Tue Sep  8 01:36:31.238 2026 : ResponseHandler::handleMR8BufferStatus dataBufElements:10 opCode:0x2020000
Tue Sep  8 01:36:31.238 2026 : ResponseHandler::handleMR8BufferStatus buffer:2 bufStatus:7
Tue Sep  8 01:36:31.238 2026 : ResponseHandler::handleMR8BufferStatus buffer:3 bufStatus:7
Tue Sep  8 01:36:31.238 2026 : ResponseHandler::handleMR8BufferStatus buffer:4 bufStatus:2
Tue Sep  8 01:36:31.238 2026 : ResponseHandler::handleMR8BufferStatus memsettig buffer:4 bufLength:12
Tue Sep  8 01:36:31.238 2026 : ResponseHandler::handleMR8BufferStatus buffer:5 bufStatus:7
Tue Sep  8 01:36:31.238 2026 : ResponseHandler::handleMR8BufferStatus buffer:6 bufStatus:7
Tue Sep  8 01:36:31.238 2026 : ResponseHandler::handleMR8BufferStatus buffer:7 bufStatus:7
Tue Sep  8 01:36:31.238 2026 : ResponseHandler::handleMR8BufferStatus buffer:8 bufStatus:7
Tue Sep  8 01:36:31.238 2026 : ResponseHandler::handleMR8BufferStatus buffer:9 bufStatus:0
Tue Sep  8 01:36:31.238 2026 : ResponseHandler::handleMR8BufferStatus memsettig buffer:9 bufLength:1024
Tue Sep  8 01:36:31.238 2026 : ResponseHandler::handleMR8BufferStatus Exiting
Tue Sep  8 01:36:31.238 2026 : CLI8 : StoreLIBFacade::issueStorelibCmd Exiting with retCode:0 cmdExtStatus =0

Tue Sep  8 01:36:31.238 2026 : StoreLIBFacade::getDriveAUInfo - SL returns cmdExtStatus:0x0, reasonCode:0x0
Tue Sep  8 01:36:31.238 2026 : CLI8 : StoreLIBFacade::issueStorelibCmd Entering ctrlId=0

Tue Sep  8 01:36:31.238 2026 : CLI8 : StoreLIBFacade::fireStorelibCommand Entering

Tue Sep  8 01:36:31.240 2026 : CLI8 : StoreLIBFacade::fireStorelibCommand Exiting with retCode:0x0

Tue Sep  8 01:36:31.240 2026 : ResponseHandler::checkSl8Response ENTER
Tue Sep  8 01:36:31.240 2026 : ResponseHandler::clearSl8ResponseData Enter
Tue Sep  8 01:36:31.240 2026 : clear resp data
Tue Sep  8 01:36:31.240 2026 : ResponseHandler::clearSl8ResponseData Exit
Tue Sep  8 01:36:31.240 2026 : ResponseParser::CreateInstance Enter
Tue Sep  8 01:36:31.240 2026 : ResponseParser::CreateInstance Exit
Tue Sep  8 01:36:31.240 2026 : FirmwareFailuresParser::GetErrorStrings Enter SLExtStat=0
Tue Sep  8 01:36:31.240 2026 : FirmwareFailuresParser::IgnoreStatusParser Enter
Tue Sep  8 01:36:31.240 2026 : FirmwareFailuresParser::IgnoreStatusParser Exit
Tue Sep  8 01:36:31.240 2026 : FirmwareFailuresParser::GetErrorStrings Exit
Tue Sep  8 01:36:31.240 2026 : ResponseHandler::checkSl8Response .message string Ignore extended status
Tue Sep  8 01:36:31.240 2026 : ResponseHandler::checkSl8Response EXIT with return code 0x0
Tue Sep  8 01:36:31.240 2026 : ResponseHandler::handleMR8BufferStatus Entering
Tue Sep  8 01:36:31.240 2026 : ResponseHandler::handleMR8BufferStatus dataBufElements:10 cmdType:2 cmd:514
Tue Sep  8 01:36:31.240 2026 : ResponseHandler::handleMR8BufferStatus dataBufElements:10 opCode:0x2020000
Tue Sep  8 01:36:31.240 2026 : ResponseHandler::handleMR8BufferStatus buffer:2 bufStatus:7

Tue Sep  8 01:36:31.240 2026 : ResponseHandler::handleMR8BufferStatus buffer:3 bufStatus:7
Tue Sep  8 01:36:31.240 2026 : ResponseHandler::handleMR8BufferStatus buffer:4 bufStatus:2
Tue Sep  8 01:36:31.240 2026 : ResponseHandler::handleMR8BufferStatus memsettig buffer:4 bufLength:12
Tue Sep  8 01:36:31.240 2026 : ResponseHandler::handleMR8BufferStatus buffer:5 bufStatus:7
Tue Sep  8 01:36:31.240 2026 : ResponseHandler::handleMR8BufferStatus buffer:6 bufStatus:7
Tue Sep  8 01:36:31.240 2026 : ResponseHandler::handleMR8BufferStatus buffer:7 bufStatus:7
Tue Sep  8 01:36:31.240 2026 : ResponseHandler::handleMR8BufferStatus buffer:8 bufStatus:7
Tue Sep  8 01:36:31.240 2026 : ResponseHandler::handleMR8BufferStatus buffer:9 bufStatus:0
Tue Sep  8 01:36:31.240 2026 : ResponseHandler::handleMR8BufferStatus memsettig buffer:9 bufLength:8
Tue Sep  8 01:36:31.240 2026 : ResponseHandler::handleMR8BufferStatus Exiting
Tue Sep  8 01:36:31.240 2026 : CLI8 : StoreLIBFacade::issueStorelibCmd Exiting with retCode:0 cmdExtStatus =0

Tue Sep  8 01:36:31.240 2026 : StoreLIBFacade::getDriveAUInfo - SL returns cmdExtStatus:0x0, reasonCode:0x0
Tue Sep  8 01:36:31.240 2026 : StoreLIBFacade::getDriveAUInfo Exiting - retCode:0

Tue Sep  8 01:36:31.240 2026 : PdDataMfi::getMrPdInfo - Reading drive's AU information - Drive PID:352 retCode:0
Tue Sep  8 01:36:31.240 2026 : PdDataMfi::getMrPdInfo - AU Count:1
Tue Sep  8 01:36:31.240 2026 : PdDataMfi::computeCoercedSizeFromLun Entering
Tue Sep  8 01:36:31.240 2026 : PdDataMfi::computeCoercedSizeFromLun - AU Count:1
Tue Sep  8 01:36:31.240 2026 : PdDataMf::computteCoercedSizeFromLun - allCoercedSizePopulated:1 minCoercedSize:6250168320
Tue Sep  8 01:36:31.240 2026 : PdDataMfi::getMrPdInfo - coercedSize:6250168320 nonCoercedSize:0 rawSize:6251233968
Tue Sep  8 01:36:31.240 2026 : PdDataMf::getMrPdInfo - PID:352 SCSIInquiry Elements:1 inquiry Elements:1 VPD Elements:1
Tue Sep  8 01:36:31.240 2026 : PdDataMf::getMrPdInfo - Exiting with retCode:0
Tue Sep  8 01:36:31.240 2026 : CtrlDataManager getInstance Entering

Tue Sep  8 01:36:31.240 2026 : CtrlDataManager getSupportedSizeBaseUnits Entering
Tue Sep  8 01:36:31.240 2026 : CtrlDataManager getMrCtrlInfo - Entering

Tue Sep  8 01:36:31.240 2026 : CtrlDataManager getMrCtrlInfo - Returning persisted Static and Dynamic controller info

Tue Sep  8 01:36:31.240 2026 : CtrlDataManager getSupportedSizeBaseUnits Exiting - retCode :0 *baseUnits:0
Tue Sep  8 01:36:31.240 2026 : PdDataMfi::getMrPdInfo Entering - getAUInfo:0 getAUInquiryBuffers:0
Tue Sep  8 01:36:31.240 2026 : PdDataMfi::getMrPdInfo Entering - getAUInfo:0 getAUInquiryBuffers:0
Tue Sep  8 01:36:31.240 2026 : PdDataMfi::getMrPdInfo Entering - getAUInfo:0 getAUInquiryBuffers:0
Tue Sep  8 01:36:31.240 2026 : PdDataMfi::getMrPdInfo Entering - getAUInfo:0 getAUInquiryBuffers:0
Tue Sep  8 01:36:31.240 2026 : PdDataMfi::getMrPdInfo Entering - getAUInfo:0 getAUInquiryBuffers:0
Tue Sep  8 01:36:31.240 2026 : PdDataMfi::getEnclDeviceId Exiting enclPersistentId:356
Tue Sep  8 01:36:31.240 2026 : PdDataMfi::PdInfo pdState : 5
Tue Sep  8 01:36:31.240 2026 : PdDataMfi::getDriveState Entering - driveState:0x5 isSupported:1
Tue Sep  8 01:36:31.240 2026 : PdDataMfi::getDriveState Exiting - DriveState:JBOD
Tue Sep  8 01:36:31.240 2026 : PdDataMfi::getMrPdInfo Entering - getAUInfo:1 getAUInquiryBuffers:0
Tue Sep  8 01:36:31.240 2026 : PdDataMfi::getShortLUNStatus Entering
Tue Sep  8 01:36:31.240 2026 : PdDataMfi::getShortLUNStatus - AU Count:1
Tue Sep  8 01:36:31.240 2026 : PdDataMfi::getLUNStatus Entering - lunStatus:3
Tue Sep  8 01:36:31.240 2026 : PdDataMfi::getLUNStatus Exiting - LUN Status:Good
Tue Sep  8 01:36:31.240 2026 : PdDataMfi::getShortLUNStatus lunStatusStr:Good
Tue Sep  8 01:36:31.240 2026 : PdDataMfi::PdInfo - AU Count:1
Tue Sep  8 01:36:31.240 2026 : PdDataMfi::getPdConfigInfo Entering
Tue Sep  8 01:36:31.240 2026 : ConfigDataManager getInstance Entering

Tue Sep  8 01:36:31.240 2026 : PdDataMfi::getMrPdInfo Entering - getAUInfo:0 getAUInquiryBuffers:0
Tue Sep  8 01:36:31.240 2026 : PdDataMfi::getPdConfigInfo dgListPtr->getCount():3
Tue Sep  8 01:36:31.240 2026 : getPdConfigInfo - arrayListPtr->getCount():1
Tue Sep  8 01:36:31.240 2026 : PdDataMf::getPdConfigInfo - DriveCount:4
Tue Sep  8 01:36:31.240 2026 : PdDataMfi::getMrPdInfo Entering - getAUInfo:0 getAUInquiryBuffers:0
Tue Sep  8 01:36:31.240 2026 : PdDataMfi::getMrPdInfo Entering - getAUInfo:0 getAUInquiryBuffers:0
Tue Sep  8 01:36:31.240 2026 : PdDataMfi::getMrPdInfo Entering - getAUInfo:0 getAUInquiryBuffers:0
Tue Sep  8 01:36:31.240 2026 : PdDataMfi::getMrPdInfo Entering - getAUInfo:0 getAUInquiryBuffers:0
Tue Sep  8 01:36:31.240 2026 : getPdConfigInfo - arrayListPtr->getCount():1
Tue Sep  8 01:36:31.240 2026 : PdDataMf::getPdConfigInfo - DriveCount:2
Tue Sep  8 01:36:31.240 2026 : PdDataMfi::getMrPdInfo Entering - getAUInfo:0 getAUInquiryBuffers:0
Tue Sep  8 01:36:31.240 2026 : PdDataMfi::getMrPdInfo Entering - getAUInfo:0 getAUInquiryBuffers:0
Tue Sep  8 01:36:31.240 2026 : getPdConfigInfo - arrayListPtr->getCount():1
Tue Sep  8 01:36:31.240 2026 : PdDataMf::getPdConfigInfo - DriveCount:2
Tue Sep  8 01:36:31.240 2026 : PdDataMfi::getMrPdInfo Entering - getAUInfo:0 getAUInquiryBuffers:0
Tue Sep  8 01:36:31.240 2026 : PdDataMfi::getMrPdInfo Entering - getAUInfo:0 getAUInquiryBuffers:0
Tue Sep  8 01:36:31.240 2026 : PdDataMf::PdInfo - Getting model number - driveInquiryDataLength:4104 scsiInquiryDataLength:82
Tue Sep  8 01:36:31.240 2026 : PdDataMfi::getAtlpathDriveId Entering
Tue Sep  8 01:36:31.240 2026 : PdDataMfi::getMrPdInfo Entering - getAUInfo:0 getAUInquiryBuffers:0
Tue Sep  8 01:36:31.240 2026 : PdDataMfi::altPath Exiting retCode:0 altPath:-
Tue Sep  8 01:36:31.240 2026 : PdDataMfi::getAllLunInfo Entering
Tue Sep  8 01:36:31.240 2026 : CtrlDataManager getInstance Entering

Tue Sep  8 01:36:31.240 2026 : PdDataMfi::getMrPdInfo Entering - getAUInfo:1 getAUInquiryBuffers:0
Tue Sep  8 01:36:31.240 2026 : CtrlDataManager getSupportedSizeBaseUnits Entering
Tue Sep  8 01:36:31.240 2026 : CtrlDataManager getMrCtrlInfo - Entering

Tue Sep  8 01:36:31.240 2026 : CtrlDataManager getMrCtrlInfo - Returning persisted Static and Dynamic controller info

Tue Sep  8 01:36:31.240 2026 : CtrlDataManager getSupportedSizeBaseUnits Exiting - retCode :0 *baseUnits:0
Tue Sep  8 01:36:31.240 2026 : PdDataMfi::getMrPdInfo Entering - getAUInfo:0 getAUInquiryBuffers:0
Tue Sep  8 01:36:31.240 2026 : PdDataMfi::getLUNStatus Entering - lunStatus:3
Tue Sep  8 01:36:31.240 2026 : PdDataMfi::getLUNStatus Exiting - LUN Status:Good
Tue Sep  8 01:36:31.241 2026 : DriveDataManager::readBasicEnclInfo Entering
Tue Sep  8 01:36:31.241 2026 : DriveDataManager::getAllEnclosureList - Entering
Tue Sep  8 01:36:31.241 2026 : DriveDataManager::GetEnclosureInfo Entering
Tue Sep  8 01:36:31.241 2026 : DriveDataManager::getEnclNumDrives - Entering - EnclPersistentId:344 Enclosure SlotMap Count:12
Tue Sep  8 01:36:31.241 2026 : DriveDataManager::getEnclNumDrives - Exiting - EnclPID:344 Drive Count:4
Tue Sep  8 01:36:31.241 2026 : DriveDataManager::getAllEnclosureList - PD Count for enclId:344 is:4 sesPersistentID=343 subtype=1 state=1 isFault=0
Tue Sep  8 01:36:31.241 2026 : DriveDataManager::getEnclNumDrives - Entering - EnclPersistentId:356 Enclosure SlotMap Count:12
Tue Sep  8 01:36:31.241 2026 : DriveDataManager::getEnclNumDrives - Exiting - EnclPID:356 Drive Count:8
Tue Sep  8 01:36:31.241 2026 : DriveDataManager::getAllEnclosureList - PD Count for enclId:356 is:8 sesPersistentID=355 subtype=1 state=1 isFault=0
Tue Sep  8 01:36:31.241 2026 : DriveDataManager::getAllEnclosureList - Exiting
Tue Sep  8 01:36:31.241 2026 : DriveDataManager::checkEnclPartnerPersistentIdTable Entering enclPid:344
Tue Sep  8 01:36:31.241 2026 : DriveDataManager::isEnclosureInMultipath - Entering - enclPID:344
Tue Sep  8 01:36:31.241 2026 : DriveDataManager::GetEnclosureInfo Entering
Tue Sep  8 01:36:31.241 2026 : DriveDataManager::isEnclosureInMultipath - enclPartnerListCount:2
Tue Sep  8 01:36:31.241 2026 : DriveDataManager::isEnclosureInMultipath - enclPartnerCount:1
Tue Sep  8 01:36:31.241 2026 : DriveDataManager::isEnclosureInMultipath - enclPartnerId:344
Tue Sep  8 01:36:31.241 2026 : DriveDataManager::isEnclosureInMultipath - enclPartnerCount:1
Tue Sep  8 01:36:31.241 2026 : DriveDataManager::isEnclosureInMultipath - enclPartnerId:356
Tue Sep  8 01:36:31.241 2026 : DriveDataManager::isEnclosureInMultipath - Exiting - isMultipath:0
Tue Sep  8 01:36:31.241 2026 : DriveDataManager::checkEnclPartnerPersistentIdTable Exiting retCode:0 isDisplayable=1
Tue Sep  8 01:36:31.241 2026 : DriveDataManager::getEnclArrData - Entering
Tue Sep  8 01:36:31.241 2026 : ConfigDataManager getInstance Entering

Tue Sep  8 01:36:31.241 2026 : DriveDataManager getInstance Entering

Tue Sep  8 01:36:31.241 2026 : DriveDataManager::isEnclosureInMultipath - Entering - enclPID:344
Tue Sep  8 01:36:31.241 2026 : DriveDataManager::GetEnclosureInfo Entering
Tue Sep  8 01:36:31.241 2026 : DriveDataManager::isEnclosureInMultipath - enclPartnerListCount:2
Tue Sep  8 01:36:31.241 2026 : DriveDataManager::isEnclosureInMultipath - enclPartnerCount:1
Tue Sep  8 01:36:31.241 2026 : DriveDataManager::isEnclosureInMultipath - enclPartnerId:344
Tue Sep  8 01:36:31.241 2026 : DriveDataManager::isEnclosureInMultipath - enclPartnerCount:1
Tue Sep  8 01:36:31.241 2026 : DriveDataManager::isEnclosureInMultipath - enclPartnerId:356
Tue Sep  8 01:36:31.241 2026 : DriveDataManager::isEnclosureInMultipath - Exiting - isMultipath:0
Tue Sep  8 01:36:31.241 2026 : CLI8 - ConfigDataManager::getPd - DeviceId - Entering DeviceId:344 esid=65535:65535
Tue Sep  8 01:36:31.241 2026 : ConfigDataManager::searchPd - DeviceId -Entering deviceId=344, enclId=65535
Tue Sep  8 01:36:31.241 2026 : ConfigDataManager getInstance Entering

Tue Sep  8 01:36:31.241 2026 : ConfigDataManager::searchPd - DeviceId - Exiting
Tue Sep  8 01:36:31.241 2026 : CLI8 - ConfigDataManager::createPd Entering

Tue Sep  8 01:36:31.241 2026 : CLI8 - ConfigDataManager::createPd Exiting - returning pd pointer

Tue Sep  8 01:36:31.241 2026 : CLI8 - ConfigDataManager::getPd Exiting

Tue Sep  8 01:36:31.241 2026 : DriveDataManager::getEnclInquiryData Entering
Tue Sep  8 01:36:31.241 2026 : StoreLIBFacade::issueSCSIPassthru Entering
Tue Sep  8 01:36:31.241 2026 : CLI8 : StoreLIBFacade::issueStorelibCmd Entering ctrlId=0

Tue Sep  8 01:36:31.241 2026 : CLI8 : StoreLIBFacade::fireStorelibCommand Entering

Tue Sep  8 01:36:31.241 2026 : CLI8 : StoreLIBFacade::fireStorelibCommand Exiting with retCode:0x0

Tue Sep  8 01:36:31.241 2026 : ResponseHandler::checkSl8Response ENTER
Tue Sep  8 01:36:31.241 2026 : ResponseHandler::clearSl8ResponseData Enter
Tue Sep  8 01:36:31.241 2026 : clear resp data
Tue Sep  8 01:36:31.241 2026 : ResponseHandler::clearSl8ResponseData Exit
Tue Sep  8 01:36:31.241 2026 : ResponseParser::CreateInstance Enter
Tue Sep  8 01:36:31.241 2026 : ResponseParser::CreateInstance Exit
Tue Sep  8 01:36:31.241 2026 : FirmwareFailuresParser::GetErrorStrings Enter SLExtStat=0
Tue Sep  8 01:36:31.241 2026 : FirmwareFailuresParser::IgnoreStatusParser Enter
Tue Sep  8 01:36:31.241 2026 : FirmwareFailuresParser::IgnoreStatusParser Exit
Tue Sep  8 01:36:31.241 2026 : FirmwareFailuresParser::GetErrorStrings Exit
Tue Sep  8 01:36:31.241 2026 : ResponseHandler::checkSl8Response .message string Ignore extended status
Tue Sep  8 01:36:31.241 2026 : ResponseHandler::checkSl8Response EXIT with return code 0x0
Tue Sep  8 01:36:31.241 2026 : ResponseHandler::handleMR8BufferStatus Entering
Tue Sep  8 01:36:31.241 2026 : ResponseHandler::handleMR8BufferStatus dataBufElements:2 cmdType:2 cmd:512
Tue Sep  8 01:36:31.241 2026 : ResponseHandler::handleMR8BufferStatus Exiting
Tue Sep  8 01:36:31.241 2026 : CLI8 : StoreLIBFacade::issueStorelibCmd Exiting with retCode:0 cmdExtStatus =0

Tue Sep  8 01:36:31.241 2026 : ShowEncInfoCp::getEnclArrData - Exiting
Tue Sep  8 01:36:31.241 2026 : DriveDataManager::checkEnclPartnerPersistentIdTable Entering enclPid:356
Tue Sep  8 01:36:31.241 2026 : DriveDataManager::isEnclosureInMultipath - Entering - enclPID:356
Tue Sep  8 01:36:31.241 2026 : DriveDataManager::GetEnclosureInfo Entering
Tue Sep  8 01:36:31.241 2026 : DriveDataManager::isEnclosureInMultipath - enclPartnerListCount:2
Tue Sep  8 01:36:31.241 2026 : DriveDataManager::isEnclosureInMultipath - enclPartnerCount:1
Tue Sep  8 01:36:31.241 2026 : DriveDataManager::isEnclosureInMultipath - enclPartnerId:344
Tue Sep  8 01:36:31.241 2026 : DriveDataManager::isEnclosureInMultipath - enclPartnerCount:1
Tue Sep  8 01:36:31.241 2026 : DriveDataManager::isEnclosureInMultipath - enclPartnerId:356
Tue Sep  8 01:36:31.241 2026 : DriveDataManager::isEnclosureInMultipath - Exiting - isMultipath:0
Tue Sep  8 01:36:31.241 2026 : DriveDataManager::checkEnclPartnerPersistentIdTable Exiting retCode:0 isDisplayable=1
Tue Sep  8 01:36:31.241 2026 : DriveDataManager::getEnclArrData - Entering
Tue Sep  8 01:36:31.241 2026 : ConfigDataManager getInstance Entering

Tue Sep  8 01:36:31.241 2026 : DriveDataManager getInstance Entering

Tue Sep  8 01:36:31.241 2026 : DriveDataManager::isEnclosureInMultipath - Entering - enclPID:356
Tue Sep  8 01:36:31.241 2026 : DriveDataManager::GetEnclosureInfo Entering
Tue Sep  8 01:36:31.241 2026 : DriveDataManager::isEnclosureInMultipath - enclPartnerListCount:2
Tue Sep  8 01:36:31.241 2026 : DriveDataManager::isEnclosureInMultipath - enclPartnerCount:1
Tue Sep  8 01:36:31.241 2026 : DriveDataManager::isEnclosureInMultipath - enclPartnerId:344
Tue Sep  8 01:36:31.241 2026 : DriveDataManager::isEnclosureInMultipath - enclPartnerCount:1
Tue Sep  8 01:36:31.241 2026 : DriveDataManager::isEnclosureInMultipath - enclPartnerId:356
Tue Sep  8 01:36:31.241 2026 : DriveDataManager::isEnclosureInMultipath - Exiting - isMultipath:0
Tue Sep  8 01:36:31.241 2026 : CLI8 - ConfigDataManager::getPd - DeviceId - Entering DeviceId:356 esid=65535:65535
Tue Sep  8 01:36:31.241 2026 : ConfigDataManager::searchPd - DeviceId -Entering deviceId=356, enclId=65535
Tue Sep  8 01:36:31.241 2026 : ConfigDataManager getInstance Entering

Tue Sep  8 01:36:31.241 2026 : ConfigDataManager::searchPd - DeviceId - Exiting
Tue Sep  8 01:36:31.241 2026 : CLI8 - ConfigDataManager::createPd Entering

Tue Sep  8 01:36:31.241 2026 : CLI8 - ConfigDataManager::createPd Exiting - returning pd pointer

Tue Sep  8 01:36:31.241 2026 : CLI8 - ConfigDataManager::getPd Exiting

Tue Sep  8 01:36:31.241 2026 : DriveDataManager::getEnclInquiryData Entering
Tue Sep  8 01:36:31.241 2026 : StoreLIBFacade::issueSCSIPassthru Entering
Tue Sep  8 01:36:31.241 2026 : CLI8 : StoreLIBFacade::issueStorelibCmd Entering ctrlId=0

Tue Sep  8 01:36:31.241 2026 : CLI8 : StoreLIBFacade::fireStorelibCommand Entering

Tue Sep  8 01:36:31.241 2026 : CLI8 : StoreLIBFacade::fireStorelibCommand Exiting with retCode:0x0

Tue Sep  8 01:36:31.241 2026 : ResponseHandler::checkSl8Response ENTER
Tue Sep  8 01:36:31.241 2026 : ResponseHandler::clearSl8ResponseData Enter
Tue Sep  8 01:36:31.241 2026 : clear resp data
Tue Sep  8 01:36:31.241 2026 : ResponseHandler::clearSl8ResponseData Exit
Tue Sep  8 01:36:31.241 2026 : ResponseParser::CreateInstance Enter
Tue Sep  8 01:36:31.241 2026 : ResponseParser::CreateInstance Exit
Tue Sep  8 01:36:31.241 2026 : FirmwareFailuresParser::GetErrorStrings Enter SLExtStat=0
Tue Sep  8 01:36:31.241 2026 : FirmwareFailuresParser::IgnoreStatusParser Enter
Tue Sep  8 01:36:31.241 2026 : FirmwareFailuresParser::IgnoreStatusParser Exit
Tue Sep  8 01:36:31.241 2026 : FirmwareFailuresParser::GetErrorStrings Exit
Tue Sep  8 01:36:31.241 2026 : ResponseHandler::checkSl8Response .message string Ignore extended status
Tue Sep  8 01:36:31.241 2026 : ResponseHandler::checkSl8Response EXIT with return code 0x0
Tue Sep  8 01:36:31.241 2026 : ResponseHandler::handleMR8BufferStatus Entering
Tue Sep  8 01:36:31.241 2026 : ResponseHandler::handleMR8BufferStatus dataBufElements:2 cmdType:2 cmd:512
Tue Sep  8 01:36:31.241 2026 : ResponseHandler::handleMR8BufferStatus Exiting
Tue Sep  8 01:36:31.241 2026 : CLI8 : StoreLIBFacade::issueStorelibCmd Exiting with retCode:0 cmdExtStatus =0

Tue Sep  8 01:36:31.242 2026 : ShowEncInfoCp::getEnclArrData - Exiting
Tue Sep  8 01:36:31.242 2026 : DriveDataManager::getEnclosureCount - Entering
Tue Sep  8 01:36:31.242 2026 : DriveDataManager::GetEnclosureInfo Entering
Tue Sep  8 01:36:31.242 2026 : DriveDataManager::getEnclosureCount - enclInfoCount:2
Tue Sep  8 01:36:31.242 2026 : DriveDataManager::getEnclosureCount - enclType:1 enclSesPersistenId:343
Tue Sep  8 01:36:31.242 2026 : DriveDataManager::getEnclosureCount - enclType:1 enclSesPersistenId:355
Tue Sep  8 01:36:31.242 2026 : DriveDataManager::getEnclosureCount - Exiting - retCode:0 EnclosureCount:2
Tue Sep  8 01:36:31.242 2026 : DriveDataManager::readBasicEnclInfo  Exiting - retCode:0
Tue Sep  8 01:36:31.242 2026 : CtrlDataManager::isEnergyPackPresent Entering
Tue Sep  8 01:36:31.242 2026 : CtrlDataManager getMrCtrlInfo - Entering

Tue Sep  8 01:36:31.242 2026 : CtrlDataManager getMrCtrlInfo - Returning persisted Static and Dynamic controller info

Tue Sep  8 01:36:31.242 2026 : CtrlDataManager::isEnergyPackPresent Exiting retCode:0
Tue Sep  8 01:36:31.242 2026 : CLIHelper::handleOutput Entering
Tue Sep  8 01:36:31.242 2026 : CLIHelper::handleOutput retCode:0 opStat:
Tue Sep  8 01:36:31.242 2026 : CLIHelper::handleOutput errorHandled:0
Tue Sep  8 01:36:31.242 2026 : CtrlDataManager getInstance Entering

Tue Sep  8 01:36:31.242 2026 : CtrlDataManager::getUpdatedSafeModeStatus Entering
Tue Sep  8 01:36:31.242 2026 : CtrlDataManager getMrCtrlInfo - Entering

Tue Sep  8 01:36:31.242 2026 : StoreLIBFacade::getControllerInfo Entering ctrlId=0

Tue Sep  8 01:36:31.242 2026 : StoreLIBFacade::getControllerInfo DCMD OpCode: 0x1010000
Tue Sep  8 01:36:31.242 2026 : CLI8 : StoreLIBFacade::issueStorelibCmd Entering ctrlId=0

Tue Sep  8 01:36:31.242 2026 : CLI8 : StoreLIBFacade::fireStorelibCommand Entering

Tue Sep  8 01:36:31.243 2026 : CLI8 : StoreLIBFacade::fireStorelibCommand Exiting with retCode:0x0

Tue Sep  8 01:36:31.243 2026 : ResponseHandler::checkSl8Response ENTER
Tue Sep  8 01:36:31.243 2026 : ResponseHandler::clearSl8ResponseData Enter
Tue Sep  8 01:36:31.243 2026 : clear resp data
Tue Sep  8 01:36:31.243 2026 : ResponseHandler::clearSl8ResponseData Exit
Tue Sep  8 01:36:31.243 2026 : ResponseParser::CreateInstance Enter
Tue Sep  8 01:36:31.243 2026 : ResponseParser::CreateInstance Exit
Tue Sep  8 01:36:31.243 2026 : FirmwareFailuresParser::GetErrorStrings Enter SLExtStat=0
Tue Sep  8 01:36:31.243 2026 : FirmwareFailuresParser::IgnoreStatusParser Enter
Tue Sep  8 01:36:31.243 2026 : FirmwareFailuresParser::IgnoreStatusParser Exit
Tue Sep  8 01:36:31.243 2026 : FirmwareFailuresParser::GetErrorStrings Exit
Tue Sep  8 01:36:31.243 2026 : ResponseHandler::checkSl8Response .message string Ignore extended status
Tue Sep  8 01:36:31.243 2026 : ResponseHandler::checkSl8Response EXIT with return code 0x0
Tue Sep  8 01:36:31.243 2026 : ResponseHandler::handleMR8BufferStatus Entering
Tue Sep  8 01:36:31.243 2026 : ResponseHandler::handleMR8BufferStatus dataBufElements:10 cmdType:2 cmd:514
Tue Sep  8 01:36:31.243 2026 : ResponseHandler::handleMR8BufferStatus dataBufElements:10 opCode:0x1010000
Tue Sep  8 01:36:31.243 2026 : ResponseHandler::handleMR8BufferStatus buffer:2 bufStatus:7
Tue Sep  8 01:36:31.243 2026 : ResponseHandler::handleMR8BufferStatus buffer:3 bufStatus:7
Tue Sep  8 01:36:31.243 2026 : ResponseHandler::handleMR8BufferStatus buffer:4 bufStatus:7
Tue Sep  8 01:36:31.243 2026 : ResponseHandler::handleMR8BufferStatus buffer:5 bufStatus:2
Tue Sep  8 01:36:31.243 2026 : ResponseHandler::handleMR8BufferStatus memsettig buffer:5 bufLength:48
Tue Sep  8 01:36:31.243 2026 : ResponseHandler::handleMR8BufferStatus buffer:6 bufStatus:7
Tue Sep  8 01:36:31.243 2026 : ResponseHandler::handleMR8BufferStatus buffer:7 bufStatus:7
Tue Sep  8 01:36:31.243 2026 : ResponseHandler::handleMR8BufferStatus buffer:8 bufStatus:7
Tue Sep  8 01:36:31.243 2026 : ResponseHandler::handleMR8BufferStatus buffer:9 bufStatus:7
Tue Sep  8 01:36:31.243 2026 : ResponseHandler::handleMR8BufferStatus Exiting
Tue Sep  8 01:36:31.243 2026 : CLI8 : StoreLIBFacade::issueStorelibCmd Exiting with retCode:0 cmdExtStatus =0

Tue Sep  8 01:36:31.243 2026 : StoreLIBFacade::getControllerInfo Exiting retCode:0x0
Tue Sep  8 01:36:31.243 2026 : CtrlDataManager getMrCtrlInfo - Exiting with retCode:0

Tue Sep  8 01:36:31.243 2026 : CtrlDataManager::getUpdatedSafeModeStatus Exiting retCode:0 safeMode:0 
Tue Sep  8 01:36:31.243 2026 : CLIHelper::handleOutput adapterStatus:0 errorCase:0 inSafeMode:0 compatibilityWarning:0
Tue Sep  8 01:36:31.247 2026 : TriModeControllerExplorer::linkLibrary - cleanUp
Tue Sep  8 01:36:31.247 2026 : TriModeControllerExplorer::linkLibrary - Issuing SL8_EXIT_LIB call...
Tue Sep  8 01:36:31.248 2026 : TriModeControllerExplorer::linkLibrary - SL8_EXIT_LIB call returned:0
Tue Sep  8 01:36:31.248 2026 : CtMain::main command completed with retcode=0

